answer,question,funFact
336,How many dimples are on a regulation golf ball?,"The count can range from 300–500, but 336 is the most common for American golf balls."
78%,What percentage of the Earth's atmosphere is nitrogen?,"The remaining 21% is oxygen, with just 1% argon and trace amounts of everything else."
206,How many bones are in the adult human body?,Babies are born with roughly 270–300 bones — many fuse together as they grow.
1858,In what year was the first transatlantic telegraph cable successfully laid?,The first cable failed after just 3 weeks. A permanent cable wasn't achieved until 1866.
1500,Approximately how many active volcanoes are on Earth?,"About 40–50 erupt each year, and most sit along the Pacific Ring of Fire."
86 billion,How many neurons are in the human brain?,That's roughly the same number of stars in the Milky Way galaxy.
98.8%,What percentage of human DNA is identical to that of chimpanzees?,The 1.2% difference accounts for all the anatomical and cognitive distinctions between us.
"60,000 miles [96,561 km]",How many miles of blood vessels are in the human body?,"Stretched end to end, they would circle the Earth about 2.5 times."
88,How many keys are on a standard piano keyboard?,"The 88-key layout wasn't standardized until 1880, when Steinway & Sons set the convention."
9,How many countries share a land border with Germany?,"They are Denmark, Poland, Czech Republic, Austria, Switzerland, France, Luxembourg, Belgium, and the Netherlands."
3%,What percentage of the Earth's total water supply is freshwater?,"Of that 3%, about two-thirds is locked in glaciers and ice caps — leaving less than 1% accessible."
5555,What is the boiling point of tungsten in degrees Celsius?,Tungsten has the highest boiling point of any element and is used in incandescent light bulb filaments.
1897,In what year was aspirin first synthesized by Felix Hoffmann?,Aspirin's active ingredient originally came from willow bark — used by ancient Egyptians for pain relief thousands of years earlier.
100000,Approximately how many times does the human heart beat per day?,"Over a 70-year lifetime, that adds up to roughly 2.5 billion heartbeats."
54,How many countries are in Africa?,"Africa has more countries than any other continent, and Nigeria is its most populous nation."
"4,345 miles [6,993 km]",How many miles long is the Amazon River approximately?,The Amazon discharges about 20% of all the fresh water that flows into the world's oceans.
116,How many years did the Hundred Years' War actually last?,"It ran from 1337 to 1453 — a series of conflicts between England and France, not one continuous war."
1607,In what year was Jamestown the first permanent English settlement in America founded?,Only about 60 of the original 500 settlers survived the first winter.
78,How many chromosomes does a dog have?,Humans have 46. Dogs have more because their genome underwent additional chromosomal fissions during evolution.
7641,How many islands does the Philippines officially have?,"Only about 2,000 of those islands are inhabited."
193,How many member states are in the United Nations?,There are 195 recognized countries in the world — Vatican City and Palestine are the two non-members.
50 million,How many people are estimated to have died from the 1918 Spanish flu pandemic?,"It killed more people than World War I, which lasted four years compared to the flu's two-year span."
"29,032 feet [8,849 m]",How many feet above sea level is the summit of Mount Everest per the 2020 survey?,The 2020 survey added 86 cm to the previous official height using improved GPS measurement techniques.
17,How many NBA championships has the Boston Celtics franchise won as of 2024?,That makes them the most successful franchise in NBA history.
53,How many feature films did Alfred Hitchcock direct in his career?,"He made a cameo appearance in 39 of those films, usually near the beginning."
1215,In what year was the Magna Carta signed?,"Pope Innocent III annulled it just 10 weeks after it was signed, calling it shameful and demeaning."
228132,How many words are listed in the full Oxford English Dictionary?,The full OED spans 20 volumes — reading it cover to cover would take a single person about 120 years.
"767 mph [1,235 km/h]",What is the speed of sound at sea level in miles per hour?,"At 35,000 feet the air is colder and thinner, dropping the speed of sound to about 660 mph."
71%,What percentage of Earth's surface is covered by water?,"Despite covering 71% of the surface, the oceans hold 97% of all Earth's water — nearly all of it saltwater."
118,How many elements are currently recognized on the periodic table?,"Element 118, Oganesson, was first synthesized in 2002 and exists for less than a millisecond before decaying."
163,How many floors does the Burj Khalifa have?,"It's so tall that you can watch the sunset at ground level, then take an elevator up and watch it set again."
20,How many watts of electricity does the resting human brain consume?,The brain uses about 20% of your body's total energy despite making up only 2% of your body weight.
4000,How many muscles does a caterpillar have?,"Humans have about 600 muscles. A caterpillar fits 4,000 into a body smaller than your finger."
"13,171 miles [21,197 km]",How many miles long is the Great Wall of China including all sections?,"Contrary to popular myth, the Wall is not visible from space with the naked eye — it's too narrow."
3500,How many calories are contained in one pound of body fat?,"Running a full marathon burns roughly 2,600 calories — you'd need to run about 1.3 marathons to lose one pound."
80%,What percentage of all gold ever mined from the Earth has already been extracted?,"About 190,000 tonnes of gold have been mined in all of history — enough to fill roughly 3.5 Olympic swimming pools."
60%,What percentage of the world's population lives in Asia?,"Two of the world's three most populous countries are in Asia: China and India, each with over 1.4 billion people."
420 lbs [191 kg],How many pounds does an adult male lion weigh on average?,"Despite their size, lions sleep up to 20 hours a day — more than almost any other animal."
33,How many vertebrae does an adult human spine have?,"That includes 7 cervical, 12 thoracic, 5 lumbar, 5 fused sacral, and 4 fused coccygeal vertebrae."
400000,Approximately how many known species of beetles exist on Earth?,Beetles account for roughly 25% of all known animal species on Earth.
95,How many confirmed moons does Jupiter have as of 2023?,"Jupiter's four largest moons — Io, Europa, Ganymede, and Callisto — were discovered by Galileo in 1610."
28.4°F [-2°C],At what temperature in degrees Fahrenheit does seawater freeze?,"Salt disrupts ice crystal formation, which is why oceans freeze at a lower temperature than freshwater."
7168,Approximately how many languages are spoken on Earth today?,"About half are spoken by fewer than 10,000 people, and many are critically endangered."
1971,In what year was the first email sent?,"Ray Tomlinson, who sent it, also introduced the @ symbol to separate the user name from the host address."
1929,In what year did the Black Tuesday stock market crash begin the Great Depression?,"By 1933, unemployment in the US had reached 25% — one in four workers had no job."
3,How many hearts does a common octopus have?,Two hearts pump blood to the gills; the third pumps it to the rest of the body. Their blood is blue due to copper-based hemocyanin.
99%,What percentage of all species that have ever lived on Earth are now extinct?,"Life has existed for about 3.8 billion years, and an estimated 5 billion species have come and gone."
"238,855 miles [384,400 km]",How many miles is the average distance from Earth to the Moon?,The Moon is slowly moving away from Earth at about 1.5 inches (3.8 cm) per year.
"2,786°F [1,530°C]",At what temperature in degrees Fahrenheit does iron melt?,"Iron's boiling point is 5,182°F — nearly twice its melting point."
12,How many Earth years does it take Saturn to complete one orbit around the Sun?,"Saturn's iconic rings are only about 10 meters thick on average, despite stretching 282,000 km in diameter."
1687,In what year did Isaac Newton publish his Principia Mathematica?,Newton reportedly conceived his theory of gravity in 1666 after observing a falling apple — though the story may be embellished.
1.3 million,Approximately how many Earths could fit inside the Sun?,The Sun makes up 99.86% of all the mass in our entire solar system.
8,How many years did it take to construct the Roman Colosseum?,"The Colosseum held 50,000–80,000 spectators and hosted gladiatorial contests for over 400 years."
150 million,How many hot dogs are consumed in the United States on July 4th each year?,Americans eat about 7 billion hot dogs total between Memorial Day and Labor Day each summer.
1440,In what year did Johannes Gutenberg introduce his movable-type printing press?,"Before his press, a single Bible took a monk years to copy by hand. Gutenberg reduced that to weeks."
1 million,What was the estimated peak population of ancient Rome?,That population level wasn't matched by another European city until London reached it in the 19th century.
"140,000 miles [225,308 km]",Approximately how many miles of railroad track exist in the United States?,That's enough to circle the Earth about 5.6 times and makes the US network the largest in the world.
4.5 billion,How many years old is the Earth approximately?,Earth formed from a swirling cloud of gas and dust about 4.5 billion years ago — roughly 9 billion years after the Big Bang.
2400,How many years ago was the city of Carthage founded approximately?,"Carthage was founded around 814 BCE by Phoenician settlers from Tyre, in what is now Lebanon."
37.2 trillion,How many cells are in the adult human body approximately?,"If all your cells were laid end to end, they would stretch about 620 miles."
1916,In what year was the first successful blood transfusion performed using stored blood?,"It was performed by Francis Rous and J.R. Turner during World War I, revolutionizing battlefield medicine."
27,How many amendments are in the United States Constitution?,"The 27th Amendment, ratified in 1992, was originally proposed in 1789 — a gap of 202 years."
"186,000 miles/s [299,792 km/s]",How many miles per second does light travel in a vacuum?,"Even at that speed, light from the Sun still takes about 8 minutes to reach Earth."
350 million,How many Christmas trees are currently growing on Christmas tree farms in the United States?,About 25 to 30 million real Christmas trees are sold in the US every year.
22 million,How many turkeys are cooked each Christmas?,
221 feet [67 m],How tall is the tallest Christmas tree ever recorded?,"The record was set in 1950 in Seattle — a Douglas fir over 221 feet tall, per the Guinness Book of World Records."
90%,What percentage of Americans celebrate Christmas each year?,"According to Pew Research Center, nine-in-ten Americans say they celebrate Christmas."
336 AD,In what year was the first Christmas celebration held?,"It was held in Rome on December 25th, 336 AD — making it over 1,600 years ago."
1670,In what year was the first candy cane invented?,A choirmaster in Cologne asked a candy maker to add a crook to sugar sticks so children would remember the shepherds who visited the infant Jesus.
364,How many gifts in total are given in the Twelve Days of Christmas song?,Each day's gifts are cumulative — adding up 1+3+6+10+15+21+28+36+40+45+55+66 gets you to 364.
733,How many different versions of Silent Night have been copyrighted since 1978?,It's the most-recorded Christmas song in history.
14700,How many people visit hospital emergency rooms each year for holiday decorating accidents?,According to the Consumer Product Safety Commission.
$967.13,How much does the average American spend on Christmas-related expenses each year?,According to the National Retail Federation's most recent data.
2007,In what year was the bald eagle officially removed from the U.S. endangered species list?,"By 1963 there were only 417 nesting pairs left in the contiguous U.S. Today there are over 300,000."
47,How many teeth does a standard mosquito have?,They aren't teeth like ours — they are sharp serrations on the proboscis used to saw through skin.
75 mph [121 km/h],What is the maximum recorded speed of a cheetah in miles per hour?,A cheetah can accelerate from 0 to 60 mph in just 3 seconds — faster than many sports cars.
645 days,How many days long is the gestation period of an African elephant?,Roughly 22 months — the longest gestation period of any land mammal on Earth.
2 million,On average how many flowers must a honeybee visit to produce one pound of honey?,"To collect enough nectar the bees will collectively fly about 55,000 miles."
400 lbs [181 kg],What is the average weight of an adult blue whale's heart in pounds?,It is roughly the size of a small bumper car and its heartbeat can be detected from 2 miles away.
4,How many compartments does a cow's stomach have?,"They are the rumen, reticulum, omasum, and abomasum, helping cows digest tough cellulose from grass."
43 feet [13 m],How long can a giant squid's tentacles grow in feet?,Giant squids also have the largest eyes in the animal kingdom — about the size of a frisbee.
5 minutes,How many minutes can a sea otter stay submerged on a single breath?,"While capable of 5 minutes, their typical dives only last about 1 to 2 minutes."
30000,How many lenses does a single dragonfly eye contain?,This incredible eye structure gives dragonflies nearly 360-degree vision.
177 years,What is the maximum recorded lifespan of a Galapagos tortoise in captivity?,"A famous tortoise named Harriet, said to have been collected by Charles Darwin, lived to roughly 175 years old."
50,How many bones make up a turtle's shell?,A turtle's shell is part of its skeleton — its ribcage and spine fused together.
70%,What percentage of a flamingo's body length is made up of its neck and legs combined?,Their long legs allow them to wade into much deeper water than most other birds to find food.
90 lbs [41 kg],How many pounds of food can an adult male lion eat in a single sitting?,After a meal that size a lion may sleep for up to 24 hours to digest it.
1400,How many species of bats exist in the world?,Bats make up roughly 20% of all classified mammal species on Earth.
0.03 mph [0.05 km/h],How many miles per hour can a garden snail travel at peak speed?,It would take a snail roughly 33 hours of continuous crawling to travel a single mile.
101.5°F [38.6°C],What is the average body temperature of a healthy domestic dog in degrees Fahrenheit?,"Because their baseline is higher than the human average of 98.6°F, dogs feel warm to the touch."
80,How many times per second does a hummingbird flap its wings during normal flight?,During courtship displays their wingbeats can spike up to 200 times per second.
40000,How many muscles are in a single elephant's trunk?,The human body has around 650 muscles total. An elephant's trunk is all muscle with no bones at all.
"220,000 miles [354,056 km]",What is the total length of Earth's coastline in miles?,Canada possesses the longest coastline of any country in the world.
15 days,How many consecutive days can a desert camel go without drinking water?,Camels can lose up to 30% of their body weight in water without dying.
66 million,How many millions of years ago did the non-avian dinosaurs go extinct?,The extinction was triggered by an asteroid roughly 6 to 9 miles in diameter striking what is now Mexico.
20%,What percentage of the world's oxygen is produced by the Amazon Rainforest?,Because of this output the Amazon is frequently called the Lungs of the Planet.
8,How many tentacles does a regular octopus have?,Biologists classify them as 6 arms and 2 legs — they use the back two to walk along the seafloor.
28 lbs [13 kg],How many pounds of bamboo does a giant panda eat in a single day?,Because bamboo is so low in nutrients pandas must spend up to 12 hours a day chewing it.
5 bpm,How many heartbeats per minute does a hibernating groundhog have?,During summer their active heart rate is closer to 80 bpm. Hibernation dramatically drops their metabolism.
"1,850 feet [564 m]",What is the maximum depth in feet that an Emperor Penguin can dive?,They can remain underwater for up to 20 minutes by shutting down non-essential organ functions.
13,How many spots does a classic convergent ladybug typically have?,Ladybug spots fade as they get older and warn predators that they taste terrible.
100,How many distinct sounds can a cat make?,By comparison domestic dogs can only make about 10 distinct vocalizations.
19 feet [6 m],How tall was the tallest recorded giraffe in history in feet?,Named George this giraffe arrived at Chester Zoo in 1959 from Kenya and barely fit in his enclosure.
200000,How many leaves are on a mature oak tree?,"A large oak can drop up to 700,000 acorns over its multi-century lifespan."
68 mph [109 km/h],What is the top swimming speed of a sailfish in miles per hour?,This makes the sailfish the absolute fastest swimming animal in the ocean.
95%,What percentage of a jellyfish's body is made entirely of water?,If a jellyfish washes up on a sunny beach it will almost completely evaporate within a few hours.
18,How many claws does a domestic cat have in total?,They have 5 claws on each front paw but only 4 on each back paw.
1.7 miles [3 km],How many miles away can a wolf smell its prey?,Under perfect weather conditions their sense of smell can stretch up to nearly 2 miles.
1681,In what year did the dodo bird go extinct?,The flightless bird was endemic to Mauritius and was wiped out within 100 years of humans arriving.
200 times,How many times its own height can a flea jump?,If a human had the same jumping ability they could leap over the Eiffel Tower.
0.001 lbs [0.45 g],How many pounds does a newborn kangaroo weigh?,At birth a baby kangaroo (joey) is only about the size of a single jellybean.
12,How many individual eyes does a caterpillar have?,They have 6 pairs of simple eyes called stemmata which can only distinguish light from dark.
"59,650 miles [95,997 km]",How many miles does an Arctic Tern travel on its annual migration?,This round trip from the Arctic to the Antarctic ensures the bird sees two summers every year.
2006,In what year was Pluto officially stripped of its status as a full planet?,It was reclassified as a dwarf planet because it hasn't cleared its neighboring region of other space debris.
867°F [464°C],What is the surface temperature of Venus in degrees Fahrenheit?,Venus is hotter than Mercury despite being farther from the Sun because of its thick greenhouse-effect atmosphere.
146,How many moons does Saturn have?,"Saturn holds the record for the most moons in our solar system, beating out Jupiter."
8 minutes,How many minutes does it take light from the Sun to reach Earth?,If the Sun went out right now we wouldn't know for over 8 minutes.
1969,In what year did Neil Armstrong walk on the Moon?,An estimated 650 million people watched the live television broadcast of the Moon landing worldwide.
300,What is the maximum possible score in a single game of ten-pin bowling?,Achieving a perfect 300 requires rolling 12 consecutive strikes in a row within a single game.
9500,How many active artificial satellites are currently orbiting Earth?,This number has skyrocketed due to commercial internet satellite constellations like Starlink.
687 days,How many days does it take Mars to complete one full orbit around the Sun?,A Martian year is almost double an Earth year because Mars orbits much farther from the Sun.
93 million miles [150 million km],How many miles from the Sun is Earth?,Astronomers designate this specific distance as exactly 1 Astronomical Unit or AU.
1986,In what year did the Chernobyl nuclear disaster occur?,"The exclusion zone surrounding the reactor spans roughly 1,000 square miles and remains largely uninhabitable."
100,How many lightning strikes hit Earth every single second?,That totals about 8.6 million lightning strikes hitting the planet every single day.
95%,What percentage of the universe is calculated to be made up of Dark Matter and Dark Energy?,Everything we can see and measure only accounts for the remaining 5% of reality.
16 times,How many times does the International Space Station orbit Earth in a single day?,The astronauts on board experience 16 sunrises and 16 sunsets every single day.
"5,173°F [2,856°C]",What is the boiling point of gold in degrees Fahrenheit?,"While gold melts at 1,948°F, turning it into vapor requires this extreme temperature."
1990,In what year was the Hubble Space Telescope launched into orbit?,A flawed mirror caused blurry images requiring a Space Shuttle repair mission in 1993 to fix it.
20,How many volcanic eruptions are actively occurring on Earth at any given moment?,While major eruptions grab headlines dozens of smaller fissures are continuously active under the oceans.
"25,020 mph [40,266 km/h]",What is the escape velocity needed to break free of Earth's gravity in miles per hour?,Rockets must reach roughly 7 miles per second to break out of orbit and travel into deep space.
374 miles [602 km],How many miles wide is Olympus Mons the largest volcano in our solar system?,It is so wide and flat that standing on its rim the base would curve completely past the Martian horizon.
1905,In what year did Albert Einstein publish his Special Theory of Relativity?,1905 is known as Einstein's Annus Mirabilis — he published four groundbreaking physics papers that year.
10 hours,How many hours does it take Jupiter to complete one full rotation on its axis?,Despite being the largest planet Jupiter has the shortest day of any planet in our solar system.
"35,876 feet [10,935 m]",How deep is the deepest known point in Earth's oceans — the Challenger Deep — in feet?,If you dropped Mount Everest into the Mariana Trench here its peak would still be covered by over a mile of water.
4.2 years,How many years does light from Proxima Centauri — the nearest star — take to reach Earth?,"Traveling there in the fastest spacecraft ever built by humans would still take roughly 73,000 years."
108 minutes,How many minutes long was Yuri Gagarin's historic first human spaceflight?,Gagarin orbited Earth exactly once before ejecting from his capsule and parachuting safely to the ground.
22 miles [35 km],What is the average thickness of Earth's continental crust in miles?,"Oceanic crust is much thinner, averaging only about 3 to 5 miles beneath the ocean floor."
3,How many known impact craters on Earth are larger than 100 miles wide?,"They are Vredefort in South Africa, Sudbury in Canada, and Chicxulub in Mexico — the dinosaur killer."
1989,In what year did Tim Berners-Lee invent the World Wide Web?,He wrote the initial proposal while working at CERN to help scientists share data more easily.
302 mph [486 km/h],What is the maximum wind speed ever recorded inside a tornado in miles per hour?,This was measured via radar during the Bridge Creek-Greenley tornado in Oklahoma in 1999.
44,How many individual bones make up the human skull at birth?,"As you grow these bony plates fuse together, leaving an adult skull with just 22 bones."
13.8 billion years,How old is our universe?,Scientists calculated this age by measuring the composition and expansion rate of the cosmic microwave background radiation.
22.6,How many times denser than water is Osmium — the densest natural element on Earth?,A standard bucket filled entirely with Osmium would weigh over 250 pounds.
1818,In what year was the first successful human blood transfusion performed?,British obstetrician James Blundell used a syringe to transfer blood from a husband to his hemorrhaging wife.
"1040 mph [1,674 km/h]",How fast is Earth spinning at its equator in miles per hour?,We don't feel this rotation because we and everything around us are moving along with it at a constant speed.
277 miles [446 km],How many miles long is the Grand Canyon along the river path?,At its widest the canyon spans 18 miles across and drops over a mile deep into the Earth.
-459.67°F [-273.2°C],What is Absolute Zero — the lowest temperature theoretically achievable — in degrees Fahrenheit?,At this temperature all molecular movement completely stops and no kinetic energy can exist.
70 million,How many copies has Michael Jackson's album Thriller sold worldwide?,It remains the best-selling studio album of all time.
1989,In what year did the first standalone episode of The Simpsons air?,The family originally appeared in short animated skits on The Tracey Ullman Show before getting their own series.
11,How many Oscars did the movie Titanic win at the 1998 Academy Awards?,It ties the all-time record for most Oscar wins with Ben-Hur and The Lord of the Rings: The Return of the King.
236,How many total episodes of the sitcom Friends were filmed?,By the final season each of the six main cast members was earning $1 million per episode.
1955,In what year did the original Disneyland park open in Anaheim California?,On opening day counterfeit tickets flooded the park causing massive overcrowding and food shortages.
108,How many cards are in a standard deck of UNO?,"The game was invented in 1971 by a barbershop owner named Merle Robbins in Reading, Ohio."
175 minutes,What is the total running time of The Godfather in minutes?,Paramount initially fought director Francis Ford Coppola to keep the film under two hours.
22,How many properties are available for purchase on a standard Monopoly board?,This count excludes the 4 railroads and 2 utility spaces — only the color-coded real estate.
1972,In what year was the first commercial home video game console the Magnavox Odyssey released?,It used plastic overlays that players physically stuck onto their TV screens to display game graphics.
225,How many total squares make up a standard Scrabble board?,"The board is a 15 by 15 grid, including all the premium double and triple scoring spaces."
1993,In what year was the hit song Macarena originally released?,"Though released in 1993 by Los del Río, the Bayside Boys remix didn't conquer global radio until 1995."
$15000,How much did the original Paranormal Activity movie cost to produce?,It grossed over $193 million worldwide on that tiny budget making it one of the most profitable films ever.
2006,In what year did Twitter first launch?,"The very first tweet was posted by co-founder Jack Dorsey on March 21, 2006: just setting up my twttr."
179,How many films did actor John Wayne appear in throughout his career?,Out of his massive filmography more than 140 were classic American Westerns.
45 feet [14 m],How tall is the Hollywood Sign in feet?,When built in 1923 the sign read HOLLYWOODLAND and served as an advertisement for a real estate development.
$500 million,How much did Netflix pay to acquire the streaming rights to Seinfeld?,The five-year deal kicked off in 2021 bringing all 180 episodes of the legendary sitcom to the platform.
1963,In what year did Marvel Comics publish its first issue of The Avengers?,"The original lineup by Stan Lee and Jack Kirby featured Thor, Iron Man, Ant-Man, the Wasp, and the Hulk."
60,How many stringed instruments are typically in a standard full symphony orchestra?,Strings make up well over half of the entire orchestra and provide the foundational acoustic body of the ensemble.
$200 million,What was the production budget of Pixar's Inside Out 2?,The investment paid off — the film grossed over $1.6 billion worldwide becoming the highest-earning animated film ever.
7,How many distinct characters did Eddie Murphy play in the 1996 comedy The Nutty Professor?,Murphy spent over 3 hours in the makeup chair daily to transform into various members of the Klump family.
1997,In what year was the first Harry Potter book published in the United Kingdom?,Only 500 copies were printed in the initial first run making original first editions highly valuable.
263 minutes,How many minutes long is the extended edition of The Lord of the Rings: The Return of the King?,"That's nearly 4.5 hours of film, adding 50 minutes of extra scenes not shown in theaters."
2005,In what year did YouTube officially launch?,"The first video ever uploaded was titled Me at the zoo, featuring co-founder Jawed Karim standing in front of elephants."
30,How many total clue boxes are on a standard Jeopardy! game board?,The grid contains 6 categories across each with 5 dollar-value clues stacking vertically.
1981,In what year did MTV make its official broadcasting debut?,The very first music video played was Video Killed the Radio Star by The Buggles.
24,How many studio albums did Elvis Presley release during his lifetime?,"This count only includes official studio releases, not his dozens of soundtrack albums and compilations."
7,How many spikes are on the crown of the Statue of Liberty?,The 7 spikes represent the 7 seas and the 7 continents of the world.
2001,In what year did the Apple iPod first hit shelves?,"The original had a mechanical scroll wheel and a 5 GB hard drive, advertised as 1,000 songs in your pocket."
22,How many Oscars did Walt Disney win personally during his career?,He holds the all-time record for most Academy Awards won by a single individual alongside 4 honorary Oscars.
60 feet [18 m],How long is a standard bowling lane from the foul line to the headpin in feet?,The lane is coated in a thin layer of protective oil in complex patterns to influence how the ball hooks.
2011,In what year did Minecraft receive its official full release?,Early versions were playable online as early as 2009 but the completed 1.0 version dropped in late 2011.
256,How many levels are in the original arcade version of Pac-Man before the game glitches?,Level 256 is impossible to beat — an 8-bit overflow error corrupts the right half of the screen into random symbols.
5960,What is the seating capacity of Radio City Music Hall's main hall?,When it opened in 1932 it was the largest indoor theater venue in the world.
2014,In what year did Taylor Swift release her album 1989?,Named after her birth year the album sold over 1.2 million copies in its very first week in the U.S.
20 hours,How many hours of raw footage was filmed to make The Blair Witch Project?,"The actors were left in the woods with cameras and given less information each day, then edited down to 81 minutes."
20,How many legal moves are available to white on the opening turn of a chess match?,This includes 16 pawn moves and 4 knight moves.
1912,In what year did the Titanic sink in the North Atlantic?,The ship was roughly 370 miles southeast of Newfoundland when disaster struck on its maiden voyage.
1989,In what year did the Berlin Wall fall leading to German reunification?,The wall stood for 28 years completely dividing the city of Berlin both physically and ideologically.
"1,250 feet [381 m]",How tall is the Empire State Building measured to its roof in feet?,"Including the antenna the building reaches a total height of 1,454 feet."
1492,In what year did Christopher Columbus first land in the Americas?,He originally made landfall in the Bahamas firmly believing he had sailed around the globe to the East Indies.
1192,How many islands make up the Maldives?,"Out of nearly 1,200 islands only about 200 are permanently inhabited with another 150 used as resorts."
3 days,How many days did the Battle of Gettysburg last?,"Fought July 1–3, 1863, it resulted in the largest number of casualties of any single battle in the Civil War."
"4,132 miles [6,650 km]",How many miles long is the Nile River?,The Nile holds the title of longest river in the world flowing through 11 African nations.
1776,In what year did the United States sign the Declaration of Independence?,While July 4 is celebrated as Independence Day most delegates didn't actually sign the document until August 2.
12,How many locks are built along the length of the Panama Canal?,These locks act as massive water elevators lifting ships 85 feet to match lake level before lowering them back down.
3,How many U.S. Presidents have been officially impeached by the House of Representatives?,"They are Andrew Johnson, Bill Clinton, and Donald Trump who was impeached twice. None were convicted by the Senate."
3 feet [0.9 m],What is the average elevation of the Netherlands in feet below sea level?,"Roughly one-third of the country sits below sea level, kept dry by a complex system of dikes and pumps."
79 AD,In what year was the ancient city of Pompeii buried by the eruption of Mount Vesuvius?,"The thick layer of volcanic ash perfectly preserved buildings, art, and even the positions of victims."
21 miles [34 km],How many miles wide is the narrowest point of the English Channel?,On clear days you can see the white chalk cliffs of Dover from the coast of France with the naked eye.
1,How many British monarchs have celebrated a Platinum Jubilee (70 years on the throne)?,"Queen Elizabeth II is the only British monarch in history to reach this milestone, celebrating it in 2022."
"965,000 sq miles [2,499,000 km²]",What is the total surface area of the Mediterranean Sea in square miles?,It connects to the Atlantic Ocean via the Strait of Gibraltar which is only 9 miles wide at its narrowest.
11,How many time zones does Russia span?,When a family on Russia's western side wakes up at 7 AM a family on the eastern side is sitting down to dinner.
3000,How many people were killed in the 1906 San Francisco Earthquake?,The vast majority of damage wasn't caused by the shaking itself but by uncontrollable fires that raged for days.
1789,In what year did the French Revolution begin with the storming of the Bastille?,At the time of the raid the notorious fortress prison held a grand total of just seven elderly prisoners.
1281,How many bridges span the historic canals of Amsterdam?,"This is more than triple the total number of bridges found in Venice, Italy."
38 minutes,How long did the shortest war in recorded history last?,The Anglo-Zanzibar War of 1896 broke out after the Sultan died and a replacement took power without British permission.
121 acres [49 ha],What is the total land area of Vatican City in acres?,It is completely landlocked by Rome and you can walk across the entire country in under 20 minutes.
1867,In what year did the United States purchase Alaska from the Russian Empire?,The U.S. paid $7.2 million — roughly 2 cents per acre for the massive land mass.
"2,448 miles [3,940 km]",How many miles long is Route 66?,Established in 1926 it ran from Chicago Illinois all the way to Santa Monica California.
887,How many stone statues (Moai) are scattered across Easter Island?,While most people picture only giant heads many of the statues have massive bodies buried underground.
"5,772 miles [9,289 km]",How many miles long is the Trans-Siberian Railway?,A non-stop journey from Moscow to Vladivostok along the full line takes roughly 7 full days of continuous travel.
1173,In what year did construction of the Leaning Tower of Pisa begin?,"Due to wars and economic halts construction took nearly 200 years to complete, finishing in 1372."
61,How many covered streets run through the Grand Bazaar in Istanbul?,"It is one of the largest and oldest covered markets in the world attracting over 250,000 visitors daily."
8000,How many terracotta warrior statues were buried near the tomb of the first Emperor of China?,"Discovered by farmers in 1974, every single clay warrior features completely unique facial features."
134°F [56.7°C],What is the maximum temperature ever recorded on Earth in degrees Fahrenheit?,"This blistering record was set on July 10, 1913 at Greenland Ranch in Death Valley California."
2560 BC,In approximately what year was the Great Pyramid of Giza completed?,"It stood as the tallest man-made structure in the world for over 3,800 years."
"2,300 miles [3,701 km]",How many miles from the coast of Chile is Easter Island?,It is one of the most remote inhabited islands in the world making its early Polynesian settlement remarkable.
"4,900 feet [1,494 m]",What is the average depth of the Mediterranean Sea in feet?,"Its deepest point is the Calypso Deep in the Ionian Sea plunging down to 17,280 feet."
1790,In what year was Washington D.C. established as the permanent capital of the United States?,The land was carved from Maryland and Virginia as a neutral federal territory specified by the Constitution.
1954,In what year did the first successful human organ transplant — a kidney — take place?,"The operation was performed by Dr. Joseph Murray in Boston between identical twins, eliminating rejection issues."
111 inches [281.9 cm],What is the recorded height of the tallest person in history Robert Wadlow in inches?,Wadlow stood 8 feet 11.1 inches tall due to an overactive pituitary gland that never stopped producing growth hormone.
100 mph [161 km/h],How fast can a human sneeze travel in miles per hour?,"A single sneeze can release up to 40,000 individual droplets into the surrounding air."
75%,What percentage of the human brain is made up of water?,"Even mild dehydration can immediately impact your focus, short-term memory, and processing speed."
1982,In what year was the first successful artificial heart — the Jarvik-7 — implanted into a human?,The recipient Barney Clark lived for 112 days after surgery while connected to a massive external air compressor.
10000,How many taste buds are on an average adult human tongue?,Taste buds are replaced roughly every two weeks but some stop regenerating entirely as you age.
4 minutes,How many minutes can the human brain survive without oxygen before permanent damage occurs?,After 4 to 6 minutes without oxygen brain cells begin to die rapidly making immediate CPR vital.
22 lbs [10 kg],How many pounds did the heaviest baby ever born to a healthy mother weigh?,Born in Italy in 1955 the baby boy weighed 22 lbs 8 oz and was perfectly healthy.
2022,In what year did the world's human population officially cross 8 billion?,It took all of human history until 1804 to hit 1 billion but only 11 years to jump from 7 to 8 billion.
6,How many muscles does it take to control a single human eye?,These extraocular muscles are the fastest and most active muscles in your entire body.
83,What is the world record for the most hot dogs eaten in 10 minutes set by Joey Chestnut?,Chestnut set this record in August 2024 during a televised head-to-head match against Takeru Kobayashi.
40 lbs [18 kg],How many pounds of skin does the average human shed over their entire lifetime?,Much of the common household dust that collects on furniture is actually dead human skin cells.
100000,How many individual hairs are on a standard human head?,"Blonds tend to have the highest count (~150,000) while redheads have the fewest (~90,000)."
264 hours,What is the longest a human has ever gone without sleeping in hours?,Set by 17-year-old Randy Gardner in 1964 for a high school science fair — 11 straight days awake.
50%,What percentage of human DNA is shared with a banana?,Many foundational genes required for basic cellular replication are identical across all living things.
2014,In what year did Alan Eustace set the record for the highest skydive?,"Eustace jumped from 135,890 feet and broke the sound barrier with his body during freefall."
8,How many distinct blood types exist in the standard human blood group system?,"The main types are A, B, AB, and O each multiplied by either a positive or negative Rh factor."
35 million,How many times does the average human heart beat in a single year?,Over an average 80-year lifetime a heart beats nearly 3 billion total times.
32 feet [10 m],What is the length of the longest fingernail ever grown on a single human hand?,Shridhar Chillal of India grew his left-hand nails for 66 straight years before having them removed in 2018.
2003,In what year did researchers finish mapping the entire human genome?,The international Human Genome Project took roughly 13 years of intensive computing power to complete.
32,How many teeth does a healthy adult human have including wisdom teeth?,Children start with only 20 primary baby teeth which fall out to make room for the larger adult set.
24 minutes,What is the world record for the longest time a human has held their breath underwater?,Budimir Šobat of Croatia hyperventilated on pure oxygen for 30 minutes before submerging.
2015,In what year was the world record for the longest continuous hug set?,Two men in the UK hugged for 40 hours and 43 minutes to raise money for a mental health charity.
200 lbs [91 kg],How many pounds of pressure can a human jaw exert when biting down with the molars?,The masseter muscle in your jaw is technically the strongest muscle in the body based on its weight-to-force ratio.
10 pints [4.7 liters],How many pints of blood are in a standard adult human body?,When you donate blood they typically draw exactly 1 pint — roughly 10% of your body's total supply.
122 years,What is the age of the oldest verified human being in history Jeanne Calment?,"Calment credited her longevity to a diet rich in olive oil, port wine, and chocolate."
1998,In what year did the first successful human hand transplant take place?,The surgery was performed in Lyon France on a man who had lost his lower right arm in a circular saw accident.
5000,How many steps does the average person walk per day?,"The famous 10,000 steps rule was originally created as a marketing campaign for a Japanese pedometer in 1965."
27.8 mph [45 km/h],What is the maximum speed a human has ever sprinted in miles per hour?,This peak speed was clocked by Usain Bolt during his record-breaking 100-meter dash in Berlin in 2009.
33%,What percentage of our lives do humans spend asleep on average?,If you live to be 75 you will have spent roughly 25 full years asleep.
1959,In what year did a pilot survive falling from 47,000 feet without a parachute?,Marine pilot William Rankin ejected into a violent thunderstorm cloud which kept him aloft for 40 minutes before he landed.
2 million,How many red blood cells does the human body destroy and replace every single second?,Your bone marrow works continuously to manufacture new red blood cells to keep up with this incredible loss.
"1,350 lbs [612 kg]",What is the world record for the most weight ever lifted in a bench press?,Jimmy Kolb set this record in early 2023 while wearing a reinforced powerlifting shirt.
15,How many times does an average human blink their eyes per minute?,"Blinking drops significantly when you focus intently on a screen, which often leads to dry eyes."
1983,In what year was the record for the longest continuous Monopoly game set?,"A group of students played a single game for 1,680 hours — exactly 70 full days."
20 feet [6 m],How long is the human small intestine if stretched out straight in feet?,Its massive internal surface area is specifically designed to maximize nutrient absorption from food.
1940,In what year did the first McDonald's restaurant officially open?,"It was opened by brothers Richard and Maurice McDonald in San Bernardino, California, originally serving barbecue before streamlining into burgers."
1.2 gallons [5 liters],How many gallons of milk does it take to make just one pound of standard hard cheese?,"Because cheese is concentrated fat and protein, most of the water weight in milk (the whey) is discarded during the cheese-making process."
320°F [160°C],"What is the standard temperature, in degrees Fahrenheit, at which sugar begins to caramelize?","At this temperature, sucrose breaks down into volatile compounds, creating the complex, nutty flavor and amber color of caramel."
800,"How many kernels are on an average, standard ear of corn?","An ear of corn almost always has an even number of rows, usually averaging about 16 rows per ear."
1886,In what year was Coca-Cola first invented by pharmacist John Pemberton?,"It was originally sold as a patent medicine for five cents a glass at Jacob's Pharmacy in Atlanta, Georgia."
"49,000,000",How many tiny bubbles are estimated to be inside a single standard 750ml bottle of Champagne?,Physicists estimate that a glass of champagne emits about tens of thousands of bubbles per minute before going flat.
11%,What percentage of an egg’s total weight is made up by its shell?,"The shell is made almost entirely of calcium carbonate, and its strength depends largely on the hen's calcium-rich diet."
8 thousand SHU,How many thousands of Scoville Heat Units (SHU) does a standard Jalapeño pepper max out at?,"By comparison, a Carolina Reaper—one of the hottest peppers in the world—can hit over 2 million Scoville Heat Units."
1938,In what year was the chocolate chip cookie invented by Ruth Wakefield at the Toll House Inn?,"She chopped up a Nestlé semi-sweet chocolate bar and added it to her dough, expecting it to melt completely. Nestlé bought the recipe from her for one dollar and a lifetime supply of chocolate."
110 lbs [50 kg],How many pounds of potatoes does the average American consume in a single year?,Roughly half of this consumption comes in frozen form—primarily as french fries.
173°F [78.3°C],What is the boiling point of pure ethanol (alcohol) in degrees Fahrenheit?,"Because alcohol boils at a lower temperature than water (212°F), liquid spirit can be separated from a water mix during distillation."
35 days,"How many days can an uncracked, commercially washed egg safely sit in a refrigerator past its pack date?","You can test an egg's freshness by putting it in water; fresh eggs sink to the bottom, while old eggs float due to expanding air cells."
1928,"In what year did the dynamic candy duo, Reese’s Peanut Butter Cups, debut on the market?","They were invented by H.B. Reese, a former dairy farm manager for Milton Hershey, who used Hershey's chocolate for the coating."
"7,500",How many distinct varieties of apples are grown throughout the world today?,"If you ate a different variety of apple every single day, it would take you more than 20 years to try them all."
10%,What percentage of a standard cup of brewed espresso is actually solid food particles rather than water?,"Regular drip coffee is only about 1% to 2% solids. Espresso is vastly more concentrated, which is why it has such a thick mouthfeel."
"15,032 lbs [6,818 kg]",How many pounds did the world’s largest recorded wedding cake weigh?,"Baked by chefs at the Mohegan Sun Hotel and Casino in Connecticut in 2004, it required over 10,000 pounds of cake batter and frosting."
1930,In what year was Twinkies snack cakes first introduced to store shelves?,"They were originally filled with banana cream, but a banana shortage during World War II forced the switch to vanilla cream."
100,How many individual coffee beans does it take to make a single standard double shot of espresso?,"This equates to roughly 14 to 18 grams of ground coffee, depending on the grind size and basket style."
55°F [12.8°C],"What is the ideal aging temperature, in degrees Fahrenheit, for a standard premium red wine cellar?","If a cellar gets too warm, the wine expands and forces air through the cork; if it's too cold, the aging process stalls entirely."
100 million pounds,How many millions of pounds of avocados are consumed in the U.S. on Super Bowl Sunday alone?,That is enough guacamole to cover an entire football field over 11 feet deep.
1937,In what year did SPAM canned meat hit the market?,"The name is a portmanteau of ""Spiced Ham,"" and over 100 million cans were shipped to soldiers during World War II."
200,How many individual seeds sit on the outer surface of an average strawberry?,"Strawberries aren't true berries; those ""seeds"" are actually individual fruit ovaries called achenes, each holding a tiny seed inside."
60%,What percentage of cheese composition is eliminated when it is converted to a powdered form (like in boxed mac and cheese)?,"The processing plant spins the cheese slurry into a hot dehydrating chamber, evaporating all water content to leave shelf-stable solids."
90 PSI [621 kPa],How many pounds of pressure per square inch (PSI) are locked inside a standard bottle of Champagne?,"This is roughly triple the air pressure found inside a standard car tire, which is why champagne corks fly out so violently."
1762,"In what year did the Earl of Sandwich famously ""invent"" the sandwich by requesting meat between two slices of bread?","He requested it so he could continue playing an intense, hours-long gambling card game without getting his fingers greasy."
70 lbs [32 kg],How many pounds of cocoa beans does it take to create 100 pounds of dark chocolate?,"Premium dark chocolate is characterized by this high percentage, whereas milk chocolate can contain as little as 10% cocoa solids."
16%,What is the maximum percentage of water allowed in regular commercial table butter?,The remaining 84% is composed of milk fat and trace milk solids. European butter typically lowers water content to 18% for flakier pastries.
7 thousand years ago,How many thousands of years ago did humans first begin brewing beer?,Chemical tests on ancient pottery jars from Iran show evidence of beer brewing dating all the way back to the Neolithic period.
1931,In what year did the Michelin Guide introduce its iconic three-star rating system for fine dining restaurants?,The guide was originally created by the Michelin tire company in 1900 to encourage motorists to drive more and wear out their tires.
20 oz [591 mL],"How many standard fluid ounces are in a traditional ""Pint"" glass in the United Kingdom?","A British Imperial pint is larger than an American pint, which only contains 16 fluid ounces."
50%,"What is the approximate percentage of air beaten into cheap, commercial supermarket ice cream?","This aeration process is called ""overrun."" High-end premium ice creams have much less air, making them far denser and heavier."
270 days,How many days does it take to harvest and cure genuine vanilla pods from a vine?,"Vanilla comes from a delicate orchid flower that opens for just a single morning, requiring workers to hand-pollinate every single bloom."
1971,In what year did Starbucks open its very first storefront in Seattle's Pike Place Market?,The original store didn't sell brewed coffee drinks like lattes; they exclusively sold premium roasted whole coffee beans and tea leaves.
2.6 lbs [1 kg],How many pounds of grapes does it take to make a single standard 750ml bottle of wine?,This works out to roughly 600 to 800 individual grapes pressed together into each bottle.
161°F [71.7°C],"What is the standard temperature, in degrees Fahrenheit, required to safely pasteurize milk using the flash method?","The milk is held at this exact heat for just 15 seconds before being rapidly cooled back down, preserving flavor while killing bacteria."
55,How many individual layers of flaky pastry dough are built into a classic French croissant?,"This is achieved by folding a block of butter inside dough three separate times, creating alternating micro-layers of dough and fat."
1945,In what year was the microwave oven accidentally discovered by engineer Percy Spencer?,"While working on radar equipment, he noticed that a candy bar in his pocket had completely melted into gooey liquid."
95 mg,"How many milligrams of caffeine are inside a standard, average 8-ounce cup of black drip coffee?",Caffeine levels can vary wildly based on the bean type; lighter roasts actually contain slightly *more* caffeine than dark roasts.
165°F [73.9°C],"What is the safe internal cooking temperature, in degrees Fahrenheit, for a piece of fresh poultry (chicken)?","At this thermal threshold, harmful foodborne pathogens like *Salmonella* are destroyed instantly."
60 lbs [27 kg],How many pounds of sugar does the average modern honeybee colony consume to survive an entire winter?,"The bees flap their wings continuously inside the hive all winter long to generate friction heat, requiring immense honey calories to stay warm."
1896,"In what year were the first modern Olympic Games held in Athens, Greece?","Only 14 nations participated, and the winners were awarded silver medals and olive branches instead of gold."
388,"How many total dimples are on a standard, regulation Titleist Pro V1 golf ball?","Dimples create a thin turbulent boundary layer of air that clings to the ball's surface, reducing aerodynamic drag and doubling flight distance."
800 grams,"What is the maximum weight of a standard Olympic men’s javelin, in pounds?","The design was altered in 1986 to shift the center of gravity forward, forcing the javelin to nose-down earlier so it wouldn't sail dangerously out of stadiums."
110 yards [101 m],"How many yards long is an official, regulation Canadian Football League (CFL) playing field?","A CFL field is longer and wider than an NFL field (which is 100 yards), and its endzones are twice as deep at 20 yards."
1980,"In what year did the infamous ""Miracle on Ice"" hockey match occur, where the U.S. beat the Soviet Union?","The Soviet team was composed of seasoned professionals who had won the previous four Olympic gold medals, while the U.S. team was made up entirely of amateur college players."
144,How many total card tiles are used in a standard game of Mahjong?,"The game originated in China during the Qing dynasty and features suits of bamboos, characters, dots, winds, and dragons."
60 feet [18 m],"What is the distance from the pitcher’s mound rubber to home plate in Major League Baseball, in feet?","This specific dimension was established in 1893 due to a clerical error or misinterpretation of a blueprint, changing it from the original 50 feet."
50,How many black squares are laid out on a standard 10x10 International Checkers board?,"Played on a larger 100-square grid than chess, the game allows for much deeper tactical calculations and endgame setups."
1993,In what year did Michael Jordan announce his first sudden retirement from the NBA to play baseball?,"He signed a minor league contract with the Chicago White Sox organization, citing a loss of desire to play basketball following his father's tragic death."
44 lbs [20 kg],"How many pounds does a standard, regulation stone used in Olympic Curling weigh?","Every single official curling stone is crafted from a rare, water-resistant granite quarried exclusively from the island of Ailsa Craig in Scotland."
26.2 miles [42 km],"What is the length of a standard marathon race, measured in miles?","The distance was locked at 26 miles, 385 yards at the 1908 London Olympics so the race could start at Windsor Castle and finish directly in front of the Royal Box."
6,How many points is the pink ball worth in a standard game of Snooker?,"The red balls are worth 1 point, while the colored balls scale up from yellow (2) to black, which is the highest at 7 points."
1930,In what year did the first official FIFA World Cup soccer tournament take place?,"Hosted and won by Uruguay, only 13 teams participated because European teams refused to take the arduous two-week boat journey across the Atlantic."
7 cards,How many total cards are dealt to players in a standard game of Texas Hold'em (including hole cards and community cards)?,"Each player receives 2 private hole cards, and 5 shared community cards are laid face-up on the board."
10 feet [3 m],"What is the height of a regulation NBA basketball rim above the floor, in feet?","James Naismith hung the very first peach baskets exactly 10 feet off the gym balcony floor in 1891, and the height has never changed."
11 thousand pieces,How many thousands of pieces make up the largest commercially available LEGO set ever produced?,"The vast majority of the pieces are tiny 1x1 round tiles used to create a vibrant, textured bathymetric map of the oceans."
1997,In what year did Tiger Woods win his legendary first Masters Tournament at Augusta National?,"At 21 years old, he became the youngest player to ever win the Masters, finishing a record-breaking 12 strokes ahead of second place."
13 PSI [90 kPa],How many pounds of air pressure (PSI) must a regulation NFL football be inflated to?,"This specific pressure rule became a global news sensation during the 2015 ""Deflategate"" controversy involving the New England Patriots."
50 meters,"What is the length of a standard regulation swimming pool used in the Olympic Games, in meters?","These massive pools hold roughly 660,000 gallons of water and are designed with special wave-absorbing gutters to keep the water calm."
10 sides,"How many sides are on a standard D&D dice set's non-numeric, geometric Trapezohedron die?","Commonly called the d10, two of these dice are often rolled together as ""percentile dice"" to generate a random number from 1 to 100."
1967,In what year did the first Super Bowl game take place between the NFL and AFL champions?,"Originally called the ""AFL-NFL World Championship Game,"" tickets cost a mere $12, and the stadium was a third empty."
50,How many points is the bulls-eye worth on a regulation electronic soft-tip dartboard?,"In soft-tip darts, both the inner and outer bullseye circles are typically counted as a full 50 points, unlike steel-tip darts where the outer ring is 25."
351 mph [565 km/h],"What is the maximum recorded speed of a badminton shuttlecock smash, in miles per hour?","This makes badminton technically the fastest racket sport in the world, with the shuttlecock traveling faster than an F1 racing car at peak speed."
7 cards,How many cards does each player start with in a standard game of Rummy?,"If only 2 people are playing, the starting hand increases to 10 cards to keep the game complex and strategic."
2012,In what year did legendary cyclist Lance Armstrong have all seven of his Tour de France titles stripped for doping?,"The United States Anti-Doping Agency concluded an intense investigation, calling his program the most sophisticated doping scheme in sports history."
30,How many total pins must be knocked down to score a perfect game in the sport of Candlepin Bowling?,"Unlike standard bowling, players get three rolls per frame instead of two, and fallen pins are not cleared from the lane between rolls."
90 feet [27 m],"What is the distance between the bases on a regulation Major League Baseball diamond, in feet?","This exact distance creates a razor-thin margin between a fast runner and a well-thrown infield ball, resulting in close plays at first base."
2,How many points does a player score for a safety in American Football?,"A safety occurs when the offensive team commits a foul or is tackled inside their own endzone, awarding points and the ball to the defense."
1980,In what year did the popular video game *Pac-Man* debut in Japanese arcades?,"It was originally titled *Puck Man*, but the name was altered for its Western release to prevent vandals from scratching off part of the ""P"" to spell a swear word."
20 kilograms,"How many pounds does a standard, regulation Olympic men’s barbell weigh?","Women's Olympic barbells are slightly shorter and thinner, weighing exactly 15 kilograms (33 pounds) to accommodate smaller hand grips."
22 yards [20 m],"What is the total length of a standard regulation cricket pitch, measured between the wickets in yards?","This ancient distance is exactly equal to one ""chain,"" an old English unit of land measurement that dates back centuries."
20,How many standard hexagons are stitched onto the surface of a classic 32-panel soccer ball?,"The classic design (a truncated icosahedron) features 20 white hexagons and 12 black pentagons, engineered to form a near-perfect sphere."
1999,In what year did Serena Williams win her first Grand Slam singles title at the US Open?,"She was just 17 years old when she defeated Martina Hingis, becoming the first African American woman to win a Grand Slam in the Open Era since 1958."
100,How many spaces are on a standard Chutes and Ladders (or Snakes and Ladders) game board?,"The game originated in ancient India as *Moksha Patam*, where it was used as a moral lesson to teach children about good deeds vs. vices."
14,What is the maximum number of clubs a professional golfer is legally allowed to carry in their bag during a tournament round?,Exceeding this limit results in a harsh two-stroke penalty for every single hole where the extra club was carried.
80 minutes,"How many minutes long is a standard professional rugby union match, excluding halftime?","The match is split into two halves of 40 minutes each, and the clock keeps running even when the ball goes out of play."
1985,In what year did the Nintendo Entertainment System (NES) launch in North America?,"To overcome the massive video game crash of 1983, Nintendo marketed the console as an ""Entertainment System"" toy and included R.O.B. the robot."
78 cards,How many individual cards are used in a standard deck of Tarot cards?,The deck is split into 56 Minor Arcana cards (similar to regular playing cards) and 22 Major Arcana cards used for symbolic readings.
27 feet [8 m],"What is the width of a standard regulation singles tennis court, in feet?","For doubles matches, the court expands into the ""alleys,"" increasing the total width to 36 feet."
633 lbs [287 kg],How many pounds did the world’s heaviest recorded sumo wrestler weigh at his peak?,"Known as Yamamotoyama, he is the heaviest Japanese-born human in recorded history and required a massive daily diet of chanko nabe stew to maintain his size."
1880,In what year did Thomas Edison successfully patent his commercial incandescent light bulb?,"While he didn't invent the lightbulb from scratch, his carbonized bamboo filament version was the first to burn for over 1,200 hours."
1.44 MB,"How many storage megabytes (MB) could fit onto a standard, classic 3.5-inch floppy disk?","Today, a single high-resolution smartphone photo is roughly 4 to 6 MB, meaning it would require multiple floppy disks just to hold one picture."
$666.66,"What was the price of the original Apple-1 computer when it launched, in dollars?","Steve Wozniak designed the board and chose the price simply because he liked repeating digits, unaware of any biblical connotations."
16-bit,How many bits of data made up the processing architecture of the iconic Sega Genesis console?,"Sega aggressively marketed this technical superiority over the 8-bit Nintendo Entertainment System with the famous slogan: ""Sega does what Nintendon't."""
1876,In what year did Alexander Graham Bell make the first successful telephone call to his assistant Mr. Watson?,"His historic first words over the wire were: ""Mr. Watson, come here, I want to see you."""
140,How many characters was the original structural limit for a single message posted on Twitter?,This strict limit was chosen because it mapped perfectly within the 160-character ceiling of global mobile SMS text messaging.
50mm,"What is the focal length, in millimeters, of a standard camera lens that closest mirrors the natural field of view of the human eye?","Known as a ""normal lens,"" it shoots images with virtually zero distortion, making it a favorite for street and portrait photographers."
"$3,995","How many thousands of dollars did the world’s first commercial cell phone, the Motorola DynaTAC 8000X, cost when it released?","Released in 1983, the chunky phone weighed 2.5 pounds, took 10 hours to charge, and only offered 30 minutes of talk time."
1979,In what year was the revolutionary Sony Walkman portable cassette player first released to the public?,It completely altered global music culture by allowing people to listen to their own curated music tracks privately while walking in public.
"18,000","How many total functional vacuum tubes were packed inside ENIAC, the world’s first programmable electronic computer?","The massive computer took up 1,800 square feet of floor space and consumed so much electricity that it caused local town lights to dim when turned on."
4.7 GB,"What is the maximum storage capacity of a standard single-layer Digital Versatile Disc (DVD), in gigabytes?","This capacity allowed a DVD to comfortably hold up to 135 minutes of standard-definition video, completely replacing bulky VHS tapes."
145 thousand lines,How many thousands of lines of code did it take to program the Apollo 11 Guidance Computer that landed humans on the moon?,"The complex software was engineered by a team led by Margaret Hamilton, who pioneered the field of software engineering."
1976,In what year did the first commercial commercial flight of the supersonic Concorde jet occur?,"The Concorde cruised at over twice the speed of sound, allowing wealthy passengers to fly from London to New York in under three and a half hours."
2 megapixels,How many megopixels of resolution did the camera on the very first iPhone have?,"The original 2007 iPhone camera could not shoot video at all, lacked a flash, and could not auto-focus."
33 1/3 RPM,"What is the standard speed, in revolutions per minute (RPM), of a traditional full-sized vinyl album record?","Smaller vinyl singles typically spin faster at 45 RPM, which provides slightly higher audio fidelity but less playtime."
"1,093 in the U.S.",How many thousands of patents did inventor Thomas Edison hold globally throughout his life?,"His prolific output was fueled by his industrial research laboratory in Menlo Park, New Jersey, the first institution built with the sole purpose of churning out technical innovations."
1999,In what year was the Bluetooth wireless communication protocol first officially released to the market?,"The technology was named after King Harald Bluetooth, a 10th-century Scandinavian king who famously united warring Nordic tribes, just as the tech unites gadgets."
104 keys,How many keys are on a standard layout typewriter or computer keyboard (The QWERTY standard)?,The layout was designed in the 1870s to purposely separate common letter combinations so mechanical typewriter arms wouldn't jam.
120mm,"What is the standard diameter of a modern compact disc (CD) or Blu-ray disc, in millimeters?",The storage capacity was intentionally sized so it could hold a full 74 minutes of uncompressed audio—specifically matching the duration of Beethoven's Ninth Symphony.
8.3 million pixels,How many millions of pixels make up a standard 4K Ultra HD television display screen?,"A 4K screen has a resolution grid of 3840x2160, providing exactly four times the pixel density of a standard 1080p High Definition TV."
1995,In what year did GPS (Global Positioning System) technology officially become fully operational worldwide for civilian use?,"Developed by the U.S. Department of Defense, early civilian signals were intentionally degraded for security until the restriction was lifted in 2000."
4 cylinders,How many cylinders did the engine block have in Henry Ford's historic Model T car?,"The simple, rugged engine produced a modest 20 horsepower and could run on gasoline, kerosene, or ethanol."
20 feet [6 m],"What is the length of a standard shipping container used on ocean cargo vessels, in feet?","Containers also come in a double-sized 40-foot length, which has become the dominant global standard for trucking and shipping."
"2,300","How many individual transisters were etched onto the world's first commercial microprocessor, the Intel 4004?","Released in 1971, it had the same computing power as the massive ENIAC computer that filled an entire room in the 1940s."
1992,In what year was the first SMS text message sent from a computer to a mobile phone?,"Sent by engineer Neil Papworth to a Vodafone director, the historic text message simply read: ""Merry Christmas."""
2 MB,How many megabytes (MB) of RAM did the iconic grey Sony PlayStation 1 console have?,"It also featured an additional 1 MB of dedicated video RAM, which was revolutionary at the time for rendering smooth 3D polygon graphics."
650 nanometers,"What is the wavelength of a standard red laser pointer, in nanometers?","Green lasers use a shorter wavelength around 532 nanometers, which appears significantly brighter to the human eye because our eyes are highly sensitive to green light."
"$1,565 for the base configuration",How many thousands of dollars did the original IBM Personal Computer (Model 5150) cost when it dropped in 1981?,This baseline model didn't include a monitor or floppy disk drives; it was designed to plug directly into a standard home television set.
1440,In what year did Johannes Gutenberg introduce his revolutionary movable-type printing press to Europe?,"His invention dramatically lowered the cost of books, triggering an information explosion that fueled the Renaissance and the Scientific Revolution."
4,How many separate data channels make up a standard modern USB 2.0 cable connector?,"The pins are designated for power, ground, and two twisted-pair data wires labeled Data+ and Data-."
100 Mbps,"What is the absolute maximum data transfer speed of a standard Cat5 ethernet cable, in megabits per second?","To achieve Gigabit speeds (1,000 Mbps), networks must upgrade to Cat5e or Cat6 cables, which feature tighter internal wire twisting to minimize electrical interference."
8 bits,How many bits make up a single standard computer Byte?,"A half-byte (4 bits) is legally referred to by computer scientists as a ""nibble."""
1903,"In what year did the Wright brothers make their historic first controlled, powered airplane flight at Kitty Hawk?",Their very first flight lasted just 12 seconds and covered a distance of 120 feet—shorter than the wingspan of a modern Boeing 747.
24,How many total operating satellites make up the core GPS tracking constellation in orbit?,"While there are often extra spare satellites floating in orbit, a minimum of 24 ensures that at least four satellites are visible from any spot on Earth at any time."
120 volts,What is the standard voltage rating for residential electrical wall outlets in most of North America?,"Most of Europe and Asia uses a higher standard of 230 volts, which is more efficient for heavy appliances but requires thicker insulation."
525 lines,How many lines of resolution made up the standard analog NTSC television screen before the digital HD switch?,"Only about 480 of these lines were actually used to draw the visible picture on screen, which is why standard-definition video is called 480i."
1854,"In what year was the first commercial safety elevator, featuring an automatic brake by Elisha Otis, demonstrated?","He demonstrated it at the New York World's Fair by riding the platform up and ordering the support rope cut, proving his brake worked instantly and launching skyscrapers."
"1,024 bytes",How many thousands of characters could be stored in a single kilobyte (KB) of data?,"Computers use binary (base-2) logic, which means data steps scale up by powers of two rather than clean base-10 thousands."
5 GHz,"What is the frequency of a standard high-definition Wi-Fi signal band, in gigahertz?",The older 2.4 GHz band is slower but can pass through solid walls much easier than the higher frequency 5 GHz signal.
15 lenses,How many separate glass lenses are packed inside a modern high-end DSLR zoom lens barrel to focus light?,These individual glass pieces are grouped together into moving blocks to correct chromatic aberration and zoom smoothly without losing focus.
1883,"In what year did the massive Krakatoa volcanic eruption occur, altering global weather for years?","The sound of the explosion was so incredibly violent that it was clearly heard nearly 3,000 miles away in Mauritius, making it the loudest sound in recorded history."
119,How many official border crossings connect the United States and Canada along the map?,"This represents the longest undefended international land border in the world, stretching over 5,525 miles across the continent."
9 miles [14 km],How many miles wide is the narrowest point of the Strait of Gibraltar separating Europe from Africa?,"Geologists estimate that the strait completely closed up six million years ago, causing the entire Mediterranean Sea to evaporate into a massive dry salt basin."
1959,"In what year did an international treaty officially set aside Antarctica as a peaceful, scientific reserve?","Signed by 12 original countries, the Antarctic Treaty strictly bans all military activity, nuclear tests, and mineral mining on the icy continent."
6,How many distinct states make up the country of Australia?,"They are New South Wales, Queensland, South Australia, Tasmania, Victoria, and Western Australia (plus two major mainland territories)."
"12,100 feet [3,688 m]","What is the average depth of the world’s oceans, measured in feet?","Because the oceans are so deep, over 80% of the underwater world remains completely unmapped and unexplored by human eyes."
2004,In what year did the catastrophic Indian Ocean earthquake and tsunami occur on Boxing Day?,"The undersea megathrust earthquake registered a terrifying 9.1 magnitude, releasing energy equal to 23,000 Hiroshima atomic bombs."
14,How many independent countries share a physical land border with the massive nation of China?,China ties with Russia for the record of bordering the highest number of individual neighbor countries.
90 days,How many days does it take for a single drop of water to travel the entire length of the Mississippi River?,"A water droplet trickling out from Lake Itasca, Minnesota, flows at about 1.2 miles per hour before spilling out into the Gulf of Mexico."
"19,000 miles [30,578 km]","What is the total length of the world's longest highway system (The Pan-American Highway), in miles?","It links nearly all mainland nations of the Americas in a connected network, interrupted only by a 60-mile dense jungle gap called the Darién Gap."
1856,In what year did Mount Everest get officially declared the tallest mountain peak in the world?,"Named after surveyor George Everest, early computers calculated its height to be exactly 29,000 feet, but added 2 feet so people wouldn't think it was a rough guess."
"14,125",How many separate islands make up the tropical archipelago country of Japan?,A massive official digital recount in 2023 more than doubled Japan's known island count thanks to advanced surveying tech.
"5,387 feet [1,642 m]",How many thousands of feet deep is the deepest lake in the world (Lake Baikal in Russia)?,"Lake Baikal holds roughly 20% of the entire planet's unfrozen surface fresh water, more than all the North American Great Lakes combined."
3.8 million square miles,"What is the total surface area of the United States of America, in millions of square miles?",This size puts the U.S. just slightly smaller than the entire continent of Europe.
1980,In what year did the violent eruption of Mount St. Helens blow its peak off in Washington State?,"The lateral volcanic blast instantly reduced the mountain's summit height by over 1,300 feet, leaving a massive crater."
120 miles [193 km],How many miles long is the Suez Canal linking the Mediterranean Sea to the Red Sea?,"Opened in 1869, the canal allows container ships to completely skip sailing around the entire continent of Africa, saving weeks of transit."
6,How many distinct time zones are legally active across the country of Canada?,"They span from Pacific Time in the west to Newfoundland Time in the east, which is unique for being a half-hour offset time zone."
1.5 miles [2 km],"What is the average thickness of the massive Greenland Ice Sheet, in miles?","If the entire Greenland Ice Sheet were to melt completely, global sea levels would rise by an estimated 24 feet."
1521,In what year did the ancient Aztec capital city of Tenochtitlan fall to Spanish conquistadors?,"Built directly on an island in the middle of Lake Texcoco, the historic site is now completely covered by modern Mexico City."
12,How many sovereign countries are located inside the continent of South America?,"They are Argentina, Bolivia, Brazil, Chile, Colombia, Ecuador, Guyana, Paraguay, Peru, Suriname, Uruguay, and Venezuela (plus the territory of French Guiana)."
"100,000",How many active glaciers are scattered across the state of Alaska today?,"Glaciers cover roughly 5% of Alaska's total land area, though only about 600 of them have been officially named."
"3,212 feet [979 m]","What is the height of Angel Falls in Venezuela, the tallest uninterrupted waterfall on Earth, in feet?",The waterfall is so immensely high that much of the cascading water atomizes into a fine mist before ever striking the jungle floor below.
1936,In what year did the construction of the famous Hoover Dam finish on the Colorado River?,The massive concrete structure finished two full years ahead of schedule and used enough concrete to pave a standard highway from San Francisco to New York.
282 feet [86 m],How many vertical feet does Death Valley sit *below* sea level at its lowest point?,"Badwater Basin in Death Valley is the lowest point of land elevation in North America, situated just 85 miles from Mount Whitney, the highest peak in the contiguous U.S."
55 miles [89 km],How many miles wide is the narrowest point of the Bering Strait separating Alaska from Siberia?,"In the middle of the strait sit the Diomede Islands; Big Diomede belongs to Russia and Little Diomede belongs to the U.S., separated by just 2.4 miles of water."
"1,400 miles [2,253 km]","What is the total length of the Great Barrier Reef in Australia, measured in miles?",It is the largest living structural organism on the planet and can be clearly seen from space by orbiting satellites.
1906,In what year did the devastating San Francisco Earthquake and Fire destroy 80% of the city?,"The shaking lasted for less than a minute, but a breakdown in water mains left firefighters helpless against subsequent fires that burned for three days."
187 thousand lakes,How many thousands of lakes are scattered across the country of Finland?,"This incredible density of water earns Finland the global geographic nickname of ""The Land of a Thousand Lakes."""
0.04 inches [0.1 cm],"What is the average annual rainfall of the driest desert on Earth (The Atacama Desert), in inches?",Some weather tracking stations inside this Chilean desert have never recorded a single drop of rain in human history.
"4,000 miles [6,437 km]","How many miles long is the Amazon River, the largest river by water volume on Earth?",The Amazon pumps out so much fresh water that it dilutes the saltiness of the Atlantic Ocean for over 100 miles beyond its river mouth.
1944,In what year did the Republic of Iceland officially declare full independence from Denmark?,"The vote was held while Denmark was occupied by Germany during World War World II, resulting in an overwhelming 98% approval from citizens."
161,How many active volcanoes are currently monitored inside the United States?,The vast majority of these active volcanoes are located along the rugged Aleutian Island chain in Alaska.
4.3 thousand miles,How many thousands of miles long is the entire length of the Andes Mountain range?,"This makes the Andes the longest continental mountain range in the world, spanning across seven South American countries."
"143,000 square miles","What is the total surface area of the Caspian Sea, the largest landlocked inland body of water, in square miles?","Though called a sea because of its slight saltiness, geographers classify it as the world's largest lake."
1944,In what year did Italy’s Mount Vesuvius erupt for the last time in history?,"The eruption occurred during World War II, destroying a fleet of nearby Allied bomber aircraft stationed at an airfield."
"6,215 miles [10,002 km]",How many miles separate the equator from either the North or South Pole?,"This distance was used in the 1790s to first define the exact length of a Meter, setting it as exactly one ten-millionth of the distance from the equator to the pole."
3,How many distinct sovereign nations sit completely landlocked inside other individual countries?,"They are Vatican City and San Marino (both locked inside Italy), and Lesotho (completely surrounded by South Africa)."
"2,717 feet [828 m]","What is the official height of the Burj Khalifa skyscraper in Dubai, the tallest building on Earth, in feet?",The building is so incredibly tall that people living on the top floors have to wait an extra two minutes for the sun to set compared to those on the ground floor.
1914,In what year was the historic Panama Canal officially opened to maritime traffic?,"The massive engineering project cost the lives of over 25,000 workers due to landslides and tropical diseases like yellow fever before completion."
"7,641",How many distinct islands make up the state country of the Philippines?,"The country is divided into three primary geographic groups: Luzon, Visayas, and Mindanao."
42,How many total permanent teeth does an adult domestic dog have?,"Puppies start with only 28 temporary needle-sharp baby teeth, losing them around four months of age to clear space for adult teeth."
1955,In what year was the world-famous Guinness Book of World Records first published?,It was originally created by the managing director of the Guinness Brewery to help resolve friendly arguments inside pubs.
$8.3 million for the British Guiana One-Cent Magenta,How many thousands of dollars did a wealthy collector pay at auction for the world's most expensive single postage stamp?,"It is the only surviving stamp from a temporary emergency printing run made in 1856, making it the most valuable object by weight in existence."
50 years,"What is the maximum number of years a standard, well-manufactured modern roof shingle is warrantied to last?",These architectural lifetime shingles are reinforced with thick fiberglass mats to withstand extreme weather and hail without cracking.
1967,In what year did the luxury ocean liner Queen Mary officially retire to become a floating hotel in California?,"The ship sailed across the Atlantic over 1,000 times before being permanently moored in Long Beach harbor."
40 keys,"How many total distinct keys are built onto a standard, classic legal cash register drawer?",Early mechanical registers used these keys to physically punch tabs up into glass windows so customers could see their total.
35 mph [56 km/h],"What is the maximum speed, in miles per hour, that a professional modern competitive ice skater can achieve on a straightaway?","Long-track speed skaters use long, straight blades attached to clap skates that leave the heel free, maximizing stride power."
1.0 thousand components,How many thousands of individual components make up a standard modern mechanical grandfather clock?,"The delicate gear chains, weights, and escapements must be engineered with micro-precision to keep time accurate to within seconds per week."
1916,"In what year did the classic building toy, Lincoln Logs, get invented by John Lloyd Wright?","The inventor was the son of legendary architect Frank Lloyd Wright, and he based the toy design on the earthquake-proof foundations of a hotel his father designed in Tokyo."
25,How many separate glass windows are built into the crown of the Statue of Liberty?,"The windows symbolize the 25 natural gemstones found on Earth, as well as the rays of heaven shining down upon the world."
260,What is the record for the most layers of clothes worn by a single human simultaneously?,"Set by Ted Hastings in Canada in 2019, he required assistance from a team to pull the final oversized shirts over his massive bulk."
500,How many distinct varieties of sharks are known to science today?,"They scale from the tiny dwarf lanternshark (smaller than a human hand) to the massive whale shark, which can grow up to 60 feet long."
1883,In what year did the first commercial modern vending machine dispense items in London?,"Invented by Percival Everitt, the cast-iron machines were placed at post offices and railway stations to automatically sell post cards and envelopes."
4 cords,"How many total cords of wood can be harvested from a single massive, mature 100-foot oak tree?","A standard cord of firewood is a massive stack measuring 4 feet high, 4 feet wide, and 8 feet long."
10 years,"What is the maximum recorded lifespan of a common garden earthworm, in years?","While most wild earthworms only survive a single year due to predators and drought, protected laboratory worms have reached a decade."
25 thousand feathers,How many thousands of feathers cover the body of a standard adult whistling swan?,"Over 80% of these feathers are located entirely on the swan's long, flexible neck to keep it insulated while diving for underwater plants."
1963,In what year did the iconic yellow smiley face icon get invented by graphic designer Harvey Ball?,"He was paid a grand total of 45 dollars for the design, which he created in 10 minutes to boost morale at an insurance company."
244,How many individual bones make up the entire skeleton of a standard domestic adult cat?,Humans only have 206 bones; a cat's extra bones are packed primarily into its highly flexible spine and long tail.
16 feet [5 m],"What is the standard length of a regulation competitive gymnastics balance beam, in feet?","While the beam is 16 feet long and stands 4 feet off the floor, its surface width is a mere 4 inches wide."
11 million tons,How many millions of tons of trash flow into the world's oceans every single year?,"Without major global intervention, scientists estimate this plastic trash volume could triple by the year 2040."
1908,"In what year was the international distress signal ""SOS"" officially adopted to replace CQD?","Contrary to popular belief, it doesn't stand for ""Save Our Souls""—it was chosen simply because the Morse code pattern (three dots, three dashes, three dots) is unmistakable."
50 times,How many times its own body weight can a leafcutter ant carry in its jaws?,"If a human possessed this strength, they could easily lift a full-sized pickup truck over their head with their teeth."
290 feet [88 m],"What is the record for the longest distance a toy paper airplane has been thrown, in feet?","Set in 2023 by a team in South Korea, the plane was constructed out of standard paper and folded with a hyper-aerodynamic dart shape."
"2,200",How many individual suction cups are lined up across the arms of a mature giant Pacific octopus?,"Every single suction cup is packed with delicate chemical receptors, allowing the octopus to literally taste objects simply by touching them."
1983,In what year did the classic block-stacking game Jenga launch at the London Toy Fair?,"The game was invented by Leslie Scott, who based it on wood blocks her family purchased from a sawmill in Ghana."
101 keys,"How many distinct keys make up a standard, modern standard typewriter layout or keyboard?","Enhanced keyboards add function keys and number pads, shifting the total count up to 104 or 105 keys."
30 mph [48 km/h],"What is the top running speed of a common domestic house cat, in miles per hour?",Even a lazy house cat can easily out-sprint Olympic champion Usain Bolt over a short 50-yard dash.
32 thousand gallons,How many thousands of gallons of water can a mature baobab tree store inside its trunk to survive droughts?,"Their swollen trunks are composed of soft, spongy wood layers designed to expand like an accordion during rainy seasons."
1945,"In what year was the iconic American toy, the Slinky, first demonstrated to shoppers at a department store?","Invented by naval engineer Richard James, a crowd of shoppers bought all 400 available Slinkys within 90 minutes of the live demonstration."
132 rooms,"How many total rooms are built inside the White House executive mansion in Washington, D.C.?","The massive complex features 6 distinct levels, including 35 bathrooms, 412 doors, and 28 fireplaces."
20 mph [32 km/h],"What is the maximum recorded speed of a falling raindrop at sea level, in miles per hour?","Large raindrops flatten out into a hamburger-bun shape due to air resistance as they fall, limiting their speed, while tiny mist droplets drift down at less than 1 mph."
90,"How many distinct structural components make up a standard, high-end mechanical piano action for a single key?","Multiplied across all 88 keys, a grand piano action contains thousands of delicate pins, felts, springs, and wooden levers working in tandem."
1986,In what year did the classic electronic puzzle game *Tetris* get smuggled out of the Soviet Union to the West?,"Invented by computer programmer Alexey Pajitnov at the Soviet Academy of Sciences, the rights were owned by the Soviet government for a decade before he earned royalties."
365 days,How many days can a common desert scorpion survive without eating a single bite of food?,"Scorpions have a highly efficient metabolic rate, allowing them to slow their oxygen use down to near-zero when food is scarce."
58 inches [147.3 cm],"What is the total length of a standard regulation pool cue stick, in inches?","Premium cues are split into two pieces with a metal joint, allowing players to safely transport them inside protective hard cases."
"1,056 thousand tiles",How many thousands of individual tiles are glued onto the exterior of the Sydney Opera House roof sails?,"Manufactured in Sweden, the tiles are self-cleaning and feature a subtle glossy glaze that reflects sunlight beautifully without blinding onlookers."
1950,"In what year did the first commercial modern credit card, the Diners Club card, debut?",It was invented by Frank McNamara after he forgot his wallet at a business dinner and had to wait for his wife to drive out and pay the bill.
26 bones,How many total bones make up the fragile structure of a standard human foot and ankle?,"Together, your two feet contain roughly 25% of all the bones found in your entire body."
"1,090 feet [332 m]","What is the maximum recorded depth, in feet, that a human has scuba dived down to?","Set by Ahmed Gabr in 2014, the descent took just 12 minutes, but returning safely to the surface required 14 hours of decompression stops to prevent the bends."
3.7 billion miles,How many standard miles are traveled by a single ray of sunlight to reach the planet Pluto?,"Because Pluto is so immensely far away, solar light takes roughly five and a half hours to cross the solar system to reach its icy surface."
1994,In what year did Amazon officially launch as an online bookstore operating out of Jeff Bezos' garage?,"Bezos originally wanted to name the company ""Cadabra"" (as in abracadabra), but his lawyer misheard it over the phone as ""Cadaver,"" prompting the change to Amazon."
3,"How many vertical stripes are featured in the official, classic Adidas corporate logo?","Adidas bought the iconic three-stripes trademark design from a Finnish sports brand in 1952 for the equivalent of 1,600 euros and two bottles of whiskey."
66mm,"What is the exact width of a standard modern vending machine slot for dollar bills, in millimeters?",Bill validators pass the currency over optical sensors to measure this exact width while scanning the paper's magnetic ink pattern to spot counterfeits.
5 cents,How many cents did the first bottle of Coca-Cola cost when it was sold from a soda fountain in 1886?,"The price remained a fixed nickel for over 70 years, largely due to long-term bottling contracts and the design of early vending machines."
1995,"In what year did eBay launch its online auction website, originally under the name ""AuctionWeb""?",The very first item sold on the site was a broken laser pointer for $14.83. The founder emailed the buyer to make sure they knew it was broken; the buyer replied that they collected broken laser pointers.
50,"How many distinct flavors of jelly beans are featured in Jelly Belly's standard ""official"" lineup?",It takes roughly 7 to 21 days to create a single Jelly Belly bean from start to finish due to the complex process of layering the shell and infusing flavors.
15%,"What percentage of the global toy market is controlled by the LEGO Group, making it the world's largest toy company?",The company manufactures an incredible 60 billion individual plastic LEGO bricks every single year with microscopic precision.
6.0 thousand dollars,How many thousands of dollars did a collector pay for the first ever commercial comic book featuring Superman (Action Comics No. 1)?,"Only about 100 copies of the 1938 comic book are estimated to exist today, with most in incredibly poor, weathered condition."
1971,"In what year did Nike officially change its corporate name from its original title, ""Blue Ribbon Sports""?","The famous ""Swoosh"" logo was designed by a graphic design student named Carolyn Davidson, who was paid just $35 for her work at the time."
1.7 billion,How many individual item listings are active on eBay worldwide at any given moment?,"Over 80% of all goods sold on the modern eBay platform are actually brand-new items sold at fixed ""Buy It Now"" prices rather than auctions."
6.14 inches [15.6 cm],"What is the length of a standard crisp U.S. dollar bill, measured in inches?","All denominations of U.S. paper currency share this exact dimension, and the paper is composed of 75% cotton and 25% linen."
8,How many distinct varieties of hot sauces are produced under the McIlhenny Company's Tabasco brand?,The original red sauce is aged in white oak barrels for up to three full years before being mixed with vinegar and bottled.
1979,"In what year did the first commercial cellular network launch in Japan, kickstarting mobile phone culture?","Launched by NTT in Tokyo, the system was originally limited entirely to car phones because portable handheld units required too much battery bulk."
2 billion,How many individual lines of code make up the entire digital architecture of Google's global services?,"All of Google's primary services (Search, Maps, Gmail, etc.) sit in a single massive code repository shared by tens of thousands of engineers."
25%,What percentage of a standard American dollar bill's composition is made out of linen rather than cotton?,This specific textile blend prevents the bills from falling apart if they accidentally end up spinning inside a washing machine.
"38,000",How many total corporate stores does the coffee giant Starbucks operate globally?,"Over half of these stores are located outside of the United States, with China representing the fastest-growing market."
1971,In what year was the international shipping giant FedEx founded by Fred Smith?,"Smith wrote the business model for an overnight delivery service as a term paper at Yale University; his professor gave him a mediocre grade of ""C."""
1,How many individual dimples are stamped onto the metal pop-top tab of a standard soda can?,The tiny indent acts as a structural reinforcement rivet that pins the aluminum lever securely to the can't score line.
65°F [18.3°C],"What is the ideal storage temperature, in degrees Fahrenheit, for commercial chocolate inventory inside a warehouse?","If the climate climbs past 70°F, cocoa butter melts and migrates to the surface, recrystallizing into an unappealing white haze called ""fat bloom."""
25 million,How many millions of physical packages does United Parcel Service (UPS) deliver around the world every day?,"To save fuel and time, UPS routing software instructs delivery trucks to completely avoid turning against oncoming traffic (left turns in the US) whenever possible."
1971,"In what year did the first fully automated electronic stock market, the NASDAQ, begin operations?","It started purely as a computerized quotation system, allowing brokers to instantly see prices without making phone calls."
12,"How many individual zeros follow the number one in a standard ""Trillion"" dollar figure?","In the traditional British numbering system, a trillion historically meant a million million million, which carried 18 zeros."
91%,What percentage of global internet search engine traffic is handled directly by Google?,"Bing sits in a distant second place, handling roughly 3% to 4% of global searches."
60 kilograms,"How many pounds of coffee beans are stuffed inside a standard, globally traded wholesale burlap shipping sack?",This classic 60kg bag has served as the universal unit of measurement for global coffee trade statistics for over a century.
1974,In what year did the modern barcodes (UPC symbols) get scanned for the very first time at a supermarket checkout line?,"The historic scan occurred in Troy, Ohio, and the item purchased was a 10-pack of Marshalls Juicy Fruit chewing gum."
280,How many individual corporate acquisitions has tech giant Microsoft made throughout its history?,"Their most expensive purchase to date was the massive $68.7 billion acquisition of video game publisher Activision Blizzard, finalized in 2023."
0.76 millimeters,"What is the standard thickness of a premium plastic credit card, measured in fractions of an inch?",This precise physical dimension is globally standardized by the ISO so cards work seamlessly in any ATM across the planet.
872 thousand dollars,How many thousands of dollars did an anonymous bidder pay for the world’s most expensive domain name (`Cars.com`)?,"The valuation was made when the parent media company bought out its partners, marking it as the highest-priced digital domain asset in history."
1958,In what year did the iconic financial card company American Express launch its very first paper credit card?,"The company originally began operations in 1850 as an express mail delivery business, helping transport gold and valuables across New York."
8 oz [237 mL],How many standard fluid ounces are locked inside a classic glass bottle of Coca-Cola?,"The iconic ""contour bottle"" was designed in 1915 to be easily recognized by touch in the dark, or even if found shattered on the ground."
20%,What is the approximate percentage of global retail sales that occur entirely online via E-commerce?,"Despite the massive scale of online giants like Amazon, roughly 80% of all global retail spending still happens inside brick-and-mortar stores."
5 days,How many days does the U.S. Bureau of Engraving and Printing operate its presses each week to churn out new cash?,"Over 90% of the new paper currency printed each day is produced solely to replace old, worn-out bills pulled from circulation."
2018,In what year did Apple become the first public U.S. company to cross a historic $1 trillion market cap valuation?,"It took Apple 42 years to hit $1 trillion, but it took just two more years to double that value and cross the $2 trillion mark in 2020."
"87,000",How many individual product configurations can you order at a standard Starbucks café if you mix all available options?,"This mind-boggling number accounts for all combinations of drink bases, sizes, milk choices, syrups, toppings, and temperature modifications."
-10°F [-23.3°C],"What is the standard temperature, in degrees Fahrenheit, maintained inside a professional deep-freeze warehouse for ice cream inventory?","Keeping the inventory well below zero prevents the forming of large ice crystals, which would otherwise ruin the creamy texture."
3,How many distinct diamond shapes make up the iconic corporate logo of the Mitsubishi Group?,"The name Mitsubishi is a portmanteau of ""mitsu"" (meaning three) and ""hishi"" (meaning water chestnut, which describes a diamond shape)."
1969,"In what year did the popular fast-food chain Wendy's open its very first location in Columbus, Ohio?","Founder Dave Thomas chose square burger patties so the edges would stick out past the round buns, proving the meat was fresh and oversized."
300 mg,How many milligrams of sodium are packed inside a single standard packet of commercial soy sauce?,This single tiny packet accounts for roughly 13% of the total recommended daily sodium intake for a healthy adult.
40% ABV,"What is the minimum percentage of alcohol by volume (ABV) required for a spirit to legally call itself ""Vodka"" in the United States?","This translates to exactly 80 proof. In the European Union, the legal minimum ABV threshold is slightly lower at 37.5%."
3 billion,How many total active credit cards are currently floating in circulation across the globe?,"If you lined all of those cards up edge-to-edge, they would wrap around the Earth's equator over six full times."
1916,"In what year did the Titanic's sister ship, the Britannic, strike a mine and sink during World War I?",The Britannic sank in just 55 minutes—nearly three times faster than the Titanic—because several watertight doors had been left open.
12,How many main tires are fitted onto the landing gear of a massive Boeing 777 passenger jet?,"The main gear uses two unique six-wheel trucks, which helps distribute the heavy weight of the plane evenly across airport runways."
570 mph [917 km/h],"What is the maximum cruising speed of a standard commercial Boeing 747 aircraft, in miles per hour?","This speed translates to roughly Mach 0.85, making the iconic ""Queen of the Skies"" one of the fastest commercial jets in service."
"1,198 feet [365 m]","How many feet long is the famous luxury cruise ship, the Icon of the Seas?","Spanning nearly 1,200 feet, it is the largest cruise ship in the world, featuring 20 distinct decks and a massive onboard water park."
1964,In what year did the first commercial high-speed bullet train (Shinkansen) launch operations in Japan?,"Launched just ahead of the Tokyo Olympics, the train connected Tokyo and Osaka, slicing travel time from nearly seven hours down to four."
3,How many individual crew members were on board the Apollo 11 spacecraft during its journey to the moon?,"They were Neil Armstrong, Buzz Aldrin, and Michael Collins. Collins stayed behind in lunar orbit to operate the command module alone while the others walked on the moon."
"10,000 feet [3,048 m]","What is the total length of a standard runway at a major international airport, in feet?","Heavy cargo jets taking off in hot weather or high altitudes require even longer strips, sometimes stretching past 14,000 feet."
4,How many distinct propellers drive the flight stability of a standard commercial quadcopter drone?,The motors operate in opposing pairs—two spinning clockwise and two counter-clockwise—to cancel out torque and let the drone hover perfectly.
1964,"In what year did the legendary muscle car, the Ford Mustang, make its official public debut?","Ford expected to sell roughly 100,000 units in the first year; instead, dealerships swamped the company with 22,000 orders on the very first day."
"31,000 lbs [14,061 kg]",How many pounds did the massive anchor of the Titanic weigh?,It required a dedicated team of 20 heavy draft horses to haul the central anchor through the streets to the shipyard.
"4,520 mph [7,274 km/h]","What is the top speed achieved by the fastest experimental manned aircraft in history (the X-15), in miles per hour?","Set by pilot Pete Knight in 1967, the rocket-powered plane reached an incredible Mach 6.7, requiring a special heat-shield coating so the metal wouldn't melt."
18,How many cars are connected to form a standard high-speed Eurostar train set running beneath the English Channel?,The extreme length of the train (nearly a quarter-mile long) is engineered so it can be quickly evacuated inside the channel tunnel cross-passages during an emergency.
1937,In what year did the historic aviation disaster occur where the zeppelin Hindenburg burst into flames in New Jersey?,The massive airship was filled with 7 million cubic feet of highly flammable hydrogen gas because the U.S. refused to export non-flammable helium to Germany.
"24,000",How many cargo containers can the world's largest container ships carry today?,"If you loaded all 24,000 standard steel containers onto a single train, that train would stretch over 90 miles long."
235 feet [72 m],"What is the wingspan of a modern Boeing 777X passenger aircraft, measured in feet?","Because the wingspan is too wide for standard airport gates, the plane is built with unique folding wingtips that snap upward after landing."
81 thousand tons,How many thousands of tons did the historic ocean liner Queen Mary weigh?,"During World War II, the ship was painted grey and used as a troop transport, setting an all-time record by carrying 16,683 soldiers on a single voyage."
1958,In what year did the famous nuclear-powered submarine USS Nautilus make the first ever underwater transit of the North Pole?,The navigation crew had to rely on advanced inertial guidance systems because standard magnetic compasses become completely useless near the pole.
37 miles [60 km],"How many miles long is the longest individual subway tunnel corridor in the world (located in Guangzhou, China)?","The entire Guangzhou Metro Line 3 runs completely underground through this single continuous tube, cutting through the heart of the city."
"200 PSI [1,379 kPa]","What is the standard tire pressure, in pounds per square inch (PSI), used inside the main landing gear wheels of a commercial jetliner?","This extreme pressure is roughly six times higher than a standard car tire. To prevent dangerous blowouts from friction heat, the tires are filled with pure nitrogen gas."
40 million,How many millions of cars pass across the famous Golden Gate Bridge in San Francisco every single year?,"The bridge’s unique orange color (International Orange) was originally just an anti-rust primer coat, but architects kept it because it was highly visible in thick fog."
1952,"In what year was the first commercial jet airliner, the De Havilland Comet, introduced to public service?",Early models suffered tragic crashes due to metal fatigue caused by square passenger windows; this discovery forced all future airplanes to use rounded windows.
16 cylinders,"How many cylinders power the engine block of the ultimate luxury supercar, the Bugatti Chiron?","The quad-turbocharged W16 engine produces an astronomical 1,500 horsepower, allowing the car to flash from 0 to 60 mph in 2.3 seconds."
"84,000 gallons [317,974 liters]","What is the maximum fuel capacity of a massive Airbus A380 superjumbo passenger jet, in gallons?","The fuel weight alone accounts for over 560,000 pounds, which is stored across massive tanks running the entire length of the wings."
7,How many distinct blades make up the massive main rotor assembly of an international Sikorsky CH-53K heavy-lift helicopter?,The blades are constructed out of advanced military composites and can swing with enough lift power to pick up a full-sized armored vehicle.
1964,"In what year did the iconic British sports car brand, Aston Martin, debut the classic DB5 car in the James Bond movie *Goldfinger*?","The actual movie car was fitted with real steel spinner hubs, smoke screens, and a functional sunroof that let an ejection seat dummy fly out."
"1,092 feet [333 m]","What is the total length of a standard modern aircraft carrier (such as the USS Gerald R. Ford), in feet?","The massive flight deck functions as a floating military city, supporting a crew of over 4,500 personnel and up to 75 combat jets."
10.8 thousand miles,How many thousands of miles can a modern Boeing 777-200LR fly non-stop on a full tank of fuel?,This incredible range allows the plane to comfortably connect virtually any two cities on Earth with a single continuous flight.
1981,In what year did the United States officially launch the very first Space Shuttle mission (Columbia)?,It marked the first time in aviation history that a rocket system used reusable solid fuel boosters and an orbital glider that landed back on a standard runway.
10,How many separate gears are engineered inside the advanced automatic transmission of a modern Ford F-150 truck?,"The transmission uses computer chips to continuously optimize gear ratios, skipping gears entirely during acceleration to maximize fuel efficiency."
4 feet [1 m],"What is the width of a standard international railway track gauge, measured between the rails in feet?","This standard gauge accounts for over 60% of all railways worldwide, originating from the old coal tramway tracks built in England."
20,How many individual lifeboats were carried by the Titanic on its tragic maiden voyage?,"While 20 lifeboats was legally more than the outdated regulations required at the time, it was only enough to save about half of the people on board."
1969,In what year did the luxury ocean liner Queen Elizabeth 2 (QE2) embark on her historic maiden voyage across the Atlantic?,The legendary ship served as a flagship for the Cunard Line for nearly 40 years before being permanently converted into a floating hotel in Dubai.
100 thousand horsepower,How many thousands of horsepower are generated by the massive diesel engines driving a modern container ship?,The pistons inside these multi-story engines are so large that engineers can actually walk inside the cylinders to perform maintenance.
853,What is the maximum passenger seating capacity of the world's largest commercial airliner (Airbus A380) in an all-economy setup?,"While most airlines configure the twin-deck plane with around 500 seats to make room for first-class suites, the legal safety exit limit allows for 853."
2 minutes,How many minutes long did the world's shortest scheduled commercial international flight last?,"Operated by Loganair between the Scottish islands of Westray and Papa Westray, the flight covers just 1.7 miles and can take as little as 47 seconds with a tailwind."
1869,"In what year did the historic transcontinental railroad link up with the golden spike at Promontory Summit, Utah?",The breakthrough slashed coast-to-coast travel time across the United States from an arduous six months down to just six days.
32,How many wheels touch the tarmac on a massive Antonov An-225 Mriya cargo aircraft landing gear?,The plane required this extreme wheel count to distribute its maximum takeoff weight of 1.4 million pounds without crushing runways.
"1,600 feet [488 m]","What is the maximum depth, in feet, that a standard modern military nuclear submarine can safely dive down to?","While exact capabilities are highly classified secrets, naval experts estimate the absolute hull crushing threshold sits around 2,400 feet."
104 million,How many millions of passengers pass through the world's busiest airport (Atlanta Hartsfield-Jackson) every year?,The airport owes its extreme traffic to its geographic location; it sits within a two-hour flight of 80% of the United States population.
1889,In what year did the construction of the iconic Eiffel Tower in Paris officially finish?,"Built as the entrance arch for the World’s Fair, it was originally meant to be torn down for scrap metal after 20 years, but was saved because it worked perfectly as a radio antenna."
"1,860",How many distinct steps must a visitor climb to reach the very top of the Empire State Building's 102nd floor?,"The building hosts an annual ""Run-Up"" race where elite athletes sprint up the first 1,576 steps to the 86th-floor observatory deck in under 10 minutes."
12 feet [4 m],"What is the thickness of the heavy concrete foundation pad supporting the Burj Khalifa skyscraper, in feet?","The massive solid concrete block is packed with over 110,000 tons of heavy steel reinforcement bars to distribute the skyscraper's weight safely over the sand."
52,How many stone arches form the classic structure of the historic Pont du Gard Roman aqueduct in France?,"Built in the 1st century AD, the precision of the aqueduct is so incredible that it slopes down by just 1 inch across its entire 30-mile length."
1973,"In what year did the construction of the famous Sydney Opera House finish, opening to the public?","The complex architecture of the soaring roof ""shells"" baffled engineers for years until they realized they could all be cut from the surface of a single perfect sphere."
16,How many granite columns support the grand portico entrance of the historic Pantheon temple in Rome?,"Every single column was carved from a single solid block of grey granite in Egypt, transported down the Nile River on barges, and hauled across the sea."
"4,200 feet [1,280 m]","What is the span length of the main suspension deck of the Golden Gate Bridge, in feet?","When it was completed in 1937, it was the longest suspension bridge span in the world, a record it held for over 25 years."
24 thousand windows,How many thousands of windows are built into the massive exterior facade of the Burj Khalifa tower?,It takes a dedicated team of professional window washers roughly three to four full months of continuous cleaning to wash the entire exterior once.
1930,"In what year did the historic Chrysler Building in New York open, briefly holding the title of tallest building?","The architect secretly constructed a 125-foot steel spire inside the building's core, hoisting it through the roof at the last minute to surprise rivals and clinch the height record."
"2,300 rooms",How many rooms are built inside the sprawling historic Palace of Versailles in France?,"The palace’s famous Hall of Mirrors contains 357 individual glass mirrors, which were placed to reflect the gardens outside and showcase absolute royal wealth."
142 feet [43 m],"What is the diameter of the massive concrete dome of the Pantheon in Rome, in feet?","Nearly 2,000 years after it was constructed, it remains the largest unreinforced solid concrete dome in the world."
7.3 thousand tons,How many thousands of tons of structural steel make up the framework of the Eiffel Tower?,"The tower is so sensitive to temperature that the iron framework expands in summer heat, causing the peak to shift up to 6 inches taller."
1894,In what year did the construction of the famous Tower Bridge in London officially finish?,"The heavy drawbridge bascules are driven by massive hydraulic machinery, which originally used steam engines to pump water into accumulator storage tanks."
135,How many distinct spires rise from the ornate roofline of the famous Duomo di Milano (Milan Cathedral)?,"The massive Gothic cathedral took nearly six centuries to fully finish, featuring more individual statues (over 3,400) than any other building on Earth."
605 feet [184 m],"What is the height of the iconic Space Needle in Seattle, Washington, measured in feet?","Built for the 1962 World’s Fair, the tower's foundation is buried 30 feet deep in concrete, shifting its center of gravity low enough to withstand 200 mph winds."
"9,999 rooms according to legend","How many thousands of rooms are built inside the Forbidden City palace complex in Beijing, China?","Ancient Chinese mythology stated that only heaven could possess a palace with 10,000 rooms, so the emperors built just short of that number out of respect."
1965,"In what year was the historic Gateway Arch in St. Louis, Missouri, officially completed?","The arch is exactly as tall as it is wide (630 feet), and it was constructed by stacking triangular stainless steel segments on both sides until they met in the middle."
46,How many separate marble columns line the exterior of the historic Parthenon temple in Athens?,"The columns are engineered with a subtle outward swelling (entasis) and tilt slightly inward to correct optical illusions, making them appear perfectly straight to human eyes."
102 miles [164 km],"What is the total length of the world’s longest bridge structure (The Danyang-Kunshan Grand canal bridge in China), in miles?","The massive high-speed railway viaduct runs across the Yangtze River delta, elevated safely over swamps, lakes, and rice paddies."
4 million bricks,How many millions of bricks were laid to construct the historic red-brick cathedral of Santa Maria del Fiore in Florence?,"Master builder Filippo Brunelleschi engineered the massive dome without using any wooden scaffolding support, laying the bricks in a unique herringbone pattern so they wouldn't collapse inward during construction."
365 steps,How many steps climb the side of the famous Mayan pyramid El Castillo at Chichen Itza?,"Each of the four staircases has 91 steps, which when added to the top platform step totals exactly 365—matching the number of days in a calendar year."
555 feet [169 m],"What is the height of the historic Washington Monument obelisk in Washington, D.C., in feet?","When it was finished in 1884, it was the tallest structure on Earth, until it was eclipsed by the construction of the Eiffel Tower five years later."
"5,434",How many distinct cable strands are bundled together to form each main suspension cable of the Brooklyn Bridge?,"It was the first suspension bridge to use galvanized steel wire, which was spun back and forth across the river gap using unique traveling wheels."
1931,In what year did the iconic Empire State Building officially open its doors to the public?,"Constructed during the Great Depression, the entire steel and stone framework was put together in just 410 days, climbing at a record pace of over four floors per week."
20 thousand tons,How many thousands of tons of white marble were quarried to construct the magnificent Taj Mahal in India?,"The marble was hauled across the country over a massive 200-mile track by a dedicated fleet of over 1,000 industrial elephants."
"6,532 feet [1,991 m]","What is the length of the main span of the famous Akashi Kaikyo Bridge in Japan, the longest suspension bridge path, in feet?","The bridge’s length was originally shorter, but a massive 7.2 magnitude earthquake in 1995 shifted the towers apart by an extra 3 feet mid-construction."
775 rooms,How many separate rooms are built inside the historic Buckingham Palace in London?,"The palace layout features 78 bathrooms, 92 offices, and 188 dedicated staff bedrooms to support the royal household operations."
1990,"In what year did the famous leaning campanile, the Leaning Tower of Pisa, officially close for a massive stabilization repair project?","Engineers spent over a decade removing earth from the high side of the foundation, safely straightening the tower's tilt by 15 inches."
"2,300,000",How many individual stone blocks make up the structure of the Great Pyramid of Giza?,"Each individual stone block weighs an average of 2.5 tons, packed together so tightly that you cannot slide a thin piece of paper between them."
148 feet [45 m],"What is the width of the famous Arc de Triomphe monument in Paris, measured in feet?","Commissioned by Napoleon after his victory at Austerlitz, the vault is so massive that a daredevil pilot flew a biplane straight through the archway in 1919."
"11,324",How many individual structural steel beams form the geodesic dome of Spaceship Earth at Disney's Epcot?,"The massive sphere is actually a double-layer structure, with an inner sphere handling the ride path and an outer shell handling weather protection."
1600 BC,In what year did the construction of the ancient stone monument Stonehenge finish its final configuration?,"The massive sandstone blocks were hauled over 15 miles across the countryside, while the smaller blue stones were traced back to quarries over 140 miles away in Wales."
7,How many separate structural arches form the foundation length of the famous Westminster Bridge in London?,"Painted green to match the leather seats in the House of Commons, it is the oldest surviving bridge across the Thames River in central London."
84 feet [26 m],"What is the height of the soaring stone obelisk at the center of St. Peter's Square in Vatican City, in feet?",The solid red granite obelisk contains no inscriptions and was originally brought to Rome from Egypt by Emperor Caligula to decorate his circus racetrack.
284,How many separate columns form the perimeter colonnade around St. Peter’s Square?,"Designed by Gian Lorenzo Bernini, the four rows of massive columns are arranged in a unique radial grid that creates an optical alignment from the center of the square."
1869,In what year did the construction of the famous Neuschwanstein Castle in Bavaria begin?,"Built by King Ludwig II as a private retreat, the fairy-tale castle's design served as the direct visual inspiration for Walt Disney's Sleeping Beauty Castle."
673,How many individual glass panes make up the geometric pyramid entrance at the Louvre Museum in Paris?,"Designed by architect I.M. Pei, the glass diamond configuration caused a massive public controversy before becoming a beloved landmark."
"5,989 feet [1,825 m]","What is the total length of the famous Brooklyn Bridge, measured from end to end in feet?","To prove to anxious New Yorkers that the new suspension bridge was completely safe, showman P.T. Barnum marched a parade of 21 circus elephants across the span in 1884."
200 years,How many years did it take to finish building the massive stone wall fortifications around the city of Carcassonne in France?,"The historic fortress features a double layer of massive stone walls dotted by 52 towers, making it one of the largest medieval castles in Europe."
1503,"In what year did Leonardo da Vinci finish painting his legendary portrait, the *Mona Lisa*?","The painting is surprisingly small, measuring just 30 inches by 21 inches, and it is painted on a solid plank of poplar wood rather than canvas."
14,How many distinct lines are structured into a traditional literary Sonnet poem?,"Shakespeare wrote over 154 sonnets throughout his career, almost all following a strict rhyme scheme written in iambic pentameter."
2 words,What is the total number of words used in the English language's shortest complete sentence?,"To form a complete sentence, a phrase requires a subject and a verb. ""Go!"" is unique because the subject (""You"") is implied."
47,How many strings are stretched across the sounding board of a standard modern concert harp?,"The strings are color-coded to help the player navigate the instrument: all C strings are red, and all F strings are black or dark blue."
1623,In what year was the first complete edition of William Shakespeare’s plays (The First Folio) published?,"Published seven years after his death, the book saved 18 of his classic plays from being lost forever, including *Macbeth* and *The Tempest*."
15 letters,How many letters make up the longest word in the English language without any repeating letters?,"Another 15-letter word sharing this record is ""Dermatoglyphics,"" which refers to the study of fingerprints skin ridges."
74 minutes,"What is the total running time of Ludwig van Beethoven’s famous Ninth Symphony, in minutes?",This specific duration was used by Sony engineers in the 1980s to define the digital storage size of the standard compact disc.
135 chapters,How many individual chapters make up the epic classic novel *Moby-Dick* by Herman Melville?,"Despite its legendary status today, the book was a commercial failure during Melville’s lifetime, selling fewer than 3,000 copies before his death."
1793,In what year did the Louvre Museum in Paris first open its doors to the public as an art gallery?,"Opened during the French Revolution, the gallery originally showcased a collection of 537 paintings confiscated from the royal family and church."
12,How many distinct characters are built into the standard alphabet of the Hawaiian language?,"The alphabet consists of just five vowels (A, E, I, O, U) and seven consonants (H, K, L, M, N, P, W), making it one of the shortest in the world."
17 feet [5 m],"What is the height of Michelangelo’s famous marble statue of David, measured in feet?",Michelangelo carved the towering masterpiece out of a single block of white Carrara marble that had been discarded and left exposed to the elements by other sculptors for over 40 years.
50 words,How many total words did author Dr. Seuss use to write the entire book *Green Eggs and Ham*?,"He wrote the book on a bet with his publisher, Bennett Cerf, who bet him $50 that he couldn't write an entire story using 50 or fewer unique words."
1818,In what year was the famous science fiction novel *Frankenstein* by Mary Shelley first published?,She wrote the iconic horror story when she was just 18 years old during a rainy summer trip to Switzerland with friends.
24,How many distinct letters form the Greek alphabet?,"The alphabet starts with Alpha and ends with Omega, a configuration that has remained unchanged for thousands of years."
120 feet [37 m],"What is the total length of the canvas scroll used by Jack Kerouac to type his novel *On the Road*, in feet?",He taped sheets of architectural tracing paper together into a single continuous roll so he could type at a frantic pace without stopping to load individual sheets into his typewriter.
4,How many individual panel squares make up the comic grid layout of a standard daily *Peanuts* comic strip?,"Charles Schulz drew, wrote, and lettered every single *Peanuts* strip himself for nearly 50 straight years without a single assistant."
1889,"In what year did Vincent van Gogh paint his famous masterpiece, *The Starry Night*?","He painted the swirling night sky from memory while looking out the window of his room at an asylum in Saint-Rémy-de-Provence, France."
60 thousand words,"How many thousands of words make up the massive dictionary definition text of the word ""Set,"" the English word with the highest number of definitions?","In the Oxford English Dictionary, the word ""set"" requires over 60,000 words of text to list its more than 430 distinct meanings."
230 feet [70 m],"What is the length of the famous Bayeux Tapestry embroidery masterpiece, in feet?","Embroidered in the 11th century, the long cloth tells the visual story of the Norman Conquest of England across 58 distinct scenes."
1,How many total paintings did artist Vincent van Gogh manage to sell to buyers during his lifetime?,"The only painting he officially sold was *The Red Vineyard*, purchased by an artist friend for 400 francs just months before his death."
1937,"In what year did J.R.R. Tolkien publish his epic high-fantasy novel, *The Hobbit*?","Tolkien originally wrote the story simply to amuse his own children, but a student convinced him to submit the manuscript to a publisher."
41,How many stringed keys are laid across the mechanical keyboard layout of a standard concert accordion?,"The right hand operates these piano-style keys, while the left hand operates a grid of up to 120 button keys to trigger bass chords."
"481,103 words",What is the total word count of the entire *The Lord of the Rings* novel trilogy combination?,"Tolkien spent over 12 years writing the massive epic, which he originally intended to publish as a single massive volume."
16,How many distinct holes are drilled along the body of a standard orchestral concert flute?,The player manipulates a complex system of padded keys mounted on rods to seal these holes and alter the acoustic pitch.
1755,In what year was the first official dictionary of the English language published by Samuel Johnson?,"It took him nine years to compile the 40,000 words completely alone; by comparison, it took 40 French scholars 55 years to finish the French dictionary."
34 letters,How many letters make up the longest word ever used in an official title of a Hollywood movie?,Most audiences simply refer to the parody film series short-title rather than reciting the full 41-word comedic title.
"90,000 words",What is the average number of words found in a standard modern fiction novel manuscript?,"Fantasy and historical fiction novels regularly trend much longer, often crossing past 120,000 words to establish complex lore."
230,How many stringed wires are tuned inside a standard orchestral grand piano frame?,"While there are 88 keys, most notes use three tightly grouped steel strings tuned to the exact same pitch to create a richer, louder sound."
1535,In what year was the first complete English translation of the Bible (The Coverdale Bible) printed?,"Printed in Europe, it was the first English translation to include the Old and New Testaments circulated freely without censorship."
7,How many distinct stanzas make up the famous classic nonsense poem *The Jabberwocky* by Lewis Carroll?,"He wrote the opening stanza years before publishing it, originally presenting it as a snippet of ""ancient Anglo-Saxon poetry."""
98 feet [30 m],"What is the height of the grand statue of Christ the Redeemer in Rio de Janeiro, in feet?","This height excludes its massive 26-foot concrete pedestal base, and the entire statue is covered in a mosaic of thousands of soapstone tiles."
300,How many individual copper pieces were riveted together to form the shell of the Statue of Liberty?,"The skin is surprisingly thin, measuring just 3/32 of an inch thick—roughly the same thickness as two pennies stacked together."
1949,"In what year did author George Orwell publish his famous dystopian political novel, *1984*?","He originally wanted to title the book *The Last Man in Europe*, but his publisher convinced him to switch it to *1984* for a more commercial feel."
19,How many stringed frets are lined up along the neck of a standard modern classical guitar?,The frets are placed at mathematically calculated intervals based on the twelfth root of two to ensure note tuning remains accurate.
6 words,What is the total word count of the shortest novel ever written by Ernest Hemingway on a bet?,He reportedly wrote the heart-wrenching flash fiction piece on a napkin at a restaurant to win a ten-dollar bet from fellow writers.
700,How many distinct character symbols make up the ancient Egyptian hieroglyphic writing system?,"The symbols could function as sounds (phonograms), whole words (ideograms), or guides to clarify meaning (determinatives)."
1978,In what year did the iconic comic strip *Garfield* make its syndication debut across U.S. newspapers?,Creator Jim Davis designed the character with a cynical personality specifically to fill a gap he noticed for marketable comic animals.
12 thousand words,How many thousands of words make up the classic epic poem *The Odyssey* by Homer?,"The ancient Greek classic was originally composed entirely as an oral song, passed down through memory before being written down centuries later."
70 meters,"What is the total length of the famous Bayeux Tapestry embroidery cloth, in meters?","The masterwork is actually an embroidery stitched with colored wool yarns on a linen background, rather than a true woven tapestry."
100 cantos,"How many individual cantos make up Dante Alighieri’s epic structural masterpiece, *The Divine Comedy*?","The work is split into three parts—*Inferno*, *Purgatorio*, and *Paradiso*—each containing 33 cantos, plus one introductory canto."
1996,In what year did scientists first clone a mammal from an adult somatic cell (Dolly the Sheep)?,"Dolly was created using a cell taken from the mammary gland of a six-year-old sheep, proving that specialized adult cells could be reprogrammed."
1.4 billion,How many individual lightning bolts hit the surface of planet Earth over the course of a single year?,"This massive electrical activity acts as a global thermostat, transferring immense heat energy from hot tropical zones up into the atmosphere."
57 lbs [26 kg],"What is the weight of a single cubic foot of solid, compacted glacial ice, in pounds?",Glacial ice is significantly denser than regular home freezer ice because centuries of heavy snow weight compress out all air bubbles.
60,How many separate elements from the Periodic Table are present in trace amounts inside a healthy human body?,"While oxygen, carbon, hydrogen, and nitrogen make up 96% of your mass, you also contain trace amounts of gold, copper, and uranium."
1979,In what year did the worst nuclear accident in U.S. commercial history occur at Three Mile Island?,"A mechanical failure combined with operator error led to a partial core meltdown, triggering sweeping changes in U.S. nuclear regulations."
67 thousand mph,How many thousands of miles per hour does the planet Earth cruise at along its orbital path around the sun?,"Even though we feel motionless, we are hurdling through deep space at over 18 miles per second to complete our annual loop."
400 years,"What is the maximum recorded lifespan of a deep-sea Greenland Shark, in years?","They live in freezing Arctic waters and grow at a sluggish pace of less than 1 centimeter per year, reaching sexual maturity around age 150."
70,How many separate muscles coordinate together just to let a human speak a single complete word?,"Speaking requires micro-precision synchronization between muscles in your lungs, vocal cords, tongue, lips, and jaw."
1995,In what year did astronomers first confirm the discovery of an exoplanet orbiting a sun-like star outside our solar system?,"Named 51 Pegasi b, the massive gas planet orbits incredibly close to its host star, completing a full ""year"" in just four Earth days."
40 million tons,How many millions of tons of space dust and cosmic debris rain down into Earth's atmosphere every year?,The vast majority of this space debris consists of microscopic particles that burn up harmlessly as shooting stars.
-38°F [-39°C],"What is the freezing temperature of pure mercury metal, in degrees Fahrenheit?","Because it remains a liquid at standard room temperatures, mercury was the foundational fluid used in early scientific thermometers."
"300,000,000",How many separate chemical scent receptors are packed inside a domestic dog's snout?,"Humans only possess about 6 million scent receptors, making a dog's sense of smell roughly 10,000 to 100,000 times more acute than ours."
1985,In what year did a team of deep-sea explorers first locate the underwater wreckage of the Titanic?,"Discovered by Robert Ballard, the wreck sits split in two pieces on the seafloor, covered in rust-eating bacteria formations called ""rusticles."""
0,How many individual bones make up the entire skeleton of a standard adult shark?,"Sharks are elasmobranchs, meaning their skeletons are composed entirely of flexible, lightweight cartilage rather than hard bone."
250 mph [402 km/h],"What is the top speed that a nerve impulse can travel along a human neuron pathway, in miles per hour?","High-speed signals are wrapped in an insulating fatty layer called myelin, allowing your brain to react to pain inputs in milliseconds."
100 million times,How many thousands of times brighter than the Sun is a typical exploding supernova star?,"A single supernova can temporarily outshine its entire host galaxy, releasing more energy in weeks than our sun will emit in its 10-billion-year life."
1999,In what year did the global human population officially cross the 6 billion threshold?,"The jump from 5 billion to 6 billion took just 12 years, marking the fastest population doubling rate in human history."
"6,000",How many distinct types of minerals are classified by geologists on Earth today?,"New minerals are discovered every year, but fewer than 100 are considered common rock-forming minerals that build Earth's crust."
"16,000 PSI [110,316 kPa]","What is the pressure, in pounds per square inch (PSI), at the very bottom of the Mariana Trench?","This extreme crushing pressure is equal to balancing an elephant on your thumb, yet specialized amphipods and microbes still thrive there."
120 million,How many millions of red blood cells are manufactured by a healthy human adult's bone marrow every single minute?,These cells circulate through your body for roughly 120 days before breaking down and being recycled by your spleen.
2019,In what year was the first ever photograph of a supermassive Black Hole captured and revealed to the world?,"Captured by the Event Horizon Telescope, the image shows the shadow of the black hole at the center of the M87 galaxy, 55 million light-years away."
5,How many distinct geographic oceans are recognized by the international scientific community?,"They are the Pacific, Atlantic, Indian, Arctic, and the Southern (Antarctic) Ocean, which was officially recognized in 2000."
670 million mph,"What is the speed of gravity's pull through deep space, measured in millions of miles per hour?","Einstein proved that gravity propagates as waves traveling at exactly the speed of light. If the sun vanished, Earth would keep orbiting its empty spot for 8 minutes."
"20,000",How many individual genes make up the entire blueprint of a standard human DNA strand?,"Surprisingly, water fleas and corn plants actually possess significantly more individual genes than humans do."
1953,In what year did a team of scientists first successfully map the structure of a DNA double helix?,"Discovered by Watson, Crick, and Franklin, the breakthrough revealed how genetic data is structurally stored and replicated."
1.5 thousand miles,How many thousands of miles wide is the Earth's solid inner core?,"Composed of an iron-nickel alloy, the inner core remains solid despite temperatures topping 9,800°F due to immense pressure."
10 days,"What is the average lifespan of a taste bud cell on a human tongue, in days?","The cells are continuously shedding and regenerating, which is why your tongue recovers quickly after being burned by hot food."
32,How many individual muscles are built inside a cat’s ears to let them rotate independently?,These muscles allow a cat to rotate its ears up to 180 degrees to pinpoint the exact location of a sound without moving its head.
1960,In what year did the United States launch the very first weather satellite into orbit (TIROS-1)?,"Operating for just 78 days, it sent back the first television images of Earth’s cloud patterns from space, revolutionizing forecasting."
27,How many separate bones form the flexible framework of a standard human hand and wrist?,"Your wrist alone contains 8 small, intricately shaped carpal bones packed tightly together to maximize wrist mobility."
16%,"What is the surface gravity of the Moon, measured as a percentage of Earth's gravity?","This low gravity is why Apollo astronauts had to navigate the moon's surface using a unique, bounding ""kangaroo hop"" stride."
2.5 million light-years,How many millions of light-years away from Earth is our nearest neighboring large galaxy (Andromeda)?,"Andromeda is hurdling toward our Milky Way galaxy at 250,000 mph; the two are projected to collide and merge in about 4.5 billion years."
24,"How many separate elements on the Periodic Table are completely synthetic, meaning they only exist when made in labs?","These heavy elements are highly unstable, often decaying into lighter elements within fractions of a single second after creation."
-128.6°F [-89.2°C],"What is the absolute lowest temperature ever recorded in nature on Earth's surface, in degrees Fahrenheit?","This blistering cold temperature was measured at the Soviet Vostok Station in Antarctica on July 21, 1983."
34 million miles,How many millions of miles away from Earth is the planet Mars at its absolute closest point?,"Because both planets have elliptical orbits, the gap between Earth and Mars varies wildly, stretching up to 250 million miles apart."
1986,In what year did the worst recorded nuclear disaster in history occur at the Chernobyl power plant?,The explosion released roughly 400 times more radioactive fallout into the atmosphere than the atomic bomb dropped on Hiroshima.
5,How many separate layers make up the Earth's atmosphere?,"They are the troposphere, stratosphere, mesosphere, thermosphere, and exosphere. Over 75% of all atmospheric gas is packed inside the lowest layer."
"50,000°F [27760°C]","What is the peak temperature reached inside a core strike of a lightning bolt, in degrees Fahrenheit?","This blistering thermal energy is roughly five times hotter than the actual surface of the Sun, causing the surrounding air to explode into the sound of thunder."
"230,000,000 years",How many years does it take our solar system to complete one full orbital revolution around the center of the Milky Way galaxy?,"Known as a ""Galactic Year,"" the last time Earth was at this exact spot in the galaxy, the very first dinosaurs were just beginning to evolve."
10,How many total movies are in the main *Fast & Furious* saga (excluding the Hobbs & Shaw spin-off)?,"The franchise has brought in billions of dollars globally, evolving from low-stakes street racing into massive, physics-defying global heist missions."
2014,In what year did Taylor Swift release her universally acclaimed electronic-pop masterpiece album *1989*?,"Named after her birth year, it marked her official permanent crossover transition from country music icon to global pop titan."
10,"How many distinct, individual MCU movies did actor Robert Downey Jr. star in as Iron Man (including major cameos like *The Incredible Hulk*)?","His historic run began in 2008 and wrapped up with *Avengers: Endgame* (2019), anchoring the most profitable film franchise in cinema history."
7,What is the total number of Oscars won by the historical epic *Oppenheimer* at the 2024 Academy Awards?,"Christopher Nolan’s cinematic masterpiece dominated the night, taking home major awards including Best Picture, Best Director, and Best Actor."
2016,In what year did actor Leonardo DiCaprio finally win his very first Best Actor Oscar for his grueling performance in *The Revenant*?,"Despite delivering legendary performances for over two decades in films like *Titanic* and *The Wolf of Wall Street*, it took sleeping inside an animal carcass on screen to secure the win."
31 million dollars,How many whole millions of dollars did actor Keanu Reeves donate from his *The Matrix* earnings to cancer research?,Reeves quietly set up a private charitable foundation to support children's hospitals and cancer research without attaching his celebrity name to it.
45 feet [14 m],"What is the official height of the iconic Hollywood Sign letters in California, measured in feet?","When constructed in 1923, it initially read ""HOLLYWOODLAND"" and was lit up by thousands of flashing light bulbs to advertise a new housing tract."
9,"How many total permanent, numbered main episodes make up the beloved sci-fi space fantasy *Star Wars* Skywalker Saga?","The series is famously split into three distinct trilogies, kicking off right in the middle with *Episode IV: A New Hope* back in 1977."
2009,"In what year did the legendary pop star Michael Jackson tragically pass away, shocking music fans worldwide?","The sudden news triggered unprecedented internet traffic jams, briefly crashing major websites like Google, Twitter, and Wikipedia simultaneously."
500,How many times has actor Tom Cruise leaped out of an airplane or performed a skydive just to film a single movie stunt sequence?,"To prep for the ""HALO"" jump in *Mission: Impossible – Fallout*, Cruise trained out of a custom wind tunnel and jumped hundreds of times to ensure micro-precision camera framing."
202 minutes,"What is the total runtime of the cinematic masterpiece *The Godfather Part II*, measured in minutes?","Spanning nearly three and a half hours, it became the first sequel in Hollywood history to win the Academy Award for Best Picture."
579 million dollars,How many millions of dollars did pop star Beyoncé bring in from her record-shattering *Renaissance World Tour*?,"The massive stadium tour spanned dozens of global cities, drawing millions of fans and single-handedly boosting local economies."
2020,In what year did the historic Korean film *Parasite* shatter records by becoming the first non-English language movie to win Best Picture at the Oscars?,"Director Bong Joon-ho's razor-sharp dark comedy thriller took home four major Academy Awards, transforming global cinema visibility overnight."
4,How many total outfits did pop icon Lady Gaga wear during her legendary 2017 Super Bowl Halftime show performance?,"Her high-energy performance kicked off with a daring leap from the stadium roof structure, suspended by specialized safety wires."
72 feet [22 m],"What is the exact width of a standard IMAX movie theater screen, measured in feet?",Standard commercial screens pale in comparison; a true 15/70mm IMAX projector throws a massive image that fully fills a viewer's peripheral vision.
4,How many distinct main characters did comic genius Eddie Murphy play inside the 1988 classic comedy *Coming to America*?,"Alongside Prince Akeem, Murphy spent hours in intense special effects makeup to play a barbershop owner, a Jewish customer, and a soul singer."
2021,"In what year did the massive streaming phenomenon *Squid Game* drop on Netflix, becoming an instant global obsession?","It became Netflix's most-watched series launch of all time, pulling in over 1.6 billion hours of viewership in its first month alone."
2.5 thousand rhinestones,"How many thousands of rhinestones were meticulously hand-sewn onto Marilyn Monroe’s famous ""Happy Birthday, Mr. President"" dress?",The sheer flesh-colored dress was so incredibly tight that Monroe had to be literally sewn into it right before walking out on stage in 1962.
"2,215 million dollars",How many millions of dollars did the animated blockbuster hit *Ne Zha 2* pull in globally to dominate the box office?,"Passing the $2.2 billion mark, it shattered records to become the highest-grossing animated feature film of all time."
1905,In what year did the very first commercial movie theater (The Nickelodeon) open its doors to the public in Pittsburgh?,"It earned its name because admission cost exactly one nickel, screening short silent films accompanied by a live piano player."
88 lines,How many distinct lines of text scroll down the screen during the iconic opening crawl of the original 1977 *Star Wars* movie?,"George Lucas filmed the crawl by placing large physical yellow letters across a black board on the floor, moving the camera slowly over them."
400 lbs [181 kg],"How many pounds did the massive, fully mechanical alien queen model weigh during the filming of James Cameron's *Aliens*?","Operating the giant monster puppet required a complex internal system of wires, hydraulics, and two puppeteers tucked inside its torso."
2010,In what year did pop sensation Justin Bieber first break onto the global music scene with his viral hit *Baby*?,"The music video held the record for the most viewed and, hilariously, the most disliked video on YouTube for several years."
21,How many total film nominations did actress Meryl Streep stack up to hold the all-time record at the Academy Awards?,"Streep has taken home three competitive golden statuettes so far, winning for *Kramer vs. Kramer*, *Sophie’s Choice*, and *The Iron Lady*."
36 inches [91.4 cm],"What is the diameter of a standard Hollywood Walk of Fame star, measured in inches?","Made of durable terrazzo and brass, the stars honor icons across five distinct entertainment categories: Film, TV, Audio, Radio, and Live Theater."
50 million dollars,"How many millions of dollars did actor Dwayne ""The Rock"" Johnson rake in to set a record paycheck for a single film role?",He secured this massive flat upfront salary for his role in the action blockbuster holiday film *Red One*.
1995,"In what year did the legendary animation studio Pixar release *Toy Story*, the world's very first fully computer-animated feature film?","The film required a massive computer render farm running continuously for months, pushing early tech to its absolute limits."
20,How many legal moves are possible on the very first turn of a standard game of chess (a frequent pop culture motif)?,This includes 16 starting options for the front row pawns and 4 agile jump options for the two knights on the board edges.
19 weeks,How many weeks did rapper Lil Nas X dominate the Billboard Hot 100 chart with his viral smash *Old Town Road*?,"It holds the all-time record for the longest-running number-one single in Billboard history, fueled by TikTok memes and remixes."
2019,In what year did the Marvel Cinematic Universe culminate its decade-long storyline with the release of *Avengers: Endgame*?,"The film went on to gross over $2.79 billion globally, briefly eclipsing *Avatar* as the highest-grossing film of all time."
"1,197,000",How many individual frames of hand-drawn artwork were required to animate the 1994 Disney classic *The Lion King*?,A massive team of over 600 artists and animators spent over three full years meticulously painting individual cells and backgrounds.
356°F [180°C],"What is the safe internal temperature, in degrees Fahrenheit, needed to perfectly pop a kernel of movie theater popcorn?","At this temperature, the tiny drop of water trapped inside the starchy kernel boils into steam, building up intense pressure until it explodes."
78,How many distinct camera cuts are stitched together to create the infamous 3-minute shower scene in Alfred Hitchcock's *Psycho*?,"The rapid-fire editing style shocked 1960s audiences, using a fast-moving camera and chocolate syrup to simulate blood pooling in the drain."
1984,In what year was the first official commercial MTV Video Music Awards (VMAs) broadcast live?,"Madonna delivered the night's most iconic performance, rolling around the stage in a white wedding dress while singing *Like a Virgin*."
13,How many total studio albums did the legendary rock band The Beatles officially release during their historic run?,"Spanning from *Please Please Me* (1963) to *Let It Be* (1970), they completely redefined the studio album as a cohesive art form."
60 seconds,What is the minimum number of seconds a film clip must run to be legally eligible for consideration at short-film festivals?,"Anything shorter is generally classified as micro-fiction or commercial content, requiring structural narrative arcs built inside a single minute."
290 million,How many active premium subscribers did the streaming titan Netflix hit globally?,"Netflix remains the undisputed king of digital streaming, driving massive pop culture trends with its worldwide content releases."
1990,In what year did computer scientist Tim Berners-Lee write the very first internet browser code at CERN?,"He built the system on a high-end NeXT computer workstation, which featured a prominent handwritten warning label: ""This machine is a server. DO NOT POWER IT DOWN!"""
32 bits,How many bits of data make up a single standard IPv4 internet protocol address network?,"This architectural limit restricts IPv4 to a maximum of roughly 4.3 billion unique web addresses, forcing the global transition to 128-bit IPv6."
480 Mbps,"What is the maximum data transfer speed of a standard modern USB 2.0 cable connection, in megabits per second?","While fast enough for basic mice and keyboards, it pales in comparison to modern USB4 connections that can blast data at 40,000 Mbps."
"2,800",How many individual logic gates were packed inside the historic Apollo Guidance Computer that navigated humans to the moon?,The entire computer was constructed using a single type of component: a 3-input NOR gate. It had less processing power than a modern electronic car key fob.
1995,In what year did developer Brendan Eich famously code the very first version of JavaScript in just 10 days?,"Commissioned by Netscape to create a lightweight scripting language for web browsers, it was originally rushed out under the name ""Mocha."""
16,How many distinct basic numeric digits are utilized in the base-16 hexadecimal programming code system?,"Hexadecimal uses standard numbers 0 through 9, alongside letters A through F to represent values from 10 to 15 in a highly compact layout."
443,What is the standard network port number assigned for secure encrypted HTTPS web traffic?,Unencrypted HTTP traffic default paths route through port 80. Port 443 utilizes SSL/TLS encryption protocols to safeguard passwords and data.
6 characters,How many characters long was the original strict length ceiling for a single variable name in early Fortran?,"This tight restriction forced early programmers to use bizarre, highly abbreviated variable names, making old source code incredibly cryptic to read."
1991,In what year did Linus Torvalds officially release the initial open-source Linux kernel to the world?,"He posted his pet project to a public newsgroup, noting that it was ""just a hobby"" and wouldn't be ""big and professional like GNU."" Today, it runs the entire internet."
100 billion,How many individual transistors are etched onto a single modern high-end computer microchip processor?,"Engineers utilize extreme ultraviolet (EUV) lithography lasers to print these nanoscale features, which are hundreds of times thinner than a single human hair strand."
100 meters,"What is the maximum length of a standard Ethernet network cable run before electrical signal degradation occurs, in feet?","Climbing past this physical distance threshold causes electrical attenuation, requiring an active network switch or signal repeater to jump further."
"5,000,000 bytes",How many bytes of data could be stored inside the very first commercial hard disk drive (the 1956 IBM RAMAC)?,"The massive drive system weighed over a ton, took up the floor space of an entire room, and utilized 50 giant magnetic platters spinning inside a heavy cabinet."
1991,"In what year was the wildly popular, elegant programming language Python first released by creator Guido van Rossum?","Van Rossum named the language after the classic British comedy troupe *Monty Python’s Flying Circus*, rather than the scaly reptile."
8 bits,How many distinct bits form a single standard data Byte in modern computer architecture?,"Early computer systems used bytes ranging from 4 to 12 bits, but the 8-bit standard locked into place permanently with the launch of the IBM System/360."
16 MHz,"What is the standard clock frequency of the quartz crystal oscillator inside a base-model microchip, in megahertz?","The crystal vibrates at this exact fixed mechanical frequency when hit with electricity, serving as the heartbeat that syncs code steps."
2008,"In what year did Apple launch the App Store, completely transforming the smartphone ecosystem overnight?","It opened with a modest selection of just 500 apps; within its very first weekend, iPhone users downloaded over 10 million apps."
64 characters,How many characters make up the exact maximum string length of a standard SHA-256 cryptographic hash value?,"SHA-256 converts any amount of input data into a fixed 64-character hexadecimal string, serving as the cryptographic foundation for Bitcoin security."
1.2 volts,What is the standard voltage rating used to power the internal core processing engine of a modern desktop computer CPU?,"While early chips required a hefty 5 volts, cutting-edge sub-nanometer chips run at low voltages to prevent the silicon from overheating and melting."
"1,100 million",How many millions of active websites are currently live on the global World Wide Web network?,"Despite this massive total, roughly 80% of these domains are completely parked or inactive, with traffic heavily concentrated on the top 1% of sites."
1974,In what year was the legendary structured database query language SQL first developed at IBM?,"It was originally designed under the acronym ""SEQUEL"" (Structured English Query Language) to let users search data records using simple English phrases."
32 bits,How many bits are allocated to track the Unix timestamp value before the infamous Year 2038 overflow bug hits?,"On January 19, 2038, standard 32-bit systems will run out of space to store seconds, rolling the clock all the way back to 1901."
50 GB,"What is the maximum storage capacity of a standard dual-layer High-Definition Blu-ray disc, in gigabytes?","Blu-ray drives utilize a tight blue-violet laser with a short 405-nanometer wavelength, packing data pits much closer than old red-laser DVDs."
7 pins,How many key pins form the mechanical connector interface of a standard modern SATA hard drive data cable?,"The ultra-slim 7-pin design completely replaced the clunky, wide 40-pin IDE ribbon cables that used to block airflow inside old PC cases."
2008,"In what year did Google officially launch its Android mobile operating system, deploying it on the HTC Dream?","The platform was originally built to run digital camera interfaces, until Google bought the startup and pivoted to challenge the iPhone."
2,How many distinct numeric digits are used to construct numbers in the fundamental computer Binary code system?,"Binary uses just 0 and 1, representing the physical on and off states of millions of microscopic electrical switches inside a processor."
23,What is the default port number assigned for setting up an unencrypted Telnet remote terminal connection?,"Telnet sends data in plain text, meaning anyone sniffing the network can spot passwords. Modern developers use secure, encrypted SSH connections on port 22 instead."
145 thousand lines,How many thousands of lines of code did software pioneer Margaret Hamilton compile to guide the Apollo 11 moon landing computer?,Hamilton hand-coded the software using assembly language. Her focus on asynchronous executive processing prevented a critical system crash during the lunar descent.
1989,"In what year did Nintendo launch the Game Boy in North America, locking in the hand-held gaming crown?","Despite utilizing a low-tech monochrome green screen without a backlight, it crushed more advanced color rivals because it ran for 30 hours on AA batteries."
"14,000",How many separate computational cores are packed inside a high-end commercial server graphics card chip (like the Nvidia H100)?,"Unlike a standard CPU that handles tasks one after another, these thousands of cores run mathematical calculations at the same time, driving advanced AI models."
19 inches [48.3 cm],"What is the physical width of a standard commercial enterprise server rack cabinet slot, in inches?","This uniform dimension is globally standardized, letting IT departments slide servers and network switches from any tech manufacturer into a single rack."
7 bits,How many bits make up a single basic character encoded under the classic ASCII computer text standard?,"A 7-bit system can hold exactly 128 unique values, which was plenty of space to map out the standard English alphabet, numbers, and basic punctuation marks."
1976,In what year did tech visionaries Steve Jobs and Steve Wozniak officially found Apple Computer out of a family garage?,"To gather the cash needed to build the initial Apple-1 circuit boards, Jobs sold his VW microbus van and Wozniak parted with his prized HP calculator."
19 pins,How many distinct data pins are wired inside the connector tip of a standard high-speed HDMI 2.0 video cable?,"The 19 separate pins are engineered to carry high-definition video, multi-channel surround sound audio, device control metadata, and low-voltage power channels simultaneously."
4 GB,"What is the absolute maximum file size limits, in gigabytes, supported by the old Microsoft FAT32 storage file system format?","If you try to copy a modern high-definition movie file larger than 4 gigabytes onto a FAT32 thumb drive, the operating system will toss an error, forcing a swap to exFMT or NTFS."
10 minutes,How many minutes did it take to execute the very first commercial automated transaction using Bitcoin cryptocurrency back in 2010?,"A developer named Laszlo Hanyecz famously paid a fellow crypto enthusiast 10,000 Bitcoins to order him two Papa John's pizzas, marking the first real-world trade."
1985,In what year was the first official commercial release of the high-level object-oriented programming language C++ unleashed?,"Created by Bjarne Stroustrup at Bell Labs, it was built as an enhancement to the original C language, adding classes and object paradigms while maintaining lightning speed."
4 bits,"How many individual data storage bits make up a single standard modern computer Byte if you split it into a ""Nibble""?","A nibble represents exactly half of an 8-bit byte, mapping perfectly to a single character typed out in hexadecimal format."
2.4 GHz,"What is the standard frequency used by long-range smart home IoT tech devices to talk over Wi-Fi bands, in gigahertz?","While slower than high-speed 5 GHz bands, the 2.4 GHz signal wave has longer wavelengths that easily punch through solid brick walls and concrete floors."
"1,000,000 million",How many millions of floating-point operations per second (flops) can a modern top-tier exascale supercomputer blast through?,Exascale computing systems require specialized water-cooling systems and use as much electricity as a small town to run climate models and molecular simulations.
"1,796",How many individual heavenly dancer figures (Apsaras) are meticulously carved across the stone walls of Angkor Wat?,"Every single one of these stone nymphs features a completely unique hairstyle, dress design, and hand mudra gesture."
14 years,How many years did the construction of the Forbidden City palace complex take from start to finish?,"Begun in 1406 by the Yongle Emperor, it required a workforce of over a million laborers, including thousands of master artisans and stone carvers."
2008,"In what year did the tech giant Google launch its iconic web browser, Google Chrome?",Chrome was introduced with an official comic book illustrated by Scott McCloud to explain its advanced multi-process sandbox architecture to developers.
"2,500,000",How many individual servers are estimated to power Google’s global cloud infrastructure network?,"This massive server farm handles over 8.5 billion searches every single day, consuming immense electricity optimized through custom AI cooling models."
"925,000 lbs [419,573 kg]","What is the weight of the massive main structural assembly of the International Space Station, in pounds?","Stretched out, the ISS covers the footprint of a full American football field, functioning as a continuous microgravity research lab for decades."
250,How many distinct programming languages are actively tracked in the global TIOBE index today?,"While hundreds exist, the top five languages (Python, C, C++, Java, and JavaScript) handle the vast majority of all global software production."
2000,"In what year did the infamous dot-com bubble hit its absolute peak, before crashing tech stocks globally?","The NASDAQ index skyrocketed as investors poured money into any startup with a `.com` suffix, leading to high-profile bankruptcies when the bubble burst."
"7,000 mph [11,265 km/h]",How many thousands of miles per hour does a satellite cruise at to maintain a geostationary orbit over Earth?,"At this exact speed, the satellite matches Earth’s rotational speed perfectly, staying locked over one spot on the map to handle satellite TV signals."
25 years,"What is the maximum recorded lifespan of a commercial fiber-optic data line buried under the ocean, in years?","Subsea cables are wrapped in thick protective steel layers to withstand extreme deep-sea pressure, shifting tectonic plates, and occasional shark bites."
"9,400",How many individual computing nodes are linked together inside the world's fastest supercomputer (Frontier)?,"Powered by advanced AMD processors, the system handles complex calculations at exascale speeds, consuming enough energy to power a small city."
1997,"In what year did researchers at IBM famously create Deep Blue, the supercomputer that beat world chess champion Garry Kasparov?","The historic match marked a massive turning point in AI visibility, as Deep Blue calculated up to 200 million chess positions every single second to secure the win."
60 million tons,How many millions of tons of obsolete electronic waste (e-waste) are generated globally every year?,"Obsolete smartphones, computers, and TVs make up this massive pile, containing valuable elements like gold, silver, and copper alongside toxic lead."
-459.6°F [-273.1°C],"What is the operating temperature of a cutting-edge quantum computer core processor, in degrees Fahrenheit?","Supercooled inside specialized dilution refrigerators, quantum chips run at temperatures colder than deep space to keep delicate qubits stable."
288 pins,How many individual data pins form the high-speed interface of a modern DDR5 desktop RAM stick?,"The dense pin layout allows for blistering data speeds, transferring data twice as fast as older DDR4 RAM modules."
2012,"In what year did the historic Mars rover *Curiosity* successfully land on the red planet using a daring ""sky crane"" maneuver?","The rover beams data back to Earth using radio arrays, and it famously celebrated its first year on Mars by playing the ""Happy Birthday"" song to itself using its internal motor vibrations."
232,How many distinct logic layers are stacked inside a modern 3D NAND flash memory storage chip?,Stacking storage cells vertically let manufacturers pack terabytes of data inside tiny smartphone storage chips without expanding the chip's footprint.
"124,000,000 mph [199,558,656 km/h]","What is the top speed that a data signal flashes through a modern fiber-optic cable glass core, in miles per hour?",Light travels through a glass fiber core at roughly 30% slower than its absolute speed through a vacuum due to the refractive index of the glass material.
6.0 thousand,How many thousands of satellites are currently active in low Earth orbit to power global internet arrays (like Starlink)?,"The constellations fly just a few hundred miles up, lowering signal latency down to milliseconds to challenge traditional ground lines."
2022,In what year did the world's total internet user population officially cross the historic 5 billion mark?,"Over 60% of the entire human population is now actively connected online, driving massive global demands for data servers and mobile networks."
550,How many distinct subsea internet cables cross the world’s oceans today to link continents?,"These underwater fibers handle over 99% of all international internet communications traffic, outperforming satellite networks."
"10,000 PSI [68,948 kPa]","What is the crushing pressure, in pounds per square inch (PSI), inside the deep-sea trenches where transatlantic data cables rest?","This intense pressure is equivalent to balancing a heavy SUV on your big toe, requiring thick polymer armor to protect the glass fibers."
100 million lines,How many millions of lines of code make up the entire operating software of a modern luxury electric vehicle?,"This software footprint is multiple times larger than a modern passenger jetliner, handling everything from battery safety grids to automated steering."
2009,In what year did the historic Bitcoin blockchain network officially launch its genesis block?,"Created by the anonymous developer Satoshi Nakamoto, the first block contained a hidden text reference to a British newspaper headline about bank bailouts."
1,How many main companies handle over 80% of the world's advanced microchip manufacturing equipment (lithography tools)?,The Dutch company ASML holds an absolute monopoly on the extreme ultraviolet (EUV) lithography machines needed to print cutting-edge chips.
"14,000 MB/s","What is the data reading speed of a top-tier Gen5 NVMe SSD hard drive, in megabytes per second?","Blasting data at 14 gigabytes per second, these modern solid-state drives can load massive open-world video games in less than a single second."
"3,000,000,000",How many individual gene base pairs make up the entire structural blueprint of the human genome mapped by computers?,"If you typed out all 3 billion letters of your DNA code at a standard typing pace, it would take you over 30 years of continuous typing."
1991,In what year did open-source pioneer Tim Berners-Lee launch the historic first ever public website from his lab?,"Hosted at CERN, the simple text page was dedicated to explaining how the World Wide Web worked, outlining how users could set up their own servers."
850 thousand miles,How many thousands of miles long is the complete network of subsea data cables wrapping around the planet?,"Stretched out in a single straight line, the global network of underwater internet cables could reach all the way past the Moon three times over."
50 megawatts,"What is the average power consumption of a massive commercial data center building, in megawatts?","A large data center uses as much electricity as roughly 40,000 family homes, requiring massive cooling grids to handle the intense processing heat."
"1,700 pins",How many individual hardware pins are mapped onto the socket interface of a high-end desktop Intel CPU (LGA 1700)?,"The pin-less ""Land Grid Array"" shifts the fragile gold contacts to the motherboard socket itself, ensuring the chip can handle high power demands."
1983,"In what year did the first commercial portable cellular phone, the Motorola DynaTAC, receive FCC approval?","Dubbed the ""brick phone,"" it stood 10 inches tall, cost nearly $4,000, and required 10 hours of charging for just 30 minutes of talk time."
128 bits,How many bits make up a single standard IPv6 web address character string?,"IPv6 opens up an astronomical number of unique addresses (340 undecillion), ensuring we will never run out of web paths for smart gadgets."
96%,What is the efficiency rating percentage of a top-tier server power supply unit (80 Plus Titanium)?,"This high threshold ensures that just 4% of the electrical energy is lost as heat, lowering immense operating costs inside server farms."
330 million,How many millions of active software repositories are currently hosted live on the Git platform GitHub?,"GitHub tracks changes to code bases across the globe, functioning as the primary storage foundation for modern tech development."
1969,"In what year was the first official commercial message sent over the early internet prototype network, ARPANET?","A student tried typing ""LOGIN"" from UCLA to Stanford; the system crashed after he typed the first two letters, making ""LO"" the first internet message."
"12,288",How many distinct mathematical dimensions form the vector space embedding arrays inside a top-tier LLM AI model?,Advanced AI models map out words into these massive multi-dimensional spaces to track context and semantic meaning with extreme accuracy.
75 TB,"What is the absolute maximum data storage capacity of a single experimental glass data storage square, in terabytes?","Developed by tech labs, Project Silica utilizes lasers to etch data inside durable quartz glass squares that can survive for thousands of years without decaying."
"12,550 miles [20,197 km]",How many miles up in space do commercial GPS tracking satellites orbit the Earth?,"Flying in medium Earth orbit, a fleet of 24 satellites circles the globe twice a day, blinking atomic clock time signals down to your smartphone."
1994,In what year was the first official commercial smartphone featuring a touchscreen interface (the IBM Simon) released?,"Way ahead of its time, the chunky phone featured a monochrome LCD screen that let users send faxes, sketch notes, and check calendars with a stylus."
"24,000",How many individual graphics processing units (GPUs) are linked inside a single modern enterprise AI supercluster?,Linking these massive graphics grids allows tech companies to train cutting-edge foundation AI models in weeks rather than decades.
300mm,"What is the standard physical size diameter of a silicon wafer disc used to print computer microchips, in millimeters?","These circular discs are grown as single, perfect crystal cylinders of pure silicon before being sliced thin and printed with billions of microscopic transistors."
47 thousand years,How many thousands of years would it take a standard modern desktop computer to solve a calculation completed by a quantum computer in 4 minutes?,Quantum computing processors utilize the mind-bending principles of superposition and quantum entanglement to solve massive algorithmic matrices almost instantly.
476 AD,"In what year did the Western Roman Empire officially collapse, historically kicking off the Dark Ages?","The final emperor, ironically named Romulus Augustulus, was deposed by the Germanic chieftain Odoacer, who chose to exile the boy rather than execute him."
46,How many vertical stone columns originally supported the roofline of the Parthenon temple in Athens?,"The columns are engineered with a subtle outward swelling (*entasis*) to correct an optical illusion, making them appear perfectly straight to the human eye."
313 AD,In what year did Roman Emperor Constantine legalize Christianity across the empire with the Edict of Milan?,"Constantine claimed to have seen a vision of a cross in the sky before the Battle of the Milvian Bridge, prompting him to march under Christian banners."
282,How many distinct laws are carved into the basalt monument known as the Code of Hammurabi?,"Written around 1750 BC, it popularized the ""eye for an eye"" legal framework, matching penalties directly to the societal rank of the victim and offender."
323 BC,"In what year did Alexander the Great die in Babylon, bringing a sudden end to his massive military conquests?","Because he died at age 32 without naming a clear successor, his top generals immediately went to war with each other, carving his empire into separate kingdoms."
"8,000",How many individual clay terracotta warrior statues have been excavated near the tomb of China's first emperor?,"Discovered by farmers digging a water well in 1974, every single clay warrior features completely unique facial features, expressions, and hairstyles."
79 AD,In what year was the ancient city of Pompeii completely buried by the violent eruption of Mount Vesuvius?,The dense blanket of volcanic ash preserved the city so perfectly that modern excavators found intact loaves of bread still sitting inside baker's ovens.
5.5 thousand years ago,"How many thousands of years ago did the ancient Sumerians invent cuneiform, the world's earliest known writing system?","It began purely as a pictorial tracking system used by merchants to count sheep, grain sacks, and jars of beer entering temple storehouses."
49 BC,"In what year BC did Julius Caesar cross the Rubicon river, triggering a civil war that broke the Roman Republic?","Under Roman law, marching an active army into the home territory of Italy was high treason. Crossing the stream committed Caesar to a point of no return."
3,How many distinct tiers or levels of arches form the structural height of the ancient Roman Colosseum?,"Each level showcases a different architectural style: Doric columns on the ground floor, Ionic in the middle, and Corinthian on the top tier."
451 feet [137 m],"What is the official height of the Great Pyramid of Giza today, measured in feet?","It was originally 481 feet tall, but centuries of erosion and the stripping of its smooth outer limestone casing have reduced its peak height."
887,How many massive stone monoliths (Moai) were carved and erected across the landscape of Easter Island?,"While famous for their giant heads, many statues have full stone bodies buried completely underground, carved out of volcanic tuff."
490 BC,"In what year BC did the historic Battle of Marathon take place, where the Greeks held off a massive Persian invasion force?","The messenger Pheidippides ran roughly 25 miles from the battlefield straight to Athens to declare victory, collapsing dead after delivering the news."
"400,000",How many individual code scrolls were estimated to be lost when the Great Library of Alexandria burned down?,The library aggressively gathered texts by ordering all ships docking in the harbor to turn over their books to be copied by scribes.
30%,What percentage of the ancient Roman population is estimated to have lived in slavery during the peak of the Empire?,"Roman slavery wasn't based on race; captives were brought in from military conquests, functioning as doctors, teachers, agricultural workers, and gladiators."
31,How many distinct historical dynasties ruled over ancient Egypt before it was annexed by the Roman Empire?,"This massive baseline of history is traditionally split into three prosperous eras: the Old Kingdom, the Middle Kingdom, and the New Kingdom."
395 AD,In what year did the Roman Empire split permanently into separate Western and Eastern administrative halves?,"Emperor Theodosius I divided the territory between his two young sons, Arcadius and Honorius, hoping a dual leadership would make the massive borders easier to defend."
5.0 thousand,How many thousands of professional combatants participated in a grand Roman Triumph parade honoring a victorious general?,"The grand military parade was the highest honor a general could achieve, featuring captured spoils, enemy prisoners, and marching legions."
15 million,How many millions of stone bricks were laid to construct the outer defensive wall network of ancient Babylon?,King Nebuchadnezzar II stamped his personal name and dedication into almost every single brick used to build the iconic blue Ishtar Gate.
1372,In what year did construction wrap up on the iconic leaning campanile known as the Leaning Tower of Pisa?,"The build took nearly 200 years to finish because wars continually halted progress. This delay actually saved the tower, giving the soft clay soil underneath time to compact."
673,How many individual structural glass panels make up the geometric pyramid entrance at the Louvre Museum in Paris?,"Designed by architect I.M. Pei, early rumors claimed the pyramid contained exactly 666 panes of glass, a myth that sparked urban legends."
"1,595 feet [486 m]","What is the total length of the main suspension span of the Brooklyn Bridge, measured in feet?","To prove to anxious citizens that the newly constructed bridge wouldn't collapse under pressure, showman P.T. Barnum led a parade of 21 circus elephants across the span in 1884."
102,How many floors are built into the soaring framework of the Empire State Building in New York?,"Built during the Great Depression, the entire framework climbed skyward at a record clip of over 4 floors per week, finishing in just 410 days."
1886,"In what year did the dramatic Neuschwanstein Castle in Bavaria finish construction, inspiring modern theme park icons?","Built by King Ludwig II as a private fantasy hideaway, the castle featured cutting-edge tech for its time, including battery-powered call bells and running hot water."
135,How many soaring architectural spires project from the roofline of the massive Duomo di Milano (Milan Cathedral)?,"The Gothic masterpiece features more individual statues (over 3,400) woven into its marble framework than any other building on Earth."
142 feet [43 m],"What is the diameter of the iconic concrete dome of the Pantheon temple in Rome, in feet?","Nearly 2,000 years after Roman builders mixed the mortar, it remains the largest completely unreinforced solid concrete dome in existence."
7.3 thousand tons,How many thousands of tons of structural iron make up the primary framework of the Eiffel Tower in Paris?,The iron frame expands so much in intense summer heat that the tower's peak can grow up to 6 inches taller than its winter height.
1973,In what year did the famous Sydney Opera House officially open its doors to the public?,"The project ran massive budget overruns; its complex, interlocking curved roof ""shells"" were so tough to engineer that architects had to redesign them out of a single sphere."
284,How many distinct support columns form the perimeter colonnade around St. Peter’s Square in Vatican City?,"Designed by Gian Lorenzo Bernini, the four rows of massive pillars are arranged in a radial grid that creates an optical trick, looking like a single row from certain spots in the square."
1930,"In what year did the iconic Chrysler Building open in New York, briefly holding the title of tallest building?","The architect secretly constructed a 125-foot steel spire inside the building's core, hoisting it through the roof at the last minute to surprise rivals and clinch the height record."
24 thousand windows,How many thousands of windows are built into the reflective exterior facade of the Burj Khalifa tower?,It takes a dedicated team of professional window washers roughly three to four full months of continuous cleaning to wash the entire exterior once.
102 miles [164 km],"How many miles long is the Danyang-Kunshan Grand Bridge in China, legally the longest bridge on Earth?","The massive high-speed railway viaduct runs across the Yangtze River delta, elevated safely over swamps, lakes, and rice paddies."
775 rooms,How many total rooms are built inside the historic Buckingham Palace in London?,"The sprawling palace layout features 78 bathrooms, 92 offices, and 188 dedicated staff bedrooms to support the royal household operations."
2005,"In what year was the very first video, titled ""Me at the zoo,"" uploaded to YouTube by co-founder Jawed Karim?","The 19-second video features Karim standing in front of elephants at the San Diego Zoo, casually explaining that their trunks are really cool."
16 billion views,How many billions of views has the viral children's anthem *Baby Shark Dance* racked up to hold the record for the most-viewed YouTube video of all time?,"It became the first video to cross 10 billion views in 2022, and its total view count is now roughly double the entire human population of Earth."
140,What was the maximum character limit for a single message posted on Twitter (now X) when the platform launched in 2006?,"This strict ceiling was chosen because it mapped perfectly within the 160-character limit of mobile SMS text messaging at the time, keeping tweets pocket-sized."
"1,689 days",How many days did the viral K-pop megahit *Gangnam Style* by Psy spend as the most-viewed video on YouTube before being dethroned?,"The video was so wildly popular that its views broke YouTube's 32-bit counter system, forcing engineers to rewrite the site's code to handle 64-bit numbers."
2024,In what year did internet icon MrBeast (Jimmy Donaldson) surpass T-Series to become the most-subscribed YouTube channel in the world?,"He secured the crown after an intense, multi-year subscription race, driving massive traffic to his channel through large-scale game show videos."
3.9 million viewers,How many millions of concurrent viewers tuned in live to watch the record-shattering BTS *Butter* music video premiere on YouTube?,"The video went on to hit a mind-boggling 108 million views in its first 24 hours alone, breaking the platform's day-one streaming records."
60 FPS,"What is the standard framerate, in frames per second (FPS), pushed by YouTube's high-definition video player to ensure smooth gaming uploads?","Standard broadcast TV typically runs at 30 FPS. Bumping the ceiling to 60 FPS doubles the visual data, making fast-paced action look smooth."
2010,In what year did pop star Justin Bieber break onto global radio with his viral YouTube-discovered hit *Baby*?,"For years, the music video held a dual record on YouTube for being one of the most-viewed videos and the most-disliked video simultaneously."
60 million,How many millions of active channels are currently uploaded and running on the YouTube platform?,"Despite this massive sea of creators, a tiny fraction (less than 1%) of these channels manage to cross the 100,000 subscriber milestone."
2011,"In what year did the streaming platform Twitch launch, pivoting away from its original lifecasting site title, Justin.tv?",The platform was built to focus entirely on live gaming streams. Amazon spotted its explosive growth and bought the company in 2014 for $970 million.
8 bits,"How many bits make up a single standard computer Byte, the foundation of all digital web traffic metrics?","A half-byte (4 bits) is officially referred to by computer scientists as a ""nibble,"" which handles a single digit of hexadecimal code."
60 seconds,"What is the length of a standard YouTube Short video, measured as the absolute maximum duration allowed in seconds?","Rushed out to challenge TikTok's vertical video feed, Shorts bring in tens of billions of views daily across the platform."
19 pins,How many key pins form the mechanical connector tip of a standard modern high-speed HDMI video cable?,"The 19 separate pins carry high-definition video, multi-channel surround sound audio, device control metadata, and low-voltage power channels simultaneously."
2014,"In what year did the viral ""Ice Bucket Challenge"" raise over $115 million for ALS research across social media feeds?","The challenge spread to everyone from neighborhood feeds to celebrities like Bill Gates, driving a massive spike in global medical research funding."
443,"What is the standard network port number assigned for secure, encrypted HTTPS web traffic?",Unencrypted web traffic routes through port 80. Port 443 utilizes SSL/TLS encryption protocols to safeguard passwords and data.
500 hours,How many thousands of hours of video are uploaded to YouTube every single minute by creators worldwide?,"That translates to 30,000 hours of fresh video content added to the site every hour, requiring massive automated server parks to process."
2021,"In what year did the viral phenomenon *Charlie Bit My Finger* sell at auction as an NFT for over $760,000?","The 55-second family clip was one of the earliest massive home-video hits on YouTube, uploaded back in 2007."
2017,In what year did the internet-defining music video for *Despacito* become the first video in history to cross 3 billion views?,The megahit by Luis Fonsi and Daddy Yankee went on to hold the global number-one spot for years before children's content caught up.
93 million views,"How many millions of views did the trailer for *Grand Theft Auto VI* pull in during its first 24 hours on YouTube, breaking records for a non-music video?","The long-awaited video leaked early on social media, forcing the game studio to officially drop the high-definition trailer ahead of schedule."
4 GB,"What is the absolute maximum file size limit, in gigabytes, supported by the old Microsoft FAT32 storage formatting standard?","If you try to copy a modern high-definition video file larger than 4 gigabytes onto a FAT32 thumb drive, the operating system will toss an error."
19 days,How many days did it take for the mobile game *Pokémon GO* to hit a record-breaking 50 million global downloads during its viral summer launch?,"The augmented-reality game drove millions of players outdoors to capture digital monsters in local parks, completely taking over pop culture in 2016."
2001,"In what year did Wikipedia, the open-source encyclopedia that anchors web research, officially launch?","Founded by Jimmy Wales and Larry Sanger, the site began as a side project to feed content to a peer-reviewed encyclopedia called Nupedia."
4 bits,"How many individual data storage bits make up a single standard computer Byte if you split it into a ""Nibble""?","A nibble represents exactly half of an 8-bit byte, mapping perfectly to a single character typed out in hexadecimal format."
200 million,How many millions of active accounts log onto the communication platform Discord every single month?,"Originally built as a niche text and voice chat tool for PC gamers, the app expanded into a global network for internet communities and study groups."
2022,In what year did the global human population officially cross the historic 8 billion threshold?,"It took all of human history until 1804 for our species to hit its first 1 billion population mark, but it took just 11 years to jump from 7 billion to 8 billion."
40 million,How many active electric vehicles (EVs) are currently driving on global roads as the clean energy transition accelerates?,"Battery prices have plummeted by over 80% over the last decade, driving massive mass-market adoption across major cities."
330 feet [101 m],"What is the average height of a modern commercial offshore wind turbine tower, measured in feet?","The massive blades sweep through an area larger than multiple football fields, utilizing steady ocean winds to generate clean electricity."
2016,In what year did the historic Paris Climate Agreement officially open for signatures among world nations?,"Signed by nearly 200 countries on Earth Day, the treaty sets a goal to limit global warming to well below 2°C compared to pre-industrial baselines."
8.6 billion,"How many total active cell phone subscriptions exist across the globe today, eclipsing the total human population?","Many people carry multiple active mobile devices or data lines for business, resulting in more connected mobile numbers than people on Earth."
8 feet [2 m],"What is the width of a standard modern ocean cargo shipping container, measured in feet?","This uniform width allows containers to lock seamlessly onto ocean cargo vessels, flatbed semi-trucks, and railway cars anywhere on the planet."
7.0 thousand dollars,How many thousands of dollars does a single standard commercial battery pack for a long-range electric vehicle cost to build on average?,"The battery pack represents the single most expensive component of an electric car, packing thousands of individual lithium-ion cells together."
2024,"In what year did the digital asset known as Bitcoin hit an all-time record valuation crossing $90,000 for the first time?","The massive price surge was fueled by Wall Street introducing institutional Bitcoin ETFs, letting mainstream funds invest in crypto assets."
11 million tons,How many millions of tons of plastic trash are estimated to flow into the world’s oceans every single year?,"Without major global recycling overhauls, environmental scientists project this annual ocean plastic waste volume could triple by 2040."
22%,What is the average efficiency percentage of a modern commercial rooftop solar panel at converting sunlight into electricity?,"While 22% sounds low, early space-age solar panels struggled to hit 6% efficiency. Lab teams are currently testing advanced layered crystals to push past 30%."
850 thousand miles,How many thousands of miles long is the entire network of subsea fiber-optic data cables wrapping around the planet?,"Stretched out in a single straight line, the global network of underwater internet lines could reach all the way past the Moon three times over."
2011,In what year did the ride-sharing giant Uber officially launch its very first smartphone app service in San Francisco?,"Originally launched as a luxury black car service called ""UberCab,"" the platform revolutionized urban transportation and launched the modern gig economy."
"20,000 MB",How many megabytes (MB) of data does an average modern smartphone user consume over cellular networks each month?,High-definition video streaming on the go and scrolling media feeds drive the vast majority of this massive monthly cellular data traffic.
1.5 thousand feet,How many thousands of vertical feet does a high-altitude commercial passenger drone cruise at during city hops?,"These autonomous electric aircraft fly well beneath traditional commercial jet lanes, mapping out computerized flight corridors over cities."
2008,In what year did the international streaming giant Spotify officially launch its music platform to the public?,"Founded in Sweden to combat widespread internet music piracy, the platform popularized the modern subscription streaming model over buying individual albums."
1,How many distinct major tech companies handle over 80% of the world's advanced microchip printing equipment?,The Dutch firm ASML holds an absolute global monopoly on the extreme ultraviolet (EUV) lithography machines needed to print cutting-edge sub-nanometer chips.
25 miles [40 km],"What is the total length of the world's longest automated, driverless subway line network, in miles?","The entire transit system is monitored via centralized computer grids, utilizing automated brakes and laser arrays to maximize safety without an onboard driver."
60 million tons,How many millions of tons of electronic waste (e-waste) are generated across the globe every single year?,"Obsolete smartphones, old laptops, and discarded TVs make up this massive pile, containing valuable elements like gold and silver alongside toxic lead."
122 years,"What is the age of the oldest verified human being to ever live in history (Jeanne Calment), in years?","Calment lived in Arles, France, and credited her extreme longevity to a stress-free life and a diet rich in olive oil, port wine, and nearly two pounds of chocolate per week."
"131,000",How many total permanent cards did a stack reach to break the record for the tallest house of cards built without glue?,"Built by Bryan Berg in China, the massive freestanding card structure took 44 days of meticulous stacking and depicted a scale replica of famous resort hotels."
83,"What is the record for the most hot dogs eaten in 10 minutes (Joey Chestnut), in whole hot dogs?","Chestnut set this mind-boggling world record during a live, televised head-to-head match against his long-time rival Takeru Kobayashi."
32 feet [10 m],How many feet long is the longest fingernail ever grown on a single human hand before being cut off?,Shridhar Chillal of India grew the fingernails on his left hand for 66 straight years. The nails became so heavy and rigid they had to be removed using a power saw.
100,"How many individual cars were linked together to form the longest passenger train in history, breaking records in Switzerland?",The massive 1.2-mile-long train required seven distinct locomotive drivers working in perfect sync to navigate winding alpine tracks down the mountains.
24 minutes,"What is the record for the longest time a human has ever managed to hold their breath underwater, in minutes?","Budimir Šobat of Croatia set the record by hyperventilating pure oxygen for 30 minutes before dipping his face into a pool, slowing his heart rate to a crawl."
15.0 thousand pounds,How many thousands of pounds did the heaviest recorded building ever moved intact in a single piece weigh?,"Engineers placed hundreds of heavy hydraulic rollers beneath the massive structure, rolling it slowly over a tracking path to clear space for a new highway."
1980,In what year did record-breaking long-distance runner Frank Giannino Jr. run across the entire United States in just 46 days?,"Running from San Francisco all the way to New York City, he averaged an incredible 60 miles per day on foot to clinch the historic transcontinental record."
"2,249",How many distinct legal properties are owned by the record-holder for the largest private collection of Monopoly board games?,The massive collection features versions of the real estate board game printed in dozens of different languages and tracking pop culture themes across decades.
70 days,How many days did a group of college students play a single continuous match to set the record for the longest game of Monopoly?,"The match ran continuously for exactly 1,680 hours inside a treehouse structure, keeping players awake in rolling shifts to spin the dice."
1955,In what year was the historic Guinness Book of World Records first published to settle friendly arguments inside pubs?,It was originally compiled by the managing director of the Guinness Brewery after he got into a heated debate over which European game bird was the absolute fastest.
116 years old,How many years old was the oldest living person verified by Guinness World Records in 2026?,"Born on August 21, 1909, Ethel Caterham from the United Kingdom holds the crown as the oldest living person on Earth, outliving over a century of history."
2 million,How many millions of red blood cells does a human body destroy and replace every single second?,Your bone marrow is working continuously to manufacture brand-new red blood cells to keep up with this incredible loss.
"1,350 lbs [612 kg]","What is the record for the most weight ever lifted by a human in a bench press, in pounds?","Jimmy Kolb set this mind-altering ""equipped"" bench press world record in early 2023 wearing a reinforced lifting shirt."
10,"How many side faces are there on a standard, traditional D&D die used to calculate percentage outcomes (the percentile d10)?","While it features 10 triangular faces, players usually roll a pair of these together—one tracking tens (10, 20, 30) and one tracking single digits—to generate a clean 1-to-100 random score."
2008,"In what year did the classic cooperative board game *Pandemic* launch, tasking players with halting global outbreaks?","Designed by Matt Leacock, it completely altered modern board game history by popularizing strict team-versus-the-board cooperative mechanics."
19,How many total resource hex tiles make up the island map grid layout in a base game of *Catan*?,"This includes 4 forests, 4 pastures, 4 fields, 3 hills, 3 mountains, and exactly 1 central desert tile that yields zero resources."
7,What is the standard number of cards dealt to each player at the start of a game of *Magic: The Gathering*?,"If a player isn't happy with their starting hand, they can choose to take a ""mulligan,"" shuffling their deck to draw a fresh hand with varying rules depending on the format."
2000,"In what year was the classic tile-placement game *Carcassonne* released, introducing the board gaming world to ""meeples""?","The little wooden person tokens were dubbed ""meeples"" by a player during a game session as a portmanteau of ""my people,"" a term that became industry shorthand."
22,"How many total property spaces are available for direct purchase on a standard, classic Monopoly board?","This count focuses strictly on the color-coded neighborhoods (from Mediterranean Avenue to Boardwalk), completely excluding the 4 railroads and 2 utilities."
10,"How many points is the letter ""Z"" worth in a standard English edition game of Scrabble?","""Z"" and ""Q"" share the title of the highest-scoring single letter tiles in the game, with only a single tile of each letter included in a standard 100-tile pouch."
2009,"In what year did the classic strategic deduction game *The Resistance* drop, tasking players with rooting out hidden spies?","The game uses zero player elimination, keeping everyone locked into psychological mind games and voting rounds right until the final mission."
54,How many standard wood blocks are stacked up to construct a perfect starting tower in a regular game of *Jenga*?,"A perfect tower stands exactly 18 stories tall, with three blocks per layer laid at cross-angles to maximize structural friction."
60,What is the minimum number of deck cards legally required to build a valid constructed tournament deck in *Magic: The Gathering*?,"While 60 is the minimum floor, there is technically no maximum cap, provided a player can physically shuffle their entire deck unsupported with both hands."
2015,In what year was the massive social deduction party game *Codenames* published by Vlaada Chvátil?,"The word-association game quickly became a global phenomenon, requiring Spymasters to give single-word clues linking multiple cards on a 5x5 grid."
360,How many distinct miniature plastic figures are packed inside the box of a standard base game of *Risk*?,"The modern pieces represent infantry units, cavalry (counting as 3 units), and heavy artillery pieces (counting as 5 units) to track global conquests."
2007,"In what year did the complex worker-placement game *Agricola* launch, letting players manage a 17th-century family farm?","Designed by Uwe Rosenberg, the game is famous among enthusiasts for its punishing mechanics, forcing players to constantly harvest enough food calories just to feed their growing family."
22,"How many points do you score for completing a single secret ""Destination Ticket"" in the base map of *Ticket to Ride*?","If you fail to link the two cities specified on your ticket by the end of the match, the point value is deducted from your final score."
9.6mm,"What is the standard height of a classic LEGO brick, measured in millimeters (excluding the circular studs)?","The dimensions follow a perfect 3:5 aspect ratio, making three stacked plates exactly equal in height to one standard brick."
100,How many distinct coordinate grid target holes are laid out across an official *Battleship* ocean game board grid?,"The board uses a classic 10x10 grid matrix, combining letters A through J with numbers 1 through 10 to lock onto targets."
2013,In what year did the highly decorated cooperative deduction game *Hanabi* win the prestigious Spiel des Jahres (Game of the Year)?,"*Hanabi* is the Japanese word for ""fireworks."" The game forces players to hold their cards facing away from themselves, meaning everyone can see your hand except you."
6,How many custom dice are rolled in a standard round of the high-energy push-your-luck game *King of Tokyo*?,"Players roll 6 black dice with the option to reroll any selection twice, trying to lock in claws to attack, hearts to heal, or numbers to score victory points."
450°F [232.2°C],"What is the standard temperature, in degrees Fahrenheit, utilized in industrial manufacturing molds to cool ABS plastic into perfect LEGO bricks?",The plastic must be heated to a molten 450°F before being injected into molds under massive pressure. The tolerances are within 0.002mm to ensure a perfect clutch power snap.
500,"How many cards make up a complete, standard deck of *Dominion*, the game that pioneered the deck-building genre?","The base game box contains multiple sets of kingdom cards, treasure cards (copper, silver, gold), and victory point cards (estates, duchies, provinces)."
2004,"In what year did the dark strategic bidding game *Power Grid* release its updated, streamlined edition?","Players manage competing electrical companies, bidding on resource markets (coal, oil, garbage, uranium) that dynamically fluctuate based on supply and demand."
"1,000","How many points do you score for a standard ""Grand Slam"" declaration outcome in a game of competitive Bridge?",Declaring a Grand Slam means you are confidently bidding that your team will win all 13 possible tricks in the round.
75%,What percentage of modern tabletop hobby games utilize custom card-sleeves to shield decks from grease and wear?,"The massive card-sleeve industry uses distinct micron thicknesses, allowing collectors to safeguard valuable game components during intense shuffle rounds."
6,How many distinct weapon item tokens are placed on the board in a standard game of *Clue* (*Cluedo*)?,"The classic lead pipe, candlestick, rope, wrench, dagger, and revolver tokens must be physically moved into mansion rooms to make an official accusation."
2018,In what year did the abstract tile-drafting masterpiece *Azul* win the Spiel des Jahres award?,"Inspired by Portuguese *azulejos* (ceramic tiles), the game requires players to draft matching sets of heavy resin tiles to decorate a palace wall grid."
600,How many individual cards are packed into a standard starter pack of *Cards Against Humanity*?,"The party game launched via a crowdfunding campaign in 2010, featuring a stark, high-contrast black-and-white minimalist layout."
2.25 inches [5.7 cm],"What is the official edge width of a standard tournament chess board square, in inches?","World Chess Federation rules require squares to measure between 2.0 and 2.5 inches, perfectly proportional to the base diameter of the king piece."
500 thousand issues,How many thousands of distinct comic book issues are cataloged inside the ultimate digital comic book collection tracking system?,Collectors utilize barcode-scanning mobile databases to log historical publication variants stretching back to the Golden Age of comics.
1983,In what year did the legendary high-fantasy miniature war game *Warhammer Fantasy Battle* launch its first edition?,Games Workshop originally packaged it as a set of rules to encourage players to buy their custom line of lead and plastic fantasy miniatures.
16,How many total cards are contained in a standard base deck of the minimalist deduction game *Love Letter*?,"Despite its tiny 16-card frame, the game packs deep tactical bluffing, as players carry just one card in hand and discard one card per turn."
65%,What is the approximate percentage of custom mechanical keyboard hobbyists who utilize heavy linear switches over clicky tactile options?,"Linear switches give smooth travel without a tactile bump, making them highly popular among enthusiasts who lube their own switch housings for a deep acoustic sound."
7,"How many distinct polyhedral dice make up a classic, standard 7-die tabletop roleplaying set?","The uniform set contains a d4, d6, d8, two distinct d10s (one for single digits, one for tens), a d12, and the iconic 20-sided d20."
2017,In what year did the massive strategic space opera board game *Twilight Imperium* launch its current Fourth Edition?,"A single standard game of *Twilight Imperium* can regularly clock anywhere from 6 to 12 hours of continuous tactical negotiation, trading, and armada combat."
147,How many individual spaces compose the track layout around the rim of a standard *Life* game board?,"Players spin a custom 1-to-10 wheel instead of rolling dice, guiding plastic cars down paths where they choose career tracks, buy homes, and collect kids."
50%,What is the ideal humidity level percentage maintained inside a premium archival facility for rare cardboard comics?,Dropping below 40% makes old pulp paper fragile and brittle; climbing past 60% invites humidity mold and causes heavy ink warping.
7,How many cards does each player start with in a standard game of *Exploding Kittens*?,"The game became the most-backed project in crowdfunding history in 2015, featuring cartoon artwork by Matthew Inman (The Oatmeal)."
2010,In what year did the legendary card-drafting civilization game *7 Wonders* sweep global board gaming awards?,"By letting all players draft and pass cards at the same time, the game eliminated downtime, allowing a 7-player match to finish in under 45 minutes."
106,How many total numbered tiles are placed inside a standard velvet bag in a regular game of *Rummikub*?,"The game uses tiles numbered 1 through 13 across four vibrant colors (red, blue, yellow, black), alongside two custom joker tiles."
0.10mm,"What is the minimum number of millimeters required for a standard premium board game card-protector sleeve to be classified as ""Heavy Duty""?","Standard budget penny-sleeves are thin at roughly 40 microns, whereas premium 100-micron sleeves keep cards stiff, protective, and easy to mash-shuffle."
"35,000","How many active individual projects have been funded under the ""Tabletop Games"" category on Kickstarter since its launch?","Tabletop gaming is one of the highest-earning categories on crowdfunding platforms, bringing in billions of dollars to jumpstart independent publishing houses."
1998,"In what year did Nintendo release *The Legend of Zelda: Ocarina of Time* on the N64, redefining 3D gaming?","It became the first video game to secure a perfect 40/40 score from Japan's elite *Famitsu* magazine, popularizing the concept of contextual 3D target-locking (Z-targeting)."
8-bit,How many bits of processing architecture powered the iconic Atari 2600 home video game console?,"Powered by a MOS Technology 6507 chip running at a modest 1.19 MHz, the system had a mere 128 bytes of RAM built directly into its console architecture."
570 mph [917 km/h],"What is the top flying speed, in miles per hour, of the iconic F-Zero racing machine the ""Blue Falcon"" driven by Captain Falcon?","The anti-gravity craft utilizes twin custom plasma engines, designed to push past standard speeds on sci-fi tracks elevated high over cityscapes."
4,How many distinct structural levels make up the original arcade version of *Donkey Kong* released in 1981?,"The classic stages are the Girders (25m), Conveyors (50m), Elevators (75m), and Rivets (100m). Jumpman (Mario) had to pull the rivets out to send Donkey Kong crashing down."
2003,"In what year did Valve officially launch the digital PC gaming platform Steam, radically reshaping game distribution?","Steam was originally met with intense pushback from PC gamers, as it launched primarily as a mandatory tool to push automated updates for *Counter-Strike 1.6*."
151,How many distinct basic Pokemon species made up the original Pokedex generation in *Pokemon Red & Blue*?,"The 151st Pokemon, Mew, was secretly coded into the game by programmer Shigeki Morimoto at the last second without Nintendo's knowledge, spark-plugging massive schoolyard myths."
36 slots,What is the standard number of inventory slot squares available to a player in a base starting pack in *Minecraft*?,This includes 9 hotbar slots across the bottom of the screen and a 27-slot storage matrix hidden inside the player inventory menu interface.
20 characters,How many characters long is the maximum text length allowed for a custom seed code in *Minecraft* Java Edition?,"If you type out custom words instead of numbers, the game runs a hashing algorithm to convert the letters into a 64-bit numeric string to generate the terrain."
2004,"In what year did the massive multi-player online RPG *World of Warcraft* debut, setting the standard for the genre?",The launch was so massively crowded that Blizzard developers had to halt physical shipments of the game to retail stores to keep login servers from melting under the load.
40,How many individual frames of animation make up the iconic character sprite for Sonic the Hedgehog in his original 1991 Sega Genesis title?,"This tight pool handled everything from his sprint and spin-dash to his famous, impatient foot-tapping idle animation when the player left the controller alone."
320 blocks,"What is the maximum height, in block units, that a player can build up to in a modern *Minecraft* world map?","The vertical build limit was pushed up significantly in the *Caves & Cliffs* update, expanding the sandbox world layer downwards to Y-64 and upwards to Y-320."
64 MB,"How many storage megabytes (MB) could fit onto a standard, proprietary Nintendo 64 game cartridge?","Cartridges were limited compared to Sony PlayStation's 650 MB compact discs, forcing N64 audio engineers to heavily compress music tracks into loops."
2001,"In what year did Bungie release *Halo: Combat Evolved* on the original Xbox, establishing the modern console FPS?","The game was originally engineered as a third-person real-time strategy game for the Mac, until Microsoft bought Bungie and pivoted the game into an Xbox shooter launch title."
4,How many distinct directional buttons compose the classic cross-shaped D-Pad layout invented by Nintendo's Gunpei Yokoi?,"First deployed on the 1982 *Donkey Kong* Game & Watch portable unit, the integrated cross design replaced clunky joysticks and won a technology Emmy award."
32 kHz,"What is the standard audio sample rate, in kilohertz (kHz), produced by the legendary sound chip inside the Super Nintendo (SNES)?","Engineered by Sony's Ken Kutaragi, the 8-channel audio chip utilized advanced ADPCM compression to bring rich orchestral acoustics to 16-bit cartridges."
7.5 thousand players,"How many thousands of active players simultaneously logged onto the *EVE Online* server to fight the historic ""Bloodbath of B-R5RB"" space battle?","The intense 21-hour virtual starship war resulted in the destruction of dozens of massive Titan-class capital ships, costing hundreds of thousands of dollars in real-world currency value."
1998,"In what year did Hideo Kojima unleash *Metal Gear Solid* on the PlayStation, pioneering the cinematic stealth genre?","The game forced players to look at the physical back of the retail CD case to find Psycho Mantis's radio frequency code ($140.15$), bypassing standard in-game menus."
240 lines,How many active lines of horizontal resolution drew the visual screen in classic 8-bit retro games (the 240p standard)?,"Retro consoles skipped alternating scanlines on old CRT televisions, creating those iconic dark lines that vintage enthusiasts still seek out today."
20 ticks per second,"What is the standard logic frame rate, in updates per second, at which a *Minecraft* server calculates physics ticks?","If a server experiences heavy lag from too many running entities or massive farms, the tick rate drops below 20, causing time to move slowly in the game."
160 million,"How many millions of physical console units did Sony ship worldwide for the legendary PlayStation 2, making it the best-selling console ever?","The PS2's massive dominance was heavily fueled by its built-in DVD player, which was cheaper than many standalone home video players at launch."
2016,"In what year did the indie gaming phenomenon *Stardew Valley* launch, crafted entirely by a single developer over four years?","Eric Barone (ConcernedApe) worked up to 12 hours a day, handling all the coding, pixel artwork, dialogue writing, and musical tracks himself."
8 bits,How many bits are utilized to track a character's maximum level value inside old 8-bit RPG games like *Final Fantasy*?,An 8-bit memory ceiling maxes out at 255. Developers chose to cap character stats and items just below that line to prevent code overflows.
8.3 GB,"What is the maximum storage capacity of a standard dual-layer Xbox 360 game disc, in gigabytes?","The DVD standard forced multi-disc releases for massive cinematic games like *Final Fantasy XIII* or *L.A. Noire*, which required swapping discs mid-game."
3,"How many distinct input buttons (excluding the D-pad) are built onto a classic, standard Sega Genesis controller handle?","The classic layout featured buttons labeled A, B, and C. Sega later rolled out a 6-button controller to accommodate the complex inputs of fighting games like *Street Fighter II*."
2017,"In what year did Epic Games launch *Fortnite Battle Royale*, transforming the global video game ecosystem?","The game was originally built as a cooperative zombie defense base-builder, until developers saw the meteoric rise of *PUBG* and threw together the free-to-play battle royale mode in two months."
3,How many distinct playable character paths compose the starting roster choice in the original 1996 *Diablo* game?,"Players chose between the Warrior, the Rogue, or the Sorcerer, diving beneath the town of Tristram into randomly generated dungeon floors."
25565,What is the default TCP network port assigned for setting up an unencrypted multiplayer server in *Minecraft*?,"This classic port number is recognized by router firewalls globally, letting host players open up data forwarding lanes so friends can connect."
450 thousand lines,How many thousands of distinct dialogue lines were recorded to voice characters in the sprawling open-world game *The Witcher 3: Wild Hunt*?,Voicing the multi-language release required dozens of professional voice actors working inside recording booths across the globe for over two full years.
1997,"In what year did Square release *Final Fantasy VII* on the PlayStation, catapulting Japanese RPGs into Western pop culture?","The game was originally designed for the Nintendo 64, but Square broke its long tie with Nintendo because cartridges lacked the space needed to stream the game's massive 3D cinematic video files."
23 blocks wide by 23 blocks high,How many individual blocks can a player stack horizontally to build a single operational nether portal frame in *Minecraft*?,"While the minimum portal frame requires a modest 4x5 rectangle of obsidian, players can scale the frame up into a giant energy gateway."
19 inches [48.3 cm],"What is the standard width of an arcade machine cabinet monitor glass screen during the golden age, in inches?","These heavy, thick glass cathode-ray tube (CRT) monitors gave arcade games deep contrast, crisp scanlines, and zero input lag."
15-bit,How many bits make up the color architecture palette of the iconic Game Boy Color system?,"This architecture allowed the portable system to select from a master library of 32,768 unique colors, drawing up to 56 distinct colors on screen simultaneously."
1996,"In what year did Capcom release the original *Resident Evil* (*Biohazard*) in Japan, coining the term ""survival horror""?","The game's iconic fixed camera angles and tank controls were born from technical limits; rendering 3D characters over static, pre-rendered backgrounds saved massive processing power."
72 pins,"How many pins form the connector cartridge interface edge of a standard, original Nintendo Entertainment System (NES) game?","The unique front-loading toaster design exposed these 72 pins to dust and oxidation, causing the famous blinking red light error that forced a generation of kids to blow into cartridges."
64,What is the absolute maximum number of inventory items a player can store in a single slot block in *Minecraft* when items are stacked?,"Developers chose 64 because it aligns cleanly with binary logic systems, serving as a power of two ($2^6$) that optimizes server memory tracking."
20 minutes,"How many minutes did it take to clear the ultimate challenge ""The Pantheon of Hallownest"" in *Hollow Knight* during the record speedrun?",The punishing gauntlet requires players to defeat all 42 boss encounters in the game back-to-back without a single mistake.
1993,"In what year did id Software release *DOOM*, revolutionizing shareware distribution and network multiplayer gaming?","The game was so popular that millions of players downloaded it onto corporate networks, causing university and office servers to crash under the weight of early deathmatch traffic."
5,"How many active data channels drive the audio chip inside a classic, standard 8-bit Nintendo (NES) console?","The audio matrix handles two pulse wave channels (melody), one triangle wave channel (bass), one noise channel (percussion), and one basic audio sample playback channel."
2.4 GHz RF band technology used for stable multi-channel inputs,"What is the standard frequency used by the wireless receiver of a classic WaveBird wireless controller on the GameCube, in megahertz?","Released in 2002, the WaveBird was the first major first-party wireless controller that didn't rely on infrared line-of-sight signals, letting players relax across the room."
265 million dollars,"How many millions of dollars did the production budget hit for the massive sci-fi epic *Grand Theft Auto V*, marking a record at launch?","The investment paid off instantly; the game brought in over $1 billion in revenue within its first three days on store shelves, making it one of the most profitable entertainment releases in human history."
9,"In Norse mythology, how many distinct realms are connected together by the roots and branches of the world tree, Yggdrasil?","These realms include Asgard (home of the Aesir gods), Midgard (human world), Helheim (realm of the dead), and Muspelheim (realm of fire)."
12,How many Labors was the Greek hero Heracles (Hercules) traditionally forced to complete to atone for his crimes?,"He was originally tasked with only 10 labors, but King Eurystheus disqualified two tasks (slaying the Hydra and cleaning the Augean stables) because Heracles accepted help and payment."
66 feet [20 m],"What is the total height of the famous Great Sphinx of Giza, carved out of a single ridge of limestone, in feet?","The monument combines the body of a crouching lion with a human head, stretching 240 feet long from its front paws to its tail."
9,How many main principal deities form the core of the ancient Egyptian sun god Ra's supreme court (the Ennead of Heliopolis)?,"The group consists of Atum and his direct lineage: Shu, Tefnut, Geb, Nut, Osiris, Isis, Set, and Nephthys."
360 BC,In what year BC did the Greek philosopher Plato first write about the legendary sunken continent of Atlantis in his dialogues?,Plato introduced Atlantis in his works *Timaeus* and *Critias* purely as a cautionary philosophical fable about the dangers of imperial hubris and greed.
12 days,How many days long did the ancient Babylonian festival of Akitu last to celebrate the rebirth of nature?,"The high-stakes festival involved the ritual humiliation of the King, who had to strip away his royal crown and insignia before being slapped by the high priest to prove his humility to the god Marduk."
12,What is the total number of primary Olympian gods who sat on the grand council seats of Mount Olympus in Greek myth?,"While Hades was one of the premier Greek gods, he did not possess a seat on Mount Olympus, choosing to reside permanently inside his underworld domain."
3.0 thousand lines,How many thousands of lines of verse make up the epic ancient Mesopotamian text known as *The Epic of Gilgamesh*?,"Carved into twelve separate clay tablets in cuneiform script, it stands as one of the earliest surviving masterpieces of world literature."
28 BC,In what year of the ancient calendar did Roman Emperor Augustus ban the ancient mystical rites of Isis within Rome's boundaries?,"Augustus viewed the soaring popularity of Egyptian cults as a threat to traditional Roman religious values, especially following his bitter war against Mark Antony and Cleopatra."
3,How many distinct heads did the terrifying guardian hound Cerberus traditionally possess in Greek underworld lore?,"Some ancient poets like Hesiod claimed the beast had up to 50 heads, but classical artists streamlined the design to three heads to represent past, present, and future."
100 thousand verses,"What is the total length of the famous epic Indian poem *The Mahabharata*, measured in thousands of verses?","Containing over 1.8 million individual words, it is roughly ten times longer than the *Iliad* and *Odyssey* combined, making it the longest epic poem ever compiled."
12,How many distinct animal shapes are built into the traditional calendar cycle of the Chinese Zodiac?,"According to ancient folk myth, the order of the animals was decided by a grand race hosted by the Jade Emperor, where the clever rat clinched first place by riding on the back of the ox."
356 BC,In what year of the ancient era did the Temple of Artemis at Ephesus—one of the Seven Wonders—get completely burned down by an arsonist seeking fame?,"A man named Herostratus burned down the temple simply so his name would be written down in history, prompting citizens to pass a law banning anyone from ever speaking his name."
4,How many distinct arms project from the cosmic dancing form of the Hindu god Shiva (Nataranja)?,"The arms are positioned to show cosmic balance: one hand holds the drum of creation, one holds the fire of destruction, one signals protection, and one points down to point toward liberation."
13 feet [4 m],"What is the official height of the ancient monolithic stone circle pillars at Stonehenge, measured in feet?","The towering sarsen stones weigh roughly 25 tons each, topped by heavy stone lintels locked together using precise mortise and tenon wood-style joints."
7.0 thousand,How many thousands of individual verses make up the grand Norse poetic text known as the *Poetic Edda*?,"Compiled in the 13th century from older oral folklore, it serves as the primary historical source for our understanding of Norse mythology and heroic legends."
60 AD,"In what year did Roman construction workers finish building the massive Temple of Jupiter in Baalbek, featuring the largest stone blocks ever cut?","The foundation platform contains three massive stones known as the ""Trilithon,"" each weighing an astronomical 800 tons, perfectly fitted together without mortar."
9,"How many separate daughters make up the council of the Muses, the Greek goddesses of science, literature, and the arts?","Born to Zeus and Mnemosyne (the goddess of memory), the nine sisters include Calliope (epic poetry), Clio (history), and Melpomene (tragedy)."
500 feet [152 m],"What is the total width of the massive ancient earthwork labyrinth known as the Glastonbury Tor maze, in feet?","The ancient terraced maze wraps around a steep hill in England, associated in Arthurian lore with the mystical island of Avalon."
2 million,How many millions of individual prayers are said to be carved into the stone walls of the ancient rock-cut temples of Ellora in India?,"Carved entirely out of a single basalt cliffside from the top down, the complex features the Kailasa temple, the largest monolithic rock excavation on Earth."
1853,"In what year did archaeologists discover the intact library of King Ashurbanipal in Nineveh, containing the flood tablet of Gilgamesh?","The discovery yielded over 30,000 broken clay tablets, providing historians with an unprecedented look into the history, literature, and myths of ancient Assyria."
12,How many distinct tests or trials must a deceased soul pass in the Egyptian underworld (Duat) before reaching the Hall of Ma'at?,"The soul had to navigate dangerous gates guarded by animal demons, utilizing secret magic spells written directly onto the walls of their coffin or papyrus scrolls."
115 feet [35 m],"What is the height of the historic Roman monument known as Trajan's Column, in feet?","The column features a continuous spiral relief carving wrapping around its shaft 23 times, depicting thousands of Roman soldiers participating in the Dacian Wars."
1,How many distinct modern paths make up the sacred pilgrimage loop around Mount Kailash in Tibet?,"The single 32-mile circuit is walked by thousands of pilgrims across multiple religions, who believe that completing the loop cleanses a lifetime of sins."
394 AD,In what year did Roman Emperor Theodosius I permanently extinguish the ancient sacred flame of the Vestal Virgins?,"As part of his sweeping decrees banning all pagan rituals, he dismantled the College of the Vestals, which had kept the symbolic hearth fire of Rome burning for over a thousand years."
11.5 thousand years ago,How many thousands of years ago did ancient nomads carve the massive stone pillars at Göbekli Tepe in Turkey?,"Standing as the oldest known temple complex constructed by humans, the T-shaped limestone pillars are carved with rich reliefs of wild animals, foxes, and scorpions."
"2,333 feet [711 m]","What is the total length of the magnificent ancient Roman aqueduct bridge in Segovia, Spain, in feet?","Constructed out of over 24,000 solid granite blocks without a single drop of mortar or cement, the bridge stands on 167 towering arches."
9 days,How many days did the ancient Greek festival of the Eleusinian Mysteries last to honor Demeter and Persephone?,"Initiates walked a sacred path from Athens to Eleusis, drinking a mysterious barley beverage called *kykeon* before entering a dark hall to witness a secret ritual that was strictly forbidden to reveal under penalty of death."
226 BC,In what year of the ancient era was the monumental Colossus of Rhodes statue completely shattered by a violent earthquake?,"The giant bronze statue of the sun god Helios stood for only 54 years before snapping at the knees. The massive broken fragments lay on the ground for over 800 years, drawing ancient tourists."
10,How many distinct avatar incarnations is the Hindu god Vishnu prophesied to manifest across cosmic time?,"Known as the *Dashavatara*, these incarnations include Rama, Krishna, and Buddha, with the final avatar, Kalki, prophesied to appear at the end of the current cosmic age."
115 feet [35 m],"What is the official height of the ancient Mayan pyramid known as the Pyramid of the Magician at Uxmal, in feet?","Unlike most sharp-cornered Mayan pyramids, this unique structure is built with rounded, elliptical sides, constructed in five distinct layers over centuries."
55,How many distinct structural rings composed the conceptual cosmic universe designed by the ancient philosopher Aristotle?,"Aristotle envisioned the cosmos as a set of nested, concentric crystal spheres holding the moon, sun, and stars, driven by an outer ""Unmoved Mover."""
390 BC,"In what year of the ancient calendar did the Celtic warriors under Brennus sack the city of Rome, prompting the famous phrase ""Vae Victis""?","When Romans complained that the Celts were using rigged weights to weigh out the gold ransom, Brennus threw his heavy iron sword onto the scale, shouting ""Woe to the vanquished!"""
55,"How many rows of massive stone seats climb the slope of the ancient Greek Theater of Epidaurus, famous for its perfect acoustics?","The theater can host over 14,000 spectators. The acoustic design is so pristine that a person sitting in the top row can clearly hear a match strike on the central stage below."
105 feet [32 m],"What is the height of the grand ancient obelisk standing outside the Lateran Basilica in Rome, the tallest in the world, in feet?","Carved out of a single piece of red granite in Egypt during the 15th century BC, it weighs an incredible 450 tons and was hauled to Rome on a massive custom barge."
12,How many distinct horse-drawn chariots raced simultaneously inside the massive Circus Maximus stadium track in Rome?,"The high-speed races featured four main corporate factions (the Reds, Whites, Blues, and Greens), drawing crowds of over 250,000 screaming spectators."
1822,In what year did European scholars finally decipher ancient Egyptian hieroglyphs thanks to Jean-François Champollion and the Rosetta Stone?,"Champollion broke the code by realizing that the hieroglyphs weren't just symbols for ideas, but functioned primarily as phonetic signs tracking the sounds of the spoken Coptic language."
120,How many separate marble relief panels made up the grand historic continuous frieze running around the Altar of Zeus at Pergamon?,"The dramatic high-relief artwork wraps completely around the base of the monumental altar, depicting an epic battle between the Olympian gods and the Giants."
452 feet [138 m],"What is the total length of the ancient underground Roman water cistern known as the Basilica Cistern in Istanbul, in feet?","Supported by 336 marble columns salvaged from old temples, the subterranean reservoir can hold over 20 million gallons of water to supply the imperial palace."
5 years,How many years did the construction of the magnificent stone rock-cut Treasury building at Petra in Jordan take?,"Carved directly into the sheer rose-red sandstone canyon wall from the top down, the building served as a royal tomb for the Nabataean King Aretas IV."
1907,"In what year did the iconic chocolate company Hershey’s first launch its bite-sized wrapped candy, the Hershey’s Kiss?","The candy earned its unusual name because the industrial manufacturing machines made a distinct smacking ""kissing"" sound as they dropped the chocolate drops onto the conveyer belt."
21 lbs [10 kg],How many pounds of raw milk does it take to manufacture just one single pound of premium dairy butter?,"Because butter is concentrated milk fat, churning requires separating the tiny fat globules from a massive volume of liquid skim milk and buttermilk."
300°F [148.9°C],"What is the standard temperature, in degrees Fahrenheit, required to perfectly boil sugar into the ""Hard Crack"" stage for candy making?","At this temperature, almost all water content has evaporated out of the syrup. When cooled, the sugar locks into a brittle, glass-like crunch used for lollipops."
11,How many distinct varieties of botanicals are distilled into a standard batch of Hendrick's Gin to give its signature flavor profile?,"Alongside classic juniper berries, the final spirit is uniquely infused with cold essences of Bulgarian rosa damascena petals and fresh cucumbers right before bottling."
1870,In what year did the legendary hot sauce brand Tabasco receive its official patent for its iconic slim glass bottle design?,"Founder Edmund McIlhenny originally recycled old, discarded cologne bottles to ship his fiery pepper sauce to buyers across Louisiana."
"10,000","How many tiny individual sensory taste buds are scattered across a standard, healthy human adult tongue on average?","Your taste buds completely replace and regenerate themselves roughly every two weeks, but as you age past 60, some stop regenerating, dulling your palate."
225 liters,"What is the standard capacity of a traditional, official oak wine barrel used in Bordeaux, France, in gallons?",This specific size became a universal shipping standard because a single worker could comfortably roll a full 225-liter barrel across shipyard docks unassisted.
135,How many individual chapters or rules make up the supreme guild code of traditional French bakery regulations?,"French law strictly regulates what can call itself a *boulangerie*, requiring dough to be mixed, proofed, and baked entirely on-site without using frozen starters."
2003,"In what year did the global coffee giant Starbucks introduce its internet culture icon, the Pumpkin Spice Latte (PSL)?","Early recipe prototypes contained zero actual pumpkin, focusing entirely on a blend of warm cinnamon, nutmeg, and clove spices to mimic pie filling flavors."
16,"How many distinct rows of kernels sit on an average, standard ear of sweet corn?",An ear of corn almost always carries an even number of rows due to the genetic dividing patterns of the plant cells during early growth cycles.
554°F [290°C],"What is the boiling point of pure, food-grade vegetable glycerin used in modern molecular gastronomy, in degrees Fahrenheit?","The dense, sweet liquid can withstand extreme temperatures, making it a favorite tool for chefs creating high-stability culinary foams and spheres."
365 days,"How many days must a genuine, certified wheel of Parmigiano-Reggiano cheese age at a minimum before receiving its fire-branded seal?","Master inspectors tap every single wheel with a tiny silver hammer; by listening to the acoustic resonance, they can spot internal cracks or defects."
1946,"In what year was the first official commercial microwave oven, the Radarange, offered to restaurant kitchens?","The original unit stood nearly 6 feet tall, weighed over 750 pounds, and required an active water-cooling tube system to keep its massive magnetron tube from burning out."
18,How many distinct grape varieties are legally permitted to be blended together to make a bottle of Châteauneuf-du-Pape wine?,"While winemakers primarily rely on Grenache, Syrah, and Mourvèdre, the strict regional rules allow a complex mix of both red and white grapes."
8 inches [20.3 cm],"What is the standard length of a professional, classic French chef’s knife blade, measured in inches?","An 8-inch blade is considered the universal sweet spot for kitchen work, providing enough leverage to slice heavy root vegetables while staying nimble enough to mince herbs."
55,"How many individual layers of flaky pastry dough are built into a classic, masterfully rolled French croissant?","This is achieved by wrapping a block of butter inside dough and folding it into thirds exactly three separate times, creating alternating micro-sheets of fat and flour."
1961,"In what year did the premium ice cream brand Häagen-Dazs launch in New York, utilizing a made-up, European-sounding name?",The name is completely fictional and has no meaning in any language. The American founders invented it to sound Danish because Denmark had an excellent reputation for dairy farm quality.
64 mg,How many milligrams of caffeine are packed inside a single standard shot (1 fluid ounce) of pure espresso on average?,"Ounce-for-ounce, espresso has significantly more caffeine than drip coffee, but because a standard cup of drip coffee is much larger (8 oz), it typically delivers more total caffeine (~95 mg)."
16%,What is the maximum percentage of water content allowed in a block of commercial table butter under official U.S. food laws?,The remaining 84% consists of pure milk fat and trace milk solids. Premium European-style butters typically lower water content further to maximize pastry flakiness.
290 million tons,How many millions of tons of table salt are harvested globally each year to flavor and preserve food supply tracks?,Only a tiny fraction of this massive global harvest ends up inside kitchen salt shakers; the vast majority is used for industrial chemical processing and clearing ice from winter roads.
1912,"In what year did the iconic sandwich sandwich cookie, the Oreo, debut on store shelves in the United States?","The cookie launched under the name ""Oreo Biscuit"" in New York, originally sold inside tin cans with clear glass lids to catch shoppers' eyes."
7,"How many individual holes are drilled into the surface of a classic, standard Ritz Cracker to stop it from bubbling during baking?","These holes are called ""docking holes."" Without them, steam would build up inside the rolling dough, causing the crackers to puff up like pillows instead of staying flat and crisp."
140°F [60°C],"What is the safe internal temperature threshold, in degrees Fahrenheit, required to safely hold hot food on a commercial buffet line?","Keeping food strictly at or above 140°F prevents dangerous foodborne pathogens from multiplying inside the culinary ""danger zone."""
1,How many distinct varieties of tea leaves are officially recognized as coming from the single plant *Camellia sinensis*?,"White, green, oolong, black, and pu-erh teas all come from this exact same plant; the radical differences in flavor and color come entirely from how the leaves are oxidized and processed."
1903,In what year was the international fine-dining standard known as the Escoffier Culinary Guide first published?,"Chef Auguste Escoffier modernized professional kitchens by establishing the ""brigade system,"" dividing the kitchen staff into streamlined stations (sauce, fish, roast, etc.) to maximize speed."
"1,000,000",How many individual bubbles are estimated to escape from a single flute glass of premium sparkling Champagne?,"The bubbles don't form randomly; they track micro-scratches or dust particles inside the glass, which act as nucleation points that cause dissolved carbon dioxide to turn into gas."
60 inches [152.4 cm],"What is the standard width of a professional commercial pizza baking oven stone deck, in inches?","The massive 5-foot stone decks hold immense thermal heat, dropping baking times for thin-crust pizzas down to less than 5 minutes."
56,How many separate botanical ingredients make up the legendary secret recipe of the herbal liqueur Jägermeister?,"The complex recipe includes citrus peels, licorice, anise, poppy seeds, ginger, and ginseng, which are steeped in water and alcohol for days before being aged in oak barrels."
1938,"In what year did the food company Nestlé introduce its instant coffee powder, Nescafé, helping popularize quick brewing?","The product was originally developed following a request from the Brazilian government, which was looking for a clever way to preserve massive surpluses of harvested coffee beans from rotting in warehouses."
25.4 fluid ounces / 750 milliliters,"How many standard fluid ounces are contained within a classic, global benchmark bottle of premium wine?","The 750ml standard locked into place during the 19th century because it closely matched the average lung capacity of glassblowers, who could blow a bottle of that size in a single breath."
12 inches [30.5 cm],"What is the height of a standard, official professional culinary chef’s hat (the toque), in inches?","Traditionally, a toque features exactly 100 folds or pleats, which are said to symbolize the 100 different ways a master chef knows how to prepare a single egg."
200,"How many individual seeds sit on the outer flesh surface of an average, healthy strawberry fruit?","Strawberries aren't true berries; those tiny yellow dots are actually individual ovaries called achenes, each wrapping a tiny seed inside."
1971,"In what year did the fast-food giant McDonald’s first roll out its game-changing breakfast icon, the Egg McMuffin?","Created by a franchise owner in California, the sandwich was custom-engineered to mimic the flavor profile of eggs Benedict in a portable format, launching the fast-food breakfast industry."
9,How many distinct operational levels are built into a standard professional sensory taste panel grid to grade olive oil quality?,"Certified tasters sip oil out of dark blue glasses so they can't be influenced by the color, grading the oil based on fruitiness, bitterness, and throat pungency."
10 inches [25.4 cm],"What is the length of a standard, classic Italian spaghetti noodle before it is packed into boxes, in inches?","While long-form pasta used to be rolled up to 20 inches long in vintage Italian kitchens, commercial pasta plants standardized the length to 10 inches to maximize boxing efficiency and stop breakage."
8 thousand SHU,How many thousands of Scoville Heat Units (SHU) track the fiery thermal baseline of a standard Jalapeño pepper?,"By comparison, pure chemical capsaicin hits an astronomical 16 million Scoville Heat Units, which can cause severe skin blisters on contact."
1937,In what year was the iconic blue box of Kraft Macaroni & Cheese first introduced to grocery shoppers during the Depression?,"Marketed as a way to feed a family of four for just 19 cents, Kraft sold an incredible 8 million boxes in the very first year as shoppers scrambled for cheap, shelf-stable meals."
600,How many individual grapes are pressed together to yield a single standard 750ml bottle of premium wine?,This works out to roughly 2.6 pounds of raw grapes harvested from the vine to fill each bottle.
161°F [71.7°C],"What is the standard temperature, in degrees Fahrenheit, required to safely flash-pasteurize fresh commercial milk juice?","The milk is heated to 161°F for exactly 15 seconds before being rapidly chilled back down to 39°F, killing dangerous bacteria while protecting the milk's flavor."
12 years,How many years must a batch of genuine traditional balsamic vinegar from Modena age at a minimum to receive its top gold seal?,"The vinegar is continuously transferred down a line of progressively smaller barrels crafted from different woods (oak, chestnut, cherry, mulberry, ash) to absorb distinct flavors."
2026,In what year did a United Nations urbanization report confirm that Jakarta had officially overtaken Tokyo as the world's most populous city?,"The UN utilized a new methodology based on contiguous urban agglomerations, tracking dense footprints that sprawl across old administrative borders."
42 million,"How many millions of inhabitants reside within the massive urban sprawl of Jakarta, making it the largest city on Earth?","The explosive urban growth of Indonesia's capital has pushed it to the top spot, tracking well ahead of other Asian mega-cities like Dhaka and Tokyo."
8.3 billion,"What is the total population of planet Earth, marking a massive milestone across human history?","While it took all of human history until 1804 to hit our first 1 billion population mark, our global population now scales by roughly 1 billion every 12 years."
800,"How many distinct languages are actively spoken across the urban landscape of New York City, making it a linguistic marvel?","This incredible density makes NYC the most linguistically diverse city on the entire planet, with many rare tribal dialects preserved by immigrant communities."
2020,In what year did the total population of the United States officially cross the 330 million threshold?,"The U.S. tracks its real-time population shifts using a centralized national population clock, which ticks up by one net human every few seconds from births and immigration."
110 thousand people per square mile,"How many thousands of people per square mile live inside Manila, the city with the highest population density in the world?","This extreme density is roughly triple the population density of New York City, packing millions of residents into tight urban districts."
85 years,"What is the average life expectancy of a citizen living in Japan, one of the world's oldest demographics, in years?","Japan holds one of the highest longevity rates globally, driven by an active lifestyle, strong public health systems, and a diet rich in fish and vegetables."
29,How many distinct country borders form the land footprint of the European Union's passport-free Schengen Zone?,The open-border agreement lets millions of commuters and travelers cross international boundaries seamlessly without showing a passport.
2023,In what year did India officially surpass China to become the most populous nation on planet Earth according to UN projections?,"India's population crossed 1.42 billion people, marking a major demographic shift as China's birth rates experienced a historical structural decline."
37 million,"How many millions of people live within the city limits of Dhaka, the capital of Bangladesh and the world's second-largest city?","Driven by a rapid march of people migrating toward city life, Dhaka is projected by urban planners to cross 50 million residents by 2050."
19 years old,"What is the median age of the human population currently living on the continent of Africa, the youngest continent on Earth?","While Europe and East Asia are experiencing rapid population aging with median ages well past 40, Africa's youth boom is reshaping global workforce statistics."
20,How many distinct sovereign nations currently make up the official membership track of the Euro currency zone?,"Croatia became the 20th nation to officially drop its legacy currency and adopt the Euro banknotes and coins on January 1, 2023."
2007,In what year did the global urban population officially surpass the rural population for the first time in human history?,This historical turning point marked the first time that more humans lived inside cities and urban centers rather than rural farms and villages.
33 million,"How many millions of inhabitants reside within Tokyo, which now ranks as the third-largest city in the world?","While Tokyo held the title of world's largest city for decades, a demographic decline and an aging population have caused its urban footprint to gently contract."
35%,What is the percentage of the world's population that resides entirely within the borders of just two nations: India and China?,"Together, these two neighboring Asian giants hold over 2.8 billion residents, packing more than a third of humanity into their combined borders."
"1,954 miles [3,145 km]",How many thousands of miles long is the international land border separating the United States and Mexico?,"It is the most frequently crossed international land boundary on Earth, tracking millions of legal crossings through bustling ports of entry each year."
1945,In what year did the United Nations officially hit its founding milestone with 51 original member nations signing its charter?,"Created in the wake of World War II to maintain international peace, the organization's membership has since nearly quadrupled to 193 sovereign states."
12,How many independent sovereign countries are located entirely within the single continent of South America?,"They are Argentina, Bolivia, Brazil, Chile, Colombia, Ecuador, Guyana, Paraguay, Peru, Suriname, Uruguay, and Venezuela (plus the territory of French Guiana)."
2 humans per second,"What is the average net population growth of planet Earth every single second, tracking births minus deaths?","That scales up to a net increase of roughly 150,000 fresh humans added to the global population every single day."
100 million,"How many millions of foreign tourists visit France each year, making it legally the most visited country on Earth?","France consistently tops global travel charts, drawing immense crowds to Paris, the historic palaces of the Loire Valley, and the sunny beaches of the French Riviera."
1985,"In what year was the historic Schengen Agreement first signed on a passenger boat in Luxembourg, mapping out open European travel?","The agreement was signed by just five original European nations on a river cruise boat along the tri-border point where France, Germany, and Luxembourg meet."
11,How many distinct time zones are legally active across the massive geographic land mass of Russia?,"Russia spans so many time zones that when a family on the western side of the country in Kaliningrad is waking up at 7:00 AM, a family on the eastern side in Kamchatka is sitting down to dinner."
45%,What is the percentage of global wealth held by the top 1% of the world's population according to global wealth statistics?,"This intense wealth concentration is a major focus of modern economic policy, tracking disparities in asset holdings and investments across developing and developed nations."
54,How many sovereign states are currently located entirely within the single continent of Africa?,"This makes Africa legally the continent with the highest number of individual, independent nations anywhere on the globe."
2011,"In what year did the world's human population cross the 7 billion threshold, just eleven years before hitting 8 billion?","The United Nations symbolically designated October 31, 2011, as the ""Day of Seven Billion,"" highlighting the accelerating pace of global population growth."
5.0 thousand,How many thousands of passport applications are processed by the global travel registry system every single hour?,"Global travel demands have surged to all-time highs, forcing passport agencies to transition to advanced automated biometrics and electronic chip tracking."
2.1,What is the average number of children born per woman (the global fertility rate) needed to keep a population perfectly stable?,"This is known as the ""replacement rate."" Anything beneath 2.1 causes a nation's native population to contract over time, a trend currently playing out across Europe and East Asia."
30 million,"How many millions of people live within the massive, sprawling city limits of Shanghai, China's largest economic hub?",Shanghai features the world's largest deep-water cargo port and a massive automated subway infrastructure built to transport its millions of daily commuters.
1930,In what year did the historic city of Constantinople officially change its name to Istanbul under a Turkish postal law?,"While the city had been called Istanbul colloquially for centuries, the 1930 law forced international mail tracking systems to drop old Roman names."
3,How many distinct sovereign countries are completely landlocked inside other individual single nations?,"They are Vatican City and San Marino (both completely surrounded by Italy), and Lesotho (completely landlocked inside the borders of South Africa)."
70%,What is the percentage of the world's fresh water currently locked up and frozen inside the ice sheets of Antarctica?,"Antarctica holds roughly 90% of the planet's total ice mass. If the entire icy continent melted completely, global sea levels would rise by an estimated 200 feet."
26 million,"How many millions of people live within Cairo, the largest metropolitan area on the continent of Africa?","Spanning along the banks of the Nile River, Cairo's dense urban footprint bridges ancient history with explosive modern growth."
1948,In what year was the historic Universal Declaration of Human Rights officially adopted by the United Nations?,"Drafted in the wake of World War II, the document outlines thirty fundamental rights and freedoms that belong to every human being, translated into over 500 languages."
45,How many distinct megacities (cities with populations crossing 10 million residents) exist across the globe today?,"In 1950, only New York and Tokyo qualified as megacities. Today, rapid urbanization has minted dozens of megacities, primarily across Asia and Africa."
0.72,What is the absolute lowest fertility rate recorded by a nation in modern history (South Korea's demographic low)?,"South Korea's fertility rate has dropped well below the 2.1 replacement level, prompting deep economic concerns about future workforce tracking and pension grids."
21 miles [34 km],How many miles wide is the narrowest point of the English Channel (The Strait of Dover) separating the UK from mainland Europe?,"On exceptionally clear days, you can stand on the coast of France and easily spot the white chalk cliffs of Dover across the water with the naked eye."
2002,"In what year did the Euro banknotes and coins officially enter public circulation, replacing old national currencies?","The massive currency swap took place across 12 original nations on January 1, requiring banks to overwrite cash grids and distribute billions of fresh coins within weeks."
10,How many independent countries share a physical land border with the massive nation of Brazil?,"Brazil shares a border with almost every single nation on the South American continent, with only Ecuador and Chile completely cut off from its massive borders."
65 years,"What is the average age of a person retiring from the workforce in western European countries, in years?",Rising life expectancies and shifting demographic balances are prompting many governments to slowly adjust retirement ages to protect pension funds.
70 years,How many years would it take for a population to double if it maintained a constant annual growth rate of exactly 1%?,"This is calculated by mathematicians using the ""Rule of 70,"" dividing 70 by the integer growth percentage to map out long-term population scaling trends."
1966,"In what year did the U.S. Supreme Court issue the landmark Miranda v. Arizona ruling, making ""Miranda rights"" mandatory upon arrest?","Ernesto Miranda, the subject of the case, was retried and convicted anyway without the confession. After his prison release, he made a living selling autographed Miranda Warning cards."
12,How many individual justices legally sit on the panel of the Supreme Court of the United Kingdom?,"Established remarkably recently in 2009, it took over the judicial functions of the House of Lords, permanently separating the UK's highest court from Parliament."
20 years,What is the maximum number of years a criminal can be sentenced to under a single federal mail fraud count in the United States?,"If the fraud affects a financial institution or occurs during a presidentially declared disaster, the maximum penalty spikes to 30 years per count."
16,How many distinct forensic points of comparison (minutiae) must match exactly for a latent fingerprint to be deemed a legal match in most European courts?,"While the US dropped a fixed numerical minimum in favor of holistic expert analysis, countries like the UK and Italy historically locked in 16 matching ridge characteristics as the gold standard."
1934,In what year did the infamous FBI shootout with the gangster duo Bonnie and Clyde take place in Louisiana?,"Lawmen fired a staggering 130 rounds into the stolen Ford V8 sedan, ending a multi-state robbing spree that had captivated Depression-era newspapers."
10,How many distinct amendments compose the original U.S. Bill of Rights ratified by the states?,"James Madison originally drafted 19 amendments, and Congress approved 12 of them to send to the states. The remaining two failed ratification at the time."
12,What is the standard number of jurors packed into a legal box for a standard criminal felony trial in the United States?,"The number 12 is a historical holdover from medieval English common law, likely chosen because it matched symbolic numbers like the 12 Apostles or 12 Tribes of Israel."
1945,"In what year did the historic Nuremberg Trials begin, setting the foundation for modern international war crime laws?","The trials introduced simultaneous translation technology (built by IBM), allowing judges from four nations to hear arguments in four languages in real time."
"23,000 kilograms",How many kilograms did the largest single seizure of smuggled illicit substance weigh when intercepted by international maritime customs?,"Discovered hidden inside commercial shipping containers of cocoa powder in Hamburg, Germany, the massive haul was incinerated under high security."
0,What is the absolute minimum age a person must reach to serve as a legal judge on the International Court of Justice (World Court)?,"Judges are elected based on qualifications, though the immense career path required to become a global legal expert ensures the average age stays well past 50."
1946,In what year did Interpol officially launch its color-coded international notice system to track global fugitives?,"A ""Red Notice"" is the most famous, acting as a global alert to locate and provisionally arrest a suspect pending extradition."
5,How many distinct levels of security classifications define prison structures under the U.S. Federal Bureau of Prisons?,"They scale from Minimum (Federal Prison Camps) up through Low, Medium, High, and Administrative—which includes the ultra-secure ADX Florence ""Supermax."""
1963,In what year did the infamous Alcatraz Federal Penitentiary close its doors permanently to inmates?,The island prison was shut down primarily because it was vastly more expensive to run than regular mainland prisons; all food and water had to be shipped in by boat.
39,How many distinct signatures are penned across the bottom of the original United States Constitution document?,"Out of 55 delegates who attended the Constitutional Convention, 16 refused or were unable to sign, citing various objections to the balance of federal power."
95%,What percentage of criminal cases in the United States are resolved via a plea bargain rather than going to a jury trial?,The overwhelming reliance on plea deals keeps the massive judicial infrastructure from completely grinding to a halt under a backlog of cases.
"2,281","How many total articles compose the Napoleonic Code, the foundational civil law system that reshaped European legal structures?","Enacted in 1804, it abolished feudal privileges and established written, clearly cataloged laws regarding property, family, and individual rights."
1829,"In what year did the British Parliament pass the landmark Metropolitan Police Act, establishing the world’s first modern professional police force?","Founded by Sir Robert Peel, the officers were nicknamed ""Bobbies"" or ""Peelers."" They wore blue uniforms to look like civilians rather than the red-coated British military."
$33.5 million,How many thousands of dollars did a criminal jury order baseball star O.J. Simpson to pay in his 1997 civil court judgment?,"While he was acquitted in his highly publicized criminal murder trial, the lower burden of proof required in civil court led to a unanimous liability verdict."
40%,What is the ideal humidity level percentage maintained inside a modern police evidence locker holding sensitive DNA swabs?,"Keeping the air climate-controlled and dry prevents moisture from breeding bacterial mold, which can rapidly chew through and degrade biological sample DNA."
150 million,How many millions of fingerprint records are stored inside the FBI's central Next Generation Identification digital tracking database?,"The system processes hundreds of thousands of digital search requests every day, spitting out matching criminal record options within minutes."
1971,"In what year did the infamous D.B. Cooper leap out of a hijacked Boeing 727 passenger jet with $200,000 in ransom cash?",He remains the only person in commercial aviation history to successfully hijack an airplane and escape without his true identity ever being solved.
3,How many distinct degrees of murder classifications form the legal baseline for criminal homicide charges under most state laws?,"First-degree involves malicious premeditation, second-degree covers intentional acts without planning, and third-degree is commonly classified as manslaughter."
80%,"What percentage of modern arson investigations utilize trained ""accelerant detection"" K9 dogs to sniff out gasoline trace elements?",A dog's highly sensitive snout can pick up microscopic chemical signatures buried deep beneath charred timber that electronic detectors miss.
48 hours,"How many hours does the standard ""speedy trial"" clock give lawmen to formally charge a suspect after an arrest before they must release them?","This window excludes weekends and legal holidays, serving as a civil liberty guardrail to prevent arbitrary, indefinite detention without a charge."
1870,In what year did the United States officially establish the Department of Justice under President Ulysses S. Grant?,"While the office of the Attorney General was created back in 1789, it was a one-person job until the expansion of the post-Civil War era forced the creation of a full executive department."
7,How many distinct physical evidence recovery stages make up the standard protocol for a forensic team processing a crime scene?,"The stages track a meticulous process: securing the boundary, photographing layout, sketching coordinates, cataloging items, lifting prints, bagging biologicals, and documenting the chain of custody."
20mm,"What is the standard caliber size, in millimeters, of the forensic comparison ballistic microscope barrel used to analyze bullet matching lines?","The precision instrument allows firearms examiners to look at two bullets side-by-side, aligning the microscopic scratching lines (striations) carved by the gun barrel."
3.0 thousand statutes,How many thousands of federal statutes are currently compiled inside the United States Code book track?,"The code is split across 54 distinct titles, organizing the entire footprint of permanent, general federal laws passed by Congress."
1963,"In what year did the Great Train Robbery take place in England, where a gang stole over £2.6 million from a royal mail train?","The gang fixed the track signals by placing a glove over the green light and connecting a battery to light up the red bulb, forcing the locomotive to stop in the dark."
9,How many individual character codes make up a standard international Interpol passport tracking alert file?,"The compact alphanumeric tracking code maps the passport number, nationality, and issuance data into a global border network to flag stolen travel papers instantly."
1%,What is the approximate percentage of global financial transactions flagged by banks each year that turn out to be actual money laundering attempts?,"While compliance software flags millions of automated alerts for weird spending habits, the vast majority are cleared as normal business or travel spending after human review."
3,How many distinct forensic categories of bloodstain patterns (spatter) are analyzed by investigators to reconstruct a crime scene?,"The main categories are passive drops (gravity), transfer stains (wiping), and impact spatter (force), which help chart the spatial trajectory of an assault."
1931,"In what year was the notorious gangster Al Capone finally convicted and sent to prison, not for violent crimes, but for income tax evasion?","Secret Service and IRS investigators spent years combing through Capone’s cash ledger files, proving his lavish lifestyle far outpaced his reported zero income."
4,How many distinct lock pins secure the heavy steel door framework of a standard maximum-security jail cell?,"The deadbolts are controlled via centralized electronic control boards, using pneumatic air cylinders or heavy solenoids to lock down columns of cells instantly."
65°F [18.3°C],"What is the standard temperature, in degrees Fahrenheit, maintained inside a forensic anthropology lab storage cooler for skeleton elements?","Keeping the room cool and moisture-controlled stops dry rot and structural warping, preserving the delicate bone surface for knife or blunt-force tool mark matching."
53 years,"How many years did the historic legal battle over the estate of Charles Jarndyce run in real life, inspiring Charles Dickens’ classic *Bleak House*?","The real-world case (*Jennens v Jennens*) ground on through generations of English courts from 1798 to 1851, completely swallowing up the massive inheritance in legal fees."
1987,In what year was the first successful prosecution using DNA fingerprinting evidence achieved in a criminal court by Sir Alec Jeffreys?,"The test was used to convict Colin Pitchfork in England. Remarkably, it first cleared an innocent prime suspect before testing the blood of thousands of local men to find the true culprit."
94,How many individual federal districts split up the United States judicial map court system tracker?,"Every state has at least one federal judicial district, with larger, highly populous states like California and New York split across four separate regional districts."
0 hours,What is the minimum number of hours a missing person under the age of 18 must be gone before police are legally required to log them into the NCIC database?,"The National Child Search Assistance Act explicitly bans police from enforcing any mandatory 24- or 48-hour waiting period for kids, forcing an immediate database entry."
500 million dollars,How many millions of dollars did a federal court fine the accounting firm Arthur Andersen for shredding auditing files during the Enron financial crime scandal?,"Alongside the massive criminal fine, the felony obstruction conviction forced the firm to surrender its CPA licenses, instantly destroying one of the ""Big Five"" global accounting giants."
1873,"In what year did inventor Levi Strauss secure his historic patent for adding copper rivets to denim work pants, inventing blue jeans?","Strauss partnered with a tailor named Jacob Davis, who had come up with the rivet trick after gold miners kept complaining that their pocket stitching ripped under the weight of heavy rock samples."
100,How many distinct sewing stitch patterns form the baseline database of a standard high-end electronic embroidery machine?,"The computer chips guide stepping motors to switch patterns instantly, scaling from basic utility utility lines to complex decorative rosettes and zig-zags."
60 inches [152.4 cm],"What is the standard width of a commercial bolt of fashion garment fabric, measured in inches?","While home-craft quilting fabrics are traditionally woven narrower at 45 inches, industrial garment textile looms standardize on 60 inches to maximize pattern cutting efficiency."
3,How many vertical stripes compose the iconic minimalist corporate trademark logo of the fashion house Gucci?,The classic green-red-green stripe combo was inspired by traditional equestrian girth straps used to anchor saddles to horses.
1947,"In what year did designer Christian Dior shock post-war Paris by debuting his controversial ""New Look"" fashion line?","The collection featured voluminous, long structured skirts that used yards of fabric, a radical and luxurious statement after years of tight wartime fabric rationing."
"2,500",How many individual silk cocoons must be boiled down and unraveled to yield just one single pound of pure raw silk thread?,The delicate thread from a single cocoon can unwind in a continuous strand stretching over a half-mile long.
300,"What is the traditional thread count number that serves as the entry floor threshold for a sheet set to call itself ""Premium""?",Thread count measures the number of horizontal and vertical threads woven into one square inch of fabric. Anything past 800 is usually a marketing trick using multi-ply threads spun together.
10,"How many total numbered buttons line the front closure of a classic, historically accurate military trench coat?","The double-breasted layout features two neat columns of 5 buttons, engineered to overlap tightly to shield soldiers from high winds and rain mud."
1926,"In what year did coco Chanel introduce the fashion world to the revolutionary ""Little Black Dress"" (*LBD*) via a sketch in Vogue?","Before this debut, black clothing was reserved strictly for periods of mourning. Chanel transformed it into a symbol of sleek, accessible high-fashion elegance."
4.8 thousand dollars,How many thousands of dollars did an anonymous bidder pay at auction for the iconic crystal-encrusted dress Marilyn Monroe wore to sing to JFK?,"Custom-dyed to match her skin tone exactly, the sheer dress was so tight that Monroe had to be literally sewn into it right before walking onto the Madison Square Garden stage."
45 degrees,"What is the standard angle degree cut of a fabric pattern piece to align it perfectly on the ""bias""?","Cutting woven fabric at a 45-degree angle to the long warp lines unlocks a natural fluid elasticity, letting garments drape elegantly over body curves without bunching."
4,How many distinct numeric sizing systems partition the global mapping charts for women's high-heel footwear?,"The market balances four dominant charts: US, UK, Europe, and Japan. Japan's system is considered the most logical, tracking the foot length directly in centimeters."
1939,In what year was the revolutionary synthetic textile fiber Nylon first publicly unveiled at the New York World's Fair?,"Marketed as a textile spun from ""coal, water, and air,"" DuPont sold over 4 million pairs of nylon stockings in a single day when they hit stores in 1940."
3,How many distinct strands of colored yarn are woven together to create a standard checker block pattern in classic Scottish Tartan?,"The threads warp and weft at fixed counts, crossing over each other to form solid blocks and blended lines that historically identified distinct highland clans."
5 feet [2 m],"What is the standard height, in inches, of a premium high-fashion runway model requirement under elite agency baselines?","While sample garments are tailored to this tall frame to maximize movement flow under runway lights, agencies have slowly expanded parameters to reflect consumer diversity."
10 thousand feathers,How many thousands of hand-stitched feathers cover the structural framework of a standard Victoria’s Secret angel wing piece?,"The massive wings are built over a custom wire or lightweight carbon fiber frame, taking design teams over 200 hours of micro-precision labor to balance."
1987,"In what year did legendary sneaker designer Tinker Hatfield launch the Air Max 1, showcasing Nike's first visible air bubble?","Hatfield was originally trained as an architect; his provocative design was inspired by the Centre Pompidou building in Paris, which features its structural plumbing and systems exposed on its exterior."
300,"How many individual loops form a single square inch of premium, high-density Velcro closure strip?","The design was invented in 1941 by George de Mestral, who copied the structural hook shape of burr needles that kept clinging to his dog’s fur during walks."
50°F [10°C],"What is the ideal storage temperature, in degrees Fahrenheit, maintained inside a luxury fashion vault holding vintage fur coats?","Fur vaults require cold, climate-controlled rooms to keep the natural oils in the leather skin from drying out and crumbling, which causes the fur hairs to drop off."
12 million,How many millions of individual needles spin simultaneously inside a modern industrial textile knitting mill factory line?,These computer-guided circular knitting looms churn out massive tubes of jersey and fleece fabrics at speeds of thousands of loops per second to supply fast-fashion lines.
1964,"In what year did Mary Quant launch her provocative miniskirt line in London, redefining youth fashion culture?","She named the short skirt after her favorite model car, the Mini Cooper, stating that the design was liberating because it let women comfortably run to catch a bus."
8,How many distinct numeric categories define the international standard weight chart for yarn thicknesses (the craft yarn standard)?,"The chart scales from 0 (Lace weight) up through Fingering, Sport, Worsted, and Bulky, ending at category 7 (Jumbo), which is used for heavy hand-knitted blankets."
60%,What percentage of raw cotton fiber mass is completely lost as seed waste and trash during the industrial ginning process?,"The giant saw teeth of a modern cotton gin strip away the fluffy white lint, ejecting a massive volume of dense cottonseeds, which are recycled into cooking oil and cattle feed."
100,How many individual fibers are spun together to form a single micro-strand of modern ultra-fine technical micro-polyester?,"The synthetic filaments are extruded through microscopic spinneret dies, resulting in a thread that is significantly thinner than a strand of natural silk or a human hair."
1961,In what year did designer Hubert de Givenchy dress Audrey Hepburn in the iconic black gown for the opening of *Breakfast at Tiffany's*?,"Three copies of the satin sheath dress were made for the production. One copy sits in a museum, one was archived by Givenchy, and one sold at auction for over $900,000."
4,"How many distinct horizontal panels compose the classic tailoring cut of an authentic, high-end bespoke leather dress shoe?","Known as a ""quarter-panel"" cut, the leather sections are shaped over a custom wooden model of the client's foot before being hand-welted to the sole."
14 oz [414 mL],"What is the standard density weight, in ounces per square yard, of premium raw selvedge denim fabric?","Standard mass-market jeans use thin 10-ounce denim. Stiff 14-ounce raw denim is highly prized by fashion enthusiasts because it takes months to break in, creating unique, high-contrast fade lines."
50 thousand knots,"How many thousands of individual knots make up a single square foot of a premium, hand-woven Persian rug masterpiece?",A single master artisan can spend over a full year tying millions of individual wool or silk knots to complete a standard-sized room rug.
1917,"In what year did the iconic sneaker brand Converse launch the All Star basketball shoe, anchoring street style history?","The canvas shoes became a sports phenomenon after basketball player Chuck Taylor joined the company as a salesman in 1921, adding his signature to the ankle patch."
8,How many total distinct buttons detail the double-breasted closure of a traditional peacoat jacket layout?,"Early versions featured large anchor icons stamped into the buttons, which were oversized so sailors could button up their heavy wool coats while wearing thick gloves in freezing ocean gales."
70%,What is the approximate percentage of modern fast-fashion garments that contain blended polyester synthetic fibers?,"Mixing cheap polyester fibers with cotton lowers production costs, reduces wrinkling, and extends the life of thin knitted shirts."
18,How many distinct base colors make up the universal Pantone matching grid chart used by fashion designers to lock in dye formulas?,"By mixing precise ratios of these 18 base ink pigments, textile mills across the planet can replicate any of Pantone's over 2,000 cataloged colors perfectly without variance."
1984,"In what year did the legendary luxury brand Hermès launch the iconic ""Birkin Bag,"" named after actress Jane Birkin?",The bag's design was sketched on an airplane bar napkin after the CEO of Hermès sat next to Birkin and saw all her loose papers spill out of her straw travel basket.
"12,000",How many individual warp threads line the comb interface of a high-end industrial Jacquard silk weaving loom barrel?,"The historic Jacquard loom utilized a system of punched cards to guide these thousands of threads automatically, a logic matrix that historians credit as a direct ancestor of early computer programming."
1%,"What is the absolute maximum percentage of shrinkage allowed for a garment to legally stamp itself ""Sanforized"" pre-shrunk denim?","The mechanical sanforization process passes the raw denim over steam rollers and rubber blankets, pre-compressing the cotton fibers so the jeans won't shrink dramatically on their first wash."
15 minutes,How many minutes does it take a master bespoke tailor to complete a single hand-sewn keyhole buttonhole on a luxury suit lapel?,"The process requires micro-precision cutting and wrapping heavy silk twist thread around the raw fabric edges using a tight gimp stitch to create a durable, raised corded rim."
1892,In what year did the iconic fashion publication Vogue release its historic first ever printed issue as a weekly society newspaper?,"It was founded by an American businessman to catalogue the lifestyle, habits, and attire of New York's elite ""Gilded Age"" high society before expanding into a global fashion monthly."
30,How many distinct layers of natural resin coating seal the surface of a luxury handmade Japanese lacquer handbag accessory?,"Every single layer of *urushi* lacquer must be painted on, cured inside a warm, humid chamber for days, and polished flat with charcoal before the subsequent layer can be laid down."
10 millimeters or ~0.4 inches,"What is the standard diameter width of a classic, high-fashion dress shirt pearl button, measured in ""Lignes"" lines?","The ""Ligne"" is an ancient French measuring unit used exclusively by button makers since the 18th century to track button dimensions."
5 million dollars,How many millions of dollars did a luxury brand spend to construct the world's most expensive fashion runway set (Chanel's giant indoor rocket ship model)?,"Erected inside the Grand Palais in Paris in 2017, the massive 115-foot model rocket ship featured realistic smoke effects and actually fired its thrusters to ""launch"" 30 feet into the glass dome ceiling during the show's finale."
1886,"In what year did Carl Benz file the historic patent for his Benz Patent-Motorwagen, universally recognized as the world's first gasoline automobile?","His wife, Bertha Benz, single-handedly financed the project and took the car on its first long-distance road trip (66 miles) without his knowledge to prove its commercial viability, field-inventing brake linings along the way."
16 cylinders,"How many individual cylinders power the engine block of the ultimate modern speed machine, the Bugatti Chiron?","The quad-turbocharged W16 engine features two coupled V8 banks, producing an astronomical 1,500 horsepower that can drain a full 26-gallon fuel tank in just 9 minutes at top speed."
"763 mph [1,228 km/h]","What is the absolute maximum speed ever achieved by a land vehicle on wheels (the ThrustSSC supersonic rocket car), in miles per hour?","Set by pilot Andy Green in 1997 in the Black Rock Desert, the twin-jet vehicle became the first and only land car to officially shatter the sound barrier, generating a sonic boom on the desert floor."
7,"How many vertical slots compose the iconic, legally trademarked front grille design of a standard Jeep?",Early WWII military Jeeps featured 9 slots to lower manufacturing costs on stamped metal sheets. Jeep dialed it back to 7 slots after the war to secure a unique consumer trademark.
1913,In what year did Henry Ford shake up global industry by rolling out the first moving assembly line for the Model T automobile?,"The assembly line breakthrough slashed the time required to build a single car from 12 hours down to just 93 minutes, allowing Ford to lower the price and put America on wheels."
10,How many distinct gear ratios are engineered inside the advanced automatic transmission of a modern high-efficiency truck?,"The transmission uses onboard computers to skip gear steps entirely depending on acceleration load, keeping the engine running within its optimal fuel efficiency curve."
18 inches [45.7 cm],"What is the standard diameter width, in inches, of an official Formula 1 racing car wheel rim asset?",F1 stepped up to 18-inch rims from low-profile 13-inch configurations to align the open-wheel race cars with modern commercial sports car styling and tire technology.
5.0 thousand spot-welds,How many thousands of spot-welds tie together the structural unibody framework of a standard modern sedan car?,"Automated robotic welding arms flash these thousands of electrical current welds across the factory floor in seconds, building a high-rigidity passenger safety cage."
1966,"In what year did the legendary Ford GT40 achieve its historic 1-2-3 finish at the 24 Hours of Le Mans, beating rival Ferrari?",Henry Ford II financed the racing project out of pure spite after Enzo Ferrari pulled out of a lucrative deal to sell his company to Ford at the absolute last minute.
"2,000",How many individual moving parts are estimated to compose a standard internal combustion car engine block assembly?,"By comparison, a modern electric vehicle motor system features fewer than 20 moving parts, vastly lowering mechanical wear friction over time."
32 PSI [221 kPa],"What is the standard tire inflation pressure, in pounds per square inch (PSI), recommended for a basic family sedan tire?",Keeping tires inflated to this optimal baseline prevents uneven tread wear and maximizes rolling fuel economy. The pressure can fluctuate by 1 PSI for every 10°F change in outside air temperature.
8,"How many distinct pistons bounce inside the engine block of a classic, roaring American muscle car V8 layout?","The pistons are arranged in two angled rows of four to form a ""V"" shape, sharing a single central crankshaft to deliver deep torque and that signature low exhaust rumble."
1959,In what year did the safety tech company Volvo generously gift the three-point seatbelt patent to the world for free?,"Invented by Volvo engineer Nils Bohlin, the company opened up the patent to all rival auto manufacturers because they recognized it had the universal potential to save millions of human lives."
40,How many cargo containers of raw materials flow into the centralized mega-factory line of an auto plant every single hour?,"Operating on a precision ""Just-In-Time"" logistics grid, parts arrive at unloading docks mere hours before they are scheduled to be bolted onto a car frame."
304 mph [489 km/h],"What is the top speed capacity of the fastest street-legal production sports car, in miles per hour?","To withstand the centrifugal forces of spinning at over 300 mph, the custom Michelin tires had to be reinforced with aviation-grade carbon fibers and X-rayed before mounting."
3.0 thousand microchips,How many thousands of microchip semiconductor units are packed inside a modern luxury electric vehicle to run its automated systems?,The chips coordinate everything from battery thermal management grids and electric motor frequencies to the touchscreens and automated steering cameras.
1981,"In what year did the iconic DeLorean DMC-12 sports car make its public launch debut, cementing its place in pop culture?","The car featured an unpainted brushed stainless steel body panels and gull-wing doors. Fewer than 9,000 units were manufactured before the company collapsed into bankruptcy."
4,How many distinct spark plugs are screwed into the engine cylinder head of a standard 4-cylinder car?,"The spark plugs unleash a high-voltage electrical arc precisely at the peak of the piston's compression stroke, igniting the fuel-air mix thousands of times per minute."
800 volts,What is the standard voltage rating of the heavy lithium-ion battery architecture powering modern rapid-charge electric vehicles?,"Doubling the battery architecture voltage from the older 400-volt standard allows electric cars to accept high-power fast charging without generating excess wiring heat, slicing charge times down to 18 minutes."
85 million,"How many millions of cars pass across global factory lines each year, marking the massive scale of auto manufacturing?","China sits as the undisputed global king of auto manufacturing, stamping out over a third of all new passenger vehicles built each year."
1972,In what year did the Volkswagen Beetle officially break the Ford Model T's historic record to become the best-selling single car model in history?,"The world record-breaking 15,007,034th Beetle rolled off the assembly line in Wolfsburg, Germany, sporting its classic, unchanged air-cooled rear-engine layout."
4,How many distinct individual carbon-ceramic brake pads clamp the wheels of a professional modern supercar track kit?,"The composite pads can survive searing operating temperatures topping 1,800°F without fading, glowing bright orange under heavy braking on race tracks."
1.6 liters,"What is the standard displacement size, in liters, of a modern Formula 1 racing engine block?","While 1.6 liters is smaller than the engine inside a basic supermarket hatchback car, F1 engineers pair the V6 block with massive turbochargers and hybrid electric energy recovery systems to unleash nearly 1,000 horsepower."
16 pins,How many individual wiring pins form the electronic diagnostic port connector interface under a modern car steering wheel (the OBD-II port)?,"Mandated for all consumer cars since 1996, the 16-pin port lets mechanics plug in code scanners to pull real-time engine sensor data and emissions tracking logs."
1981,In what year was the first official commercial electronic navigation system (the Electro Gyrocator) offered in a production car?,"Developed by Honda and Alpine, it didn't utilize GPS satellites. Instead, it used a built-in helium gyroscope and gas pressure sensors to track movement inertia, scrolling plastic map sheets manually over a glowing screen."
5,How many distinct link joints compose the complex independent rear suspension layout of a high-end sports sedan?,"Commonly called a ""multi-link"" suspension, the 5 separate control arms let automotive engineers tune wheel tilt and alignment angles precisely to maximize tire grip on corners."
"2,300mm","What is the physical width of a standard international commercial auto transport shipping container slot, in millimeters?",The tight dimension forces auto designers to build cars with folding side mirrors so luxury sedans can be safely rolled inside shipping containers without scraping their doors.
80 thousand miles,How many thousands of miles is the standard global warranty lifespan tracking for a modern vehicle's catalytic converter emissions kit?,"Catalytic converters utilize precious rare metals like platinum, palladium, and rhodium to trigger chemical reactions that convert toxic exhaust gases into harmless water vapor and carbon dioxide."
1963,"In what year did the historic Porsche 911 sports car make its public debut at the Frankfurt Motor Show under its original model name ""901""?",Porsche was forced to change the name to 911 because Peugeot claimed an exclusive legal trademark on all three-digit car model numbers featuring a central zero.
16,"How many separate individual valves (intake and exhaust) control gas flow inside a modern 4-cylinder ""16V"" car engine head?","Utilizing two intake and two exhaust valves per cylinder allows the engine to breathe vastly more efficiently at high RPMs, increasing total horsepower output."
40 microns / 0.04mm,"What is the thickness, in millimeters, of the protective clear-coat paint layer sealing a new car's exterior metal?","The clear-coat is thinner than a strand of human hair, yet it serves as the primary shield protecting the colored paint base from UV sun fading, rain acid, and superficial scratches."
4,How many individual planetary gear sets stack inside a modern ultra-smooth 8-speed automatic car transmission?,"By locking or spinning different combinations of these 4 gear sets using internal wet clutch packs, the transmission can generate 8 distinct forward speeds and 1 reverse speed."
1994,In what year did the tragic crash of racing legend Ayrton Senna at the Imola circuit trigger a massive structural overhaul of Formula 1 safety rules?,"The disaster forced a complete redesign of racing cockpits, track layouts, and crash barriers, launching an era of highly advanced driver safety pods."
8,How many distinct individual sensory radar and camera inputs line the front bumper layout of a modern autonomous driving car kit?,"The sensor array works in tandem, stitching together ultra-wide camera feeds, short-range radar pulses, and laser lidar beams to map out a 360-degree real-time tracking zone."
280°F [137.8°C],"What is the standard temperature, in degrees Fahrenheit, maintained inside an industrial automotive paint curing oven line?","Heating the freshly painted car body to 280°F triggers a chemical cross-linking reaction inside the liquid paint polymers, baking it into a rock-hard, glossy protective enamel shell."
8 hours,How many hours did a team of drivers keep a standard production car running non-stop to set the world record for the longest continuous vehicle drift?,"Set by BMW in 2018, the driver kept the sports sedan sliding sideways continuously over a wet skidpad, requiring a second stunt car to drift alongside and perform mid-drift refueling hookups to keep the tank full."
1996,"In what year did General Motors launch the EV1, universally recognized as the first mass-produced modern electric vehicle from a major automaker?","The futuristic cars were offered exclusively through closed lease programs. GM famously recalled and crushed almost all the units in the desert a few years later, a controversial event that inspired documentary films."
1,How many individual throttle valves feed air directly into the roaring combustion chambers of a high-performance racing engine with an ITB setup?,"Individual Throttle Bodies (ITBs) eliminate the lag of a shared central air intake manifold, delivering instant, razor-sharp throttle response when the driver hits the gas pedal."
33mm,"What is the standard physical diameter width of a professional heavy-duty truck wheel lug nut, in millimeters?","The massive 33mm nuts require high-power pneumatic air wrenches to clamp wheel rims to axles under immense torque specs, preventing wheels from loosening under heavy freight loads."
100 million barrels,How many millions of barrels of crude oil are consumed globally each day just to refine fuel for transportation networks?,Roughly 60% of every barrel of oil pumped out of the ground is refined directly into gasoline or diesel fuel to keep global internal combustion vehicles moving.
1903,"In what year did the Wright brothers make their historic first controlled, powered airplane flight at Kitty Hawk, North Carolina?",Their very first flight lasted just 12 seconds and covered a distance of 120 feet—a distance shorter than the wingspan of a modern commercial Boeing 747 jumbo jetliner.
12,How many main tires are fitted onto the massive landing gear assembly of a standard Boeing 777 passenger jetliner?,"The landing gear utilizes two unique six-wheel trucks, which helps distribute the heavy weight of the plane evenly across airport tarmac runways to prevent crushing the concrete."
"1,354 mph [2,179 km/h]","What is the maximum cruising speed of the legendary supersonic passenger jet, the Concorde, in miles per hour?","Cruising at Mach 2.04, the Concorde flew faster than the earth rotates, allowing wealthy passengers to take off from London at 4:00 PM and land in New York at 3:00 PM on the same day—essentially landing before they left."
"3,000,000",How many individual rivet fasteners anchor the aluminum skin panels together to form a single Boeing 747 aircraft frame?,Every single one of these 3 million rivets must be checked by hand or laser scanners during major maintenance checks to spot microscopic structural cracks.
1937,In what year did the historic aviation disaster occur where the luxury German passenger airship Hindenburg burst into flames in New Jersey?,The massive zeppelin was filled with 7 million cubic feet of highly flammable hydrogen gas because the U.S. government refused to export non-flammable helium to Nazi Germany.
3,How many distinct hydraulic flight control systems are engineered into a modern commercial jetliner to guarantee structural redundancy?,"Typically labeled the Blue, Green, and Yellow systems, they operate over completely independent plumbing networks so the pilot can safely control the plane even if two lines experience a catastrophic rupture."
"10,000 feet [3,048 m]","What is the standard length of a primary runway at a major international airport, measured in feet?","Heavy cargo jets taking off on long flights with full fuel tanks require immense runway strips, stretching past 14,000 feet in hot climates or high altitudes where the air is thinner."
22,How many fan blades spin inside the front compressor face of a modern ultra-efficient Rolls-Royce Trent jet engine?,"Crafted out of advanced hollow titanium alloys, a single blade can withstand centrifugal pull forces equal to the weight of a full locomotive train engine at takeoff speeds."
1927,In what year did American aviator Charles Lindbergh make the first solo non-stop transatlantic flight from New York to Paris?,"Flying his custom plane, *The Spirit of St. Louis*, Lindbergh stayed awake continuously for 33.5 hours, navigating blindly over the ocean using just a basic periscope because a front windshield would block fuel tank space."
"1,410,000 lbs [639,565 kg]","How many pounds did the massive, record-breaking Antonov An-225 Mriya cargo plane weigh at its absolute maximum takeoff capacity?","Destroyed during conflicts in 2022, the unique six-engine aircraft required a specialized 32-wheel landing gear setup to touch down safely on runways."
"35,000 feet [10,668 m]","What is the standard cruising altitude ceiling for a commercial passenger jetliner, measured in feet?","Flying 6 miles up puts the plane inside the stratosphere, where the thin air lowers aerodynamic drag to maximize fuel efficiency and cruises well above rough weather storms."
8,How many distinct emergency exit doors must build into a passenger plane cabin to pass global 90-second evacuation safety tests?,Aviation laws require airlines to prove that a full plane can be completely emptied in pitch darkness with half the exits blocked in under 90 seconds.
2009,"In what year did the infamous ""Miracle on the Hudson"" occur, where Captain Chesley Sullenberger safely glided an Airbus A320 into a freezing river?","The plane lost all engine thrust at 3,000 feet after flying straight into a dense flock of migratory Canada geese just minutes after taking off from LaGuardia Airport."
19 hours,How many hours did the world’s longest scheduled non-stop commercial passenger flight keep travelers in the air (Singapore Airlines SQ22)?,"Connecting Singapore directly to New York, the ultra-long-range Airbus A350 covers a distance of 9,500 miles, carrying extra fuel and a double crew rotation on board."
"3,100°F [1704.4°C]","What is the internal temperature, in degrees Fahrenheit, reached inside the core combustion chamber of a running jet engine?","This intense heat is higher than the melting point of the turbine's metal blades, requiring engineers to blow a micro-layer of cool air through tiny laser-drilled holes to shield the metal."
10.3 thousand miles,How many thousands of miles can a modern high-efficiency twin-engine jetliner fly non-stop on a single tank of fuel?,This massive range allows modern aircraft to link virtually any two major cities on the planet with a single continuous flight.
2007,"In what year did the first commercial flight of the world’s largest passenger aircraft, the double-deck Airbus A380, take place with Singapore Airlines?",The massive superjumbo jetliner features a wingspan so wide (262 feet) that airports had to spend millions of dollars widening taxiways and gate spaces to accommodate it.
3,How many distinct glass panels compose the heavy-duty structural wrap of a standard commercial jet cockpit windshield?,"The windshield layers combine chemically strengthened glass with thick urethane polymer inner layers, engineered to withstand violent bird strikes at speeds crossing 350 mph."
"200 PSI [1,379 kPa]","What is the standard tire pressure, in pounds per square inch (PSI), used inside the wheels of a commercial passenger jetliner?","This pressure is roughly six times higher than a standard car tire. To prevent wheels from bursting under the friction heat of landing, the tires are filled entirely with non-flammable nitrogen gas."
12 million,"How many millions of passengers board commercial flights across the globe every single day, marking the scale of global aviation?","At any given moment during peak travel hours, there are over 10,000 active aircraft carrying over a million people simultaneously through the sky."
1947,"In what year did Chuck Yeager famously break the sound barrier for the first time in history, flying the Bell X-1 rocket plane?","Yeager flew the experimental craft with two broken ribs, keeping the injury a secret from military doctors by using a chopped-off broom handle to help lock the cockpit hatch door."
7,How many blades spin to form the main rotor assembly of a heavy-lift Sikorsky CH-53K military helicopter?,The advanced composite blades swing with enough lift capacity to pick up a full-sized armored vehicle or a second helicopter out of a combat zone.
385 feet [117 m],"What is the wingspan length of the massive, twin-fuselage Stratolaunch aircraft—the widest plane ever built—in feet?","Spanning longer than an entire professional American football field, the giant plane was custom-built to carry and launch rockets into space from mid-air."
3,How many separate data entry sensors line the nose of a modern commercial jet to track airspeed (Pitot tubes)?,"The independent tubes collect air pressure data for three separate flight computers, letting the cockpit instantly spot and flag a rogue sensor reading."
1952,"In what year did the British luxury passenger jetliner, the De Havilland Comet, make its debut as the world's first commercial jet?","Early models suffered tragic crashes due to metal fatigue caused by their sharp, square passenger windows, a discovery that forced all subsequent aircraft designers to utilize rounded windows forever."
6,How many distinct individual control surfaces line the trailing edge of a standard passenger jet wing (flaps and ailerons)?,"The surfaces drop down and tilt to alter the aerodynamic shape of the wing, maximizing lift during slow landings or rolling the plane through banking turns."
45 minutes,"What is the safe operating fuel volume cushion, measured in minutes of extra flight time, that a captain must legally carry under FAA diversion rules?","Every commercial flight must load enough extra fuel to comfortably circle an airport, divert to a backup city runway, and hold for 45 minutes in an emergency."
40 thousand components,How many thousands of component parts are assembled to build a single modern commercial turbofan jet engine?,"The components undergo extreme manufacturing checks, with spinning turbine discs balanced down to fractions of a gram to prevent high-speed vibration failures."
1953,In what year was the international standard black box flight data recorder invented by Australian scientist David Warren?,"Warren came up with the idea after analyzing a mysterious jet crash. Despite the name, modern black boxes are painted a brilliant, highly visible international orange."
15 minutes,How many seconds of continuous emergency oxygen flow do the drop-down yellow masks provide to passengers if a cabin depressurizes?,"The masks don't pull from gas tanks; they use a chemical reaction inside a small cylinder that burns sodium chlorate to manufacture fresh oxygen on the spot. 15 minutes gives the pilot plenty of time to dive the plane down to a safe breathing altitude of 10,000 feet."
17 inches [43.2 cm],"What is the physical width of a standard commercial jetliner passenger seat frame in economy class, measured in inches?","While ultra-long-haul jets sometimes expand the seat frame slightly to 18 inches, the 17-inch standard remains the global template for packing economy configurations."
88,How many distinct operational flight parameters are continuously recorded by a modern aircraft's flight data recorder black box?,"The recorder tracks everything from altitude, airspeed, and heading down to individual rudder pedal inputs, engine valve positions, and cockpit warning lights."
1932,In what year did Amelia Earhart make history by becoming the first woman to fly solo non-stop across the Atlantic Ocean?,"Landing her red Lockheed Vega in a cow pasture in Northern Ireland after a grueling 15-hour flight, she celebrated by handing a thermos of hot soup to a baffled local farmer."
2,How many generator units spin inside a standard jetliner engine core to supply electricity to the passenger cabin?,"The main engines turn powerful integrated drive generators, while a backup small engine tucked into the tail of the plane (the APU) can supply power on the ground."
160 mph [257 km/h],"What is the standard speed threshold, in miles per hour, at which a large commercial passenger jet safely lifts off the runway during takeoff (V2 speed)?","Takeoff speeds fluctuate based on the total weight of the plane, fuel load, and headwind conditions, requiring computers to calculate the exact lift target before every flight."
"10,500 miles [16,898 km]",How many miles long is the longest continuous commercial flight route ever mapped out by global airlines (Project Sunrise flights)?,"Engineered to connect Sydney directly to London and New York non-stop, the ultra-long flight path cuts travel time down by hours by eliminating layovers."
1990,In what year did the Federal Aviation Administration (FAA) officially ban all smoking on domestic commercial flights in the United States?,"Despite the ban, aviation laws still require all airplane bathroom doors to be fitted with physical ashtrays so that if a passenger illegally lights up, they have a safe place to put out the match rather than starting a trash fire."
50 thousand feet per minute,How many thousands of feet per minute can a top-tier modern military fighter jet climb vertically after takeoff?,"Utilizing powerful afterburning turbofan engines, an F-22 Raptor can rocket straight up into the sky, hitting its high-altitude cruising ceiling in less than a single minute."
128 inches [325.1 cm],"What is the standard diameter width of a massive General Electric GE90 jet engine barrel, in inches?",The engine barrel is so incredibly wide that the fuselage of a standard Boeing 737 passenger jet could comfortably slide straight through the core opening.
14 years,How many years did the construction and testing of the historic supersonic British-French Concorde jet take before its first commercial flight?,"Developed through an intense joint treaty, the engineering pushed early aerodynamics to its limits, requiring custom systems to handle the immense skin friction heat generated by flying at Mach 2."
206,"How many individual bones make up the complex, fragile skeleton of a healthy adult human body?","Human babies are actually born with around 270 bones, but many of these separate bony plates fuse together tightly as we grow through childhood."
1928,"In what year did Scottish scientist Alexander Fleming accidentally discover penicillin, launching the antibiotic era?","Fleming returned to his messy laboratory after a vacation to find that a patch of green mold (*Penicillium notatum*) had contaminated a petri dish, completely destroying all the surrounding bacteria colonies."
60 thousand miles,How many thousands of miles of blood vessels are packed inside a single adult human body?,"If you were to unpack all the capillaries, veins, and arteries from a single adult and lay them out in a straight line, it would wrap around the Earth over twice."
120 days,"What is the maximum recorded lifespan of a single human red blood cell circulating through your body, in days?","Your bone marrow must work continuously to replace these cells, manufacturing an incredible 2 million brand-new red blood cells every single second."
1967,In what year did Dr. Christiaan Barnard perform the world’s very first successful human-to-human heart transplant in South Africa?,"The historic operation required a team of 30 medical professionals, and though the recipient lived for only 18 days before succumbing to pneumonia, it proved the surgery was possible."
4,How many distinct chambers partition the muscular pump engine of a human heart?,"They are the right and left atria (upper chambers) and the right and left ventricles (lower chambers), working in sync to separate oxygen-rich blood from waste blood."
98.6°F [37°C],"What is the standard human body temperature baseline, measured in degrees Fahrenheit, established by Carl Wunderlich in the 19th century?","Modern medical tracking shows that our average baseline has actually cooled slightly over the last century, trending closer to 97.9°F due to better indoor heating and lower rates of chronic inflammation."
2,How many individual muscles coordinate together just to let a human blink a single eye?,"The orbicularis oculi closes the eye, while the levator palpebrae superioris pulls the lid back up, functioning as the fastest moving muscles in your body."
1980,In what year did the World Health Organization officially declare that smallpox had been completely eradicated from planet Earth?,"Smallpox remains the only major human infectious disease to be completely wiped out through a global, decades-long vaccination campaign."
480 million,How many millions of tiny microscopic air sacs (alveoli) pack the tissue of a standard pair of human lungs?,"If you were to spread out the surface area of all these millions of air sacs flat, it would cover the footprint of an entire professional tennis court."
10 days,"What is the average lifespan of a standard taste bud cell on a human tongue, in days?","Because these cells are continuously shedding and regenerating, your tongue can rapidly recover its sense of taste after being burned by hot coffee."
4,How many distinct categories of teeth line the jaw framework of a standard healthy adult human mouth?,"They are the incisors (cutting), canines (tearing), premolars (crushing), and molars (grinding), totaling 32 teeth including wisdom teeth."
2003,In what year did researchers successfully finish mapping out the primary sequence of the human genome?,The massive international Human Genome Project took roughly 13 years of computational processing power to decode all 3 billion letters of our genetic blueprint.
27,How many individual bones pack tightly together just to form the complex structure of a single human wrist and hand?,"Together, your two hands hold more than a quarter of all the individual bones found anywhere in your entire body skeleton."
1.5,"What is the standard pH rating of pure human stomach acid when active, tracking its intense corrosive strength?","Composed primarily of hydrochloric acid, it is strong enough to dissolve solid zinc or steel razor blades over a few hours inside a lab flask."
1 trillion distinct olfactory signatures,How many thousands of individual scent codes can the sensory neurons inside a human nose distinguish?,"While old medical textbooks claimed humans could only smell 10,000 scents, advanced olfactory testing proved our noses are incredibly sophisticated."
1918,"In what year did the worst global influenza pandemic in modern history (The Spanish Flu) break out, infecting a third of the world?","Despite the name, the pandemic didn't originate in Spain. It earned the label because Spain was neutral in WWI, meaning its newspapers were the only ones openly reporting the outbreak without military censorship."
4,How many distinct lobes compose the structural map of a healthy human liver?,"The liver is the only internal organ capable of complete natural regeneration; you can lose up to 70% of its mass, and it will regrow to its full size within weeks."
0.9%,What is the standard concentration percentage of salt water matching the natural salinity of human tears (saline baseline)?,"This exact 0.9% concentration matches the fluid balance inside your body cells, which is why medical IV saline bags use this exact ratio to prevent cellular shock."
2 million,How many millions of individual nephron filtering units pack inside a standard pair of human kidneys?,"Your kidneys filter your entire bloodstream roughly 40 times every single day, sorting out waste products into urine while recycling clean water back into circulation."
1805,"In what year did German pharmacist Friedrich Sertürner first isolate morphine from raw opium, launching modern pharmacology?","He named the powerful pain-killing compound ""morphine"" after Morpheus, the ancient Greek god of dreams, because of its intense sleep-inducing properties."
20,How many distinct amino acids serve as the foundational building blocks to manufacture every protein in the human body?,"Out of these 20 amino acids, exactly 9 are classified as ""essential,"" meaning your body cannot manufacture them from scratch and must acquire them through food."
3 lbs [1 kg],"What is the average weight of a mature adult human brain, measured in pounds?","Despite accounting for just 2% of your total body weight, your brain consumes an incredible 20% of your body's total energy calories and oxygen supply."
8,How many separate individual muscles form the muscular anatomy of a human tongue?,The tongue isn't a single muscle; it is a complex grid of 4 intrinsic and 4 extrinsic muscles that alter its shape and position to let you swallow and speak.
1895,"In what year did Wilhelm Röntgen accidentally discover X-rays, capturing the famous skeletal image of his wife’s hand?","Upon seeing her bones and wedding ring floating in the dark negative print, his wife famously gasped, ""I have seen my own death!"""
4,How many distinct primary blood types exist within the standard human ABO blood group system?,"The main types are A, B, AB, and O. When multiplied by the positive or negative presence of the Rh protein factor, it yields the standard 8 blood types used by clinics."
99%,What is the approximate percentage of the human body's total calcium supply that is locked inside your teeth and bones?,"The remaining 1% circulates continuously in your blood, playing a vital role in regulating your heart rate and coordinating muscle contractions."
"130,000 thousand",How many thousands of light-sensitive rod and cone cells line the tissue of a standard human eye retina?,"Rods handle low-light vision and contrast (~120 million), while cones handle color and sharp detail (~7 million), feeding visual data directly to the optic nerve."
1899,"In what year did the Food and Drug Administration officially approve Aspirin for commercial sale, launching the world's most popular painkiller?","Developed by the Bayer company, the active ingredient was originally derived from salicylic acid found naturally inside the bark of willow trees."
33,How many separate individual vertebrae bones stack together to form the flexible column of a human spine?,"The column is divided into 7 cervical (neck), 12 thoracic (mid-back), 5 lumbar (lower back), 5 fused sacral, and 4 fused coccygeal bones that form the tailbone."
0.5mm,"What is the thickness, in millimeters, of the thinnest skin layer on a human body (the eyelids)?","By comparison, the thickest skin on your body is located on the soles of your feet and palm pads, measuring up to 4.0mm thick to withstand continuous friction."
4,How many distinct valves control the fluid direction of blood passing through a human heart?,"They are the tricuspid, pulmonary, mitral, and aortic valves. The familiar ""lub-dub"" sound of a heartbeat is actually the sound of these mechanical valves snapping shut."
1953,In what year was the first successful vaccine against the devastating polio virus developed by Dr. Jonas Salk?,"Salk famously refused to patent his breakthrough vaccine, choosing to leave it open-source so it could be manufactured cheaply worldwide, stating, ""Could you patent the sun?"""
22,How many distinct individual bones fuse together to form an adult human skull skeleton?,"This count excludes the 6 tiny ossicle bones tucked inside your ears, which are the smallest bones in your body and handle acoustic vibrations."
28 days,"What is the standard lifespan of a human skin cell before it dies and sheds off, in days?","Your body sheds roughly 30,000 dead skin cells every single minute, meaning much of the common dust that settles on household furniture is actually dead human skin."
2.5 thousand,How many thousands of individual nerve endings pack into the skin of a human hand tip?,"The extreme density of these mechanoreceptors makes your fingertips sophisticated sensory assets, capable of detecting a texture ridge just a fraction of a millimeter high."
1862,In what year did French chemist Louis Pasteur successfully demonstrate the process of pasteurization to kill bacteria in fluids?,"Pasteur originally invented the heating technique to prevent local French wines and beers from souring in barrels, before it was widely applied to milk."
3,How many distinct layers make up the structural anatomy of the human skin wall (integumentary system)?,"They are the epidermis (outer shield), dermis (blood vessels and nerves), and hypodermis (subcutaneous fat layer), working together to protect your body from infection."
16 oz [473 mL],"What is the standard volume capacity of a healthy human bladder when it signals an urgent need to empty, in fluid ounces?","Stretch receptors line the bladder walls, flashing electrical nerve warnings to your brain when the fluid level reaches roughly half of its absolute structural stretch capacity."
"100,000 million",How many millions of chemical instructions pass between synapses in a human brain every single second?,"This complex network of electrochemical signals fires continuously across trillions of synaptic junctions, allowing you to instantly process thoughts, memories, and physical movements."
1985,In what year did Bjarne Stroustrup officially release the first commercial version of C++?,"It was built as an enhancement to the original C language, adding object-oriented classes while maintaining low-level efficiency and performance."
32 bits,"How many bits are allocated to track a standard ""float"" (floating-point number) in modern IEEE 754 computer architecture?","Double-precision floats utilize 64 bits, allowing programmers to minimize rounding errors during complex decimal calculations."
6 characters,What is the maximum character length of a variable name allowed in the original 1957 version of Fortran?,"This tight constraint forced early engineers to use highly cryptic abbreviations, which made reading legacy code a nightmare."
1995,In what year was the programming language PHP first released by Rasmus Lerdorf?,"PHP originally stood for ""Personal Home Page tools."" Today, it powers a massive percentage of content-managed websites across the internet."
8,How many primitive data types are officially built into the core Java programming language?,"They are `byte`, `short`, `int`, `long`, `float`, `double`, `boolean`, and `char`. All other data types are treated as objects."
4,What is the standard number of spaces recommended by the official PEP 8 style guide for a single level of indentation in Python?,"While tabs or alternative space counts are syntactically legal, Python developers universally stick to 4 spaces to ensure code readability."
2012,In what year did Microsoft release the first public version of TypeScript to open-source developers?,"Built as a strict syntactical superset of JavaScript, it added static typing to help engineering teams maintain massive web codebases."
32,How many keywords make up the entire syntax of the original ANSI C programming language (C89)?,"Despite its incredibly tiny keyword footprint, C remains one of the most powerful and widely used languages for operating systems and embedded hardware."
1996,"In what year did Sun Microsystems officially launch Java 1.0 with the famous slogan ""Write Once, Run Anywhere""?","Java achieved this portability by compiling code into bytecode, which runs inside a standardized Java Virtual Machine (JVM) built for each platform."
4,How many levels of abstract visibility (access modifiers) are available to programmers in Java?,"They are `public`, `protected`, `private`, and the default package-private modifier (which has no explicit keyword)."
2014,"In what year did Apple debut its modern programming language, Swift, to replace Objective-C for iOS development?","Swift was designed to be safer, faster, and more expressive, eliminating entire categories of common programming bugs like null pointer exceptions."
7 bits,How many bits make up a single basic character encoded under the classic ASCII text standard?,"A 7-bit system can map exactly 128 unique values, which was plenty of space to hold the English alphabet, numbers, and basic system command codes."
1995,"In what year did Netscape release JavaScript, written by developer Brendan Eich in just 10 days?","To capitalize on the massive hype surrounding Java at the time, Netscape rebranded the language from ""LiveScript"" to ""JavaScript"" at the last minute."
256,How many distinct basic numeric values can be represented by a single unsigned 8-bit integer (`uint8`)?,"The values span from exactly 0 to 255. In video games, this math ceiling frequently caused stats or items to glitch out if they crossed 255."
1991,"In what year was the elegant, high-level programming language Python first released by creator Guido van Rossum?","Van Rossum named the language after the classic British comedy troupe *Monty Python’s Flying Circus*, rather than the scaly reptile."
4 bytes,How many bytes of memory are allocated to store a standard single-precision `int` in modern 64-bit operating systems?,"A 4-byte block translates to 32 bits, allowing an integer to hold any whole number value between roughly negative and positive 2.14 billion."
2009,In what year did Google officially launch Go (Golang) as an open-source programming language?,Go was designed by Google engineers to optimize compilation speeds and simplify multi-threaded concurrent processing for massive server farms.
6,How many hexadecimal characters are required to cleanly represent a standard 24-bit RGB color code (like `#FFFFFF`)?,"The characters operate in pairs, with the first two digits mapping Red, the middle two mapping Green, and the final two mapping Blue."
2015,"In what year did Mozilla release the initial 1.0 version of Rust, a language built for absolute memory safety?",Rust eliminates common vulnerabilities like memory leaks and buffer overflows by enforcing strict data ownership rules at compile time.
3,How many distinct execution channels make up the standard input/output (I/O) stream baseline in Unix programming?,"They are formally designated as `stdin` (Standard Input - 0), `stdout` (Standard Output - 1), and `stderr` (Standard Error - 2)."
1974,In what year did the structured database query language SQL get developed at IBM's research laboratory?,"It was originally designed under the acronym ""SEQUEL"" to allow data analysts to search complex database tables using simple English-like phrases."
64 bits,How many data bits are allocated to track a single memory address pointer in a modern 64-bit computer architecture?,A 64-bit pointer architecture allows a processor to directly address an astronomical 16 exabytes of RAM.
1995,In what year did Danish programmer Rasmus Lerdorf introduce the world to PHP?,The language began as a simple set of C macros that Lerdorf wrote to track the traffic coming to his online resume.
2,How many conditional outcomes can a single binary boolean variable represent?,"Boolean logic maps reality down into two absolute states: `true` (1) or `false` (0), named after mathematician George Boole."
1995,In what year was the Ruby programming language officially released to public open-source developers by Yukihiro Matsumoto?,"Matsumoto designed Ruby to focus heavily on developer productivity and fun, famously blending elements of Perl, Smalltalk, and Lisp."
8 bits,How many bits compose a single standard computer Byte?,"A half-byte (4 bits) is officially referred to by computer scientists as a ""nibble,"" which handles a single digit of hexadecimal code."
1996,In what year did the World Wide Web Consortium (W3C) publish the first official standard specification for CSS (Cascading Style Sheets)?,"Prior to CSS, web developers had to style layout elements directly inside HTML code using messy fonts and structural table hacks."
4,How many primary component tags make up the bare minimum structural boilerplate of a valid HTML5 document?,"They are the structural container hierarchy tags: `<html>`, `<head>`, `<title>`, and `<body>`."
1972,In what year was the powerful systems programming language C first created at Bell Labs by Dennis Ritchie?,"Ritchie built C specifically to re-write the Unix operating system kernel, completely replacing clunky, platform-dependent Assembly code."
2,How many numeric indexing options sit inside a single digit of the binary numeral coding system?,"Binary utilizes just 0 and 1, mapping directly to the physical on-and-off electrical voltage states of billions of microscopic transistors on a chip."
2011,"In what year did JetBrains release Kotlin, which Google later crowned as the preferred language for Android app development?","Kotlin was engineered to be fully interoperable with Java, allowing developers to safely write cleaner code while reusing existing libraries."
8 bits,How many bits are utilized to encode characters under the standard UTF-8 variable-width encryption format at a minimum?,"UTF-8 can scale up to 32 bits (4 bytes) per character, allowing a single unified system to encode virtually every language and emoji on earth."
1991,In what year did James Gosling first initiate the development of the Java programming project at Sun Microsystems?,"The project was originally codenamed ""Oak"" and was intended to power digital interactive television set-top boxes, a tech that was way ahead of its time."
5,How many operational states can an active thread occupy inside a standard computer process?,"The thread lifecycle states are New, Runnable, Running, Blocked (or Waiting), and Terminated."
2002,In what year did Microsoft release the initial version of the .NET Framework alongside the C# programming language?,"Led by Anders Hejlsberg, C# combined the structural power of C++ with the rapid development ease of Java."
7,How many baseline layers define the standard data abstraction stack under the global ISO/OSI networking model?,"The 7 layers are Physical, Data Link, Network, Transport, Session, Presentation, and Application."
2009,In what year did the open-source community release the first official stable version of the Node.js runtime environment?,"Built on Google Chrome's V8 engine, Node.js allowed developers to utilize JavaScript to write scalable server-side backend code for the first time."
32 bits,How many bits form a single standard network IPv4 internet protocol tracking address?,"This limits IPv4 to a maximum of roughly 4.3 billion unique web addresses, forcing the global transition to 128-bit IPv6."
1954,"In what year did John Backus publish the groundbreaking paper outlining Fortran, the world's first high-level language compiler?","Before Fortran, programmers had to manually write raw machine code instructions, a painstaking process that required math degrees."
16 bits,"How many bits are contained within a single standard ""short"" integer data type format?","A 16-bit signed short integer can hold any whole number value between exactly negative 32,768 and positive 32,767."
80,What is the standard network port number assigned to carry unencrypted HTTP web traffic?,"Secure, encrypted HTTPS traffic automatically routes through port 443, utilizing SSL/TLS protocols to safeguard data."
1983,"In what year was the Domain Name System (DNS) first invented, mapping messy numeric IP addresses to clean domain words?","Invented by Paul Mockapetris, the system automated directory lookup, making it so humans didn't have to carry books of IP numbers to view sites."
128 bits,How many bits of data make up a single modern secure IPv6 internet protocol address string?,"IPv6 opens up an astronomical number of unique addresses (340 undecillion), ensuring we will never run out of web paths for smart gadgets."
23,What is the default port number used to establish an unencrypted Telnet remote terminal network connection?,"Telnet sends data in plain text, letting eavesdroppers steal passwords. Secure developers utilize encrypted SSH connections on port 22 instead."
1997,In what year did the Internet Engineering Task Force (IETF) officially publish the standard specification for the HTTP/1.1 protocol?,"HTTP/1.1 introduced persistent connections by default, allowing a browser to pull multiple images and assets over a single socket without closing it."
4,"How many distinct decimal octets compose a standard, fully written IPv4 network address layout (like `192.168.1.1`)?","Each of the 4 octets represents an 8-bit number, meaning every section can scale anywhere from exactly 0 up to 255."
22,What is the standard default network port assignment designated for secure SSH remote shell terminal traffic?,"SSH utilizes strong public-key cryptography to encrypt the entire command session, replacing legacy unencrypted tools like Telnet and Rlogin."
1991,In what year did Tim Berners-Lee officially publish the historic first ever operational website from his lab at CERN?,"Hosted on a NeXT computer, the simple text-only page was dedicated entirely to explaining how the World Wide Web worked and how users could set up servers."
64 characters,How many characters make up the exact fixed maximum text length of a standard SHA-256 cryptographic hash value?,"SHA-256 converts any amount of data into a fixed 64-character hexadecimal string, serving as the security baseline for file integrity and Bitcoin mining."
3306,What is the default network port assignment used by relational databases running MySQL server engines?,"This classic port number is recognized by firewalls globally, letting applications open database pools to save and read structured data."
1974,In what year did Vint Cerf and Bob Kahn officially publish the foundational paper outlining the TCP network protocol?,"Often crowned the ""Fathers of the Internet,"" their design split packet assembly away from routing logic, launching the TCP/IP suite."
4,"How many layers of data abstraction compose the simplified, real-world TCP/IP internet network model stack?","Unlike the theoretical 7-layer OSI model, the practical TCP/IP suite compresses networking down into: Network Access, Internet, Transport, and Application."
21,What is the default network port number assigned to carry unencrypted File Transfer Protocol (FTP) command control data?,"FTP typically uses port 21 to send commands, while opening a separate dynamic port (like port 20) to stream the raw data blocks."
1993,"In what year did Marc Andreessen launch the Mosaic web browser, the tool that popularized the graphics-rich internet?","Mosaic was the first browser to display images inline directly alongside text paragraphs on a single page, completely transforming the web from a niche academic playground."
48 bits,How many bits are packed inside a single standard media access control hardware address (the MAC address)?,"Burned directly into network cards at the factory, a 48-bit layout is traditionally written as 12 hexadecimal characters separated by colons."
53,What is the standard port number used by network routers to exchange automated DNS directory lookup traffic?,"DNS query traffic typically runs over UDP port 53 to maximize lookup speeds, switching to TCP port 53 during heavy zone file transfers."
2011,In what year did the tech industry establish the first official specification for the lightning-fast WebSocket protocol?,"WebSockets opened up true, full-duplex bi-directional communication channels over a single TCP connection, allowing real-time web applications and live chats to thrive."
5,How many distinct server status code families classify outcomes under the global HTTP networking standard?,"The families are 1xx (Informational), 2xx (Success), 3xx (Redirection), 4xx (Client Error - like 404), and 5xx (Server Error - like 500)."
25,What is the default network port assignment reserved for sending outbound emails using the Simple Mail Transfer Protocol (SMTP)?,"While port 25 remains the standard for server-to-server mail relays, modern client applications typically use encrypted port 587 or 465 to send mail."
1995,In what year did the Apache Software Foundation release the initial open-source version of the Apache HTTP Server?,"Apache quickly grew to dominate the early internet ecosystem, serving as the foundational web server that powered the dot-com boom."
24 bits,How many bits form the subnet mask block of a standard Class C private home network configuration (`/24`)?,"A 24-bit mask maps to `255.255.255.0`, which leaves exactly 8 bits open for host devices, capping the network at 254 active IP connections."
6379,What is the default network port assignment used by web caches running the Redis database memory engine?,"Redis stores data sets entirely inside system RAM to deliver sub-millisecond lookups, keeping this port highly active on backend infrastructures."
1999,In what year was the TLS (Transport Layer Security) 1.0 cryptographic protocol officially specified as the successor to SSL 3.0?,"TLS repaired severe design flaws in Netscape's old Secure Sockets Layer (SSL) system, standardizing internet data encryption pipelines."
4,How many baseline ACID transactional properties guarantee absolute data reliability inside relational database networks?,"The 4 critical guarantees are Atomicity (all or nothing), Consistency, Isolation, and Durability, protecting databases from system crashes."
5432,What is the default network port used by administrators to connect to secure PostgreSQL database engines?,"PostgreSQL is a powerful open-source object-relational database system, utilizing this fixed port lane to handle heavy SQL queries."
2018,In what year did an international tech coalition officially freeze the network specifications for the secure TLS 1.3 protocol?,"TLS 1.3 stripped out legacy, weak encryption algorithms and trimmed the cryptographic handshake down to a single round-trip, maximizing web performance."
16 bits,How many bits make up the header checksum tracking block inside a standard legacy IPv4 network packet?,"The checksum verification block forces routers to calculate packet math at every hop, a process that was completely removed in modern IPv6 to maximize routing speeds."
110,What is the default network port number assigned to collect incoming user emails under the old Post Office Protocol (POP3)?,POP3 downloads emails directly onto a single device and wipes them from the server. Modern networks utilize IMAP on port 143 to sync mail across multiple devices.
2001,In what year did a team of computer scientists officially unleash the lightweight JSON data exchange standard formatting style?,"Championed by Douglas Crockford, JavaScript Object Notation (JSON) completely replaced bulky XML text, becoming the universal format for API data transfer."
8 bytes,How many bytes make up the baseline minimum header size of a standard User Datagram Protocol (UDP) packet?,"UDP's tiny 8-byte header makes it incredibly lean and fast, perfect for streaming real-time video feeds and multiplayer gaming where speed beats packet tracking."
993,"What is the default network port number assigned to handle secure, encrypted IMAP (Internet Message Access Protocol) mail traffic?","Running IMAP over an SSL/TLS layer encrypts the connection between your device and the mail server, protecting your email contents from sniffing."
2015,In what year did the Internet Engineering Task Force (IETF) publish the revolutionary HTTP/2 network protocol specification?,"Based on Google's experimental SPDY protocol, HTTP/2 introduced multiplexing, allowing multiple web assets to stream down a single TCP pipe at the same time."
17 characters,"How many characters long is a standard, fully written network MAC hardware address if you count the separating colons?",The 17-character layout maps out 6 pairs of hexadecimal digits (like `00:1A:2B:3C:4D:5E`) to uniquely identify any hardware device on a local network.
27017,What is the default network port assignment used to connect to a document-based MongoDB NoSQL server engine?,"Unlike traditional SQL tables, MongoDB stores data sets in flexible, JSON-like BSON documents, routing client queries through this custom port lane."
1969,In what year did the network prototype known as ARPANET execute its historic first data transmission between two university nodes?,"A student tried typing ""LOGIN"" from UCLA to Stanford; the system crashed after he entered the first two letters, making ""LO"" the first internet message in history."
16 bits,How many distinct bit slots form the maximum size window scaling field tracking factor inside a standard TCP header?,"This 16-bit ceiling caps standard data transfer windows at 65,535 bytes, though modern high-speed networks utilize options to scale that window size significantly."
26379,What is the default network port used by developers to query a decentralized Redis cache cluster sentinel management instance?,"Sentinel nodes continuously monitor master and slave Redis instances, executing automated failovers if a master database crashes."
1994,In what year did the internet-defining security standard HTTPS first get introduced to web browsers by Netscape Communications?,"Developed alongside early versions of the SSL protocol, it was originally built to secure credit card transactions and launch early e-commerce."
1500 bytes,How many bytes make up the absolute baseline maximum transmission unit (MTU) packet ceiling for standard Ethernet networks?,"If a data block is larger than 1,500 bytes, routers must chop it up into smaller fragments to pass it through standard network switches."
995,"What is the default port number assigned to collect secure, encrypted POP3 mail traffic over an SSL/TLS tunnel?","Port 995 locks down the old email downloading pipeline, ensuring that login credentials cannot be stolen over open public networks."
"18,000","How many vacuum tubes were packed inside the frame of ENIAC, the world’s very first programmable electronic computer?","Built in 1945, the massive computer took up 1,800 square feet of floor space and consumed so much electricity that local town lights reportedly dimmed when it powered up."
`$666.66`,What was the exact retail price of the original Apple-1 computer motherboard when it launched to the public?,"Steve Wozniak designed the board and chose the price simply because he liked repeating digits, completely unaware of any dark biblical connotations."
16-bit,How many bits of data processing architecture defined the iconic Sega Genesis home console?,"Sega aggressively marketed this raw power over the older 8-bit Nintendo system with the iconic, bold advertising slogan: ""Sega does what Nintendon't."""
1981,In what year did IBM change computing history by releasing the IBM Personal Computer (Model 5150)?,"The desktop system relied on an open architecture, prompting an industry wave of ""IBM-compatible"" clones that established Microsoft's DOS operating system dominance."
1.44 MB,"How many megabytes (MB) of data could fit onto a standard, classic high-density 3.5-inch floppy disk?","Today, a single high-resolution smartphone photo is roughly 5 megabytes, meaning it would require multiple floppy disks just to hold one picture."
1994,In what year did Jeff Bezos launch Amazon as a simple online bookstore operating out of a Seattle garage?,"Bezos originally wanted to name the company ""Cadabra,"" but his lawyer misheard it over a staticky phone call as ""Cadaver,"" prompting the change to Amazon."
"`$3,995`","How many thousands of dollars did the world’s first commercial portable cell phone, the Motorola DynaTAC 8000X, cost?","Released in 1983, the chunky ""brick phone"" weighed 2.5 pounds, took 10 hours to charge, and offered just 30 minutes of talk time."
1991,"In what year did Linus Torvalds post a message to a public newsgroup announcing his pet project, the Linux kernel?","Torvalds noted that Linux was ""just a hobby"" and wouldn't be ""big and professional."" Today, it runs the entire global internet backend infrastructure."
2 MB,How many megabytes (MB) of internal system RAM memory did the original grey Sony PlayStation 1 console possess?,"It also featured an additional 1 megabyte of dedicated video RAM, which was revolutionary at the time for rendering smooth 3D polygon graphics."
1998,In what year did the search engine company Google get officially incorporated by co-founders Larry Page and Sergey Brin?,"Operating early on out of a friend's garage, they originally named the engine ""BackRub"" before shifting to Google—a play on the mathematical number Googol."
24,How many active satellites currently make up the operational core tracking constellation of the global GPS network?,"While there are often extra spare satellites floating in orbit, a minimum of 24 ensures that at least four satellites are visible from any spot on Earth at any time."
1979,"In what year did Sony release the revolutionary Walkman portable cassette player, changing personal music forever?",The device completely altered global culture by allowing people to listen to their own curated music tracks privately using lightweight headphones while walking in public.
64-bit,How many bits of architecture defined the processing power of the revolutionary Nintendo 64 home console?,"While the 64-bit architecture allowed for massive 3D worlds, Nintendo's reliance on custom cartridges instead of cheap CDs heavily limited audio and video storage space."
2007,In what year did Apple CEO Steve Jobs stand on stage to pull the very first iPhone out of his pocket?,"Jobs pitched the device as three revolutionary products in one: a widescreen iPod with touch controls, a revolutionary mobile phone, and a breakthrough internet communicator."
104 keys,How many individual keys are built onto a standard layout desktop computer keyboard (the QWERTY US standard)?,The layout was designed in the 1870s to purposely separate common letter combinations so mechanical typewriter arms wouldn't jam into each other.
2004,In what year did the massive social media platform Facebook first launch out of a Harvard University dorm room?,"Originally restricted strictly to Harvard students under the name ""Thefacebook,"" it signed up over half the undergraduate population within its first month."
"2,300","How many thousands of operational logic gates were etched onto Intel's first commercial microprocessor, the 4004 chip?","Released in 1971, it had the same computing power as the massive ENIAC computer that filled an entire room back in the 1940s."
2005,In what year did the digital video platform YouTube get officially founded by three former PayPal employees?,"The first video ever uploaded was titled ""Me at the zoo,"" featuring co-founder Jawed Karim standing in front of elephants at the San Diego Zoo."
4.7 Gigabytes,How many megabytes (MB) of data could a standard single-layer Digital Versatile Disc (DVD) hold at launch?,"This storage boost allowed a single DVD to comfortably hold up to 135 minutes of standard-definition video, completely replacing bulky analog VHS tapes."
2006,In what year did the micro-blogging social media platform Twitter first launch its service to the public?,"The very first tweet was posted by co-founder Jack Dorsey on March 21, 2006, reading: ""just setting up my twttr."""
2 megapixels,How many megopixels of resolution did the camera on the back of the original 2007 iPhone possess?,"The original iPhone camera was incredibly basic by modern standards: it could not shoot video at all, lacked a flash, and could not auto-focus."
2011,In what year did the hit building-block indie video game *Minecraft* receive its official full 1.0 commercial release?,"While early alpha versions were playable online as early as 2009, the official completed 1.0 version dropped during the first ever MineCon event in Las Vegas."
256,How many levels are there in the original arcade version of *Pac-Man* before an 8-bit memory crash freezes the screen?,Level 256 is impossible to beat because an integer overflow error corrupts the right half of the screen into a chaotic mess of random symbols.
1985,In what year did the corporate technology giant Microsoft first launch its Windows operating system (Windows 1.0)?,"It ran as a graphical user interface shell on top of the text-based MS-DOS operating system, requiring users to learn how to pilot a mouse cursor."
8.3 million pixels,How many millions of pixels compose the resolution grid of a standard modern 4K Ultra HD television screen?,"A 4K screen features a resolution grid of 3840x2160, providing exactly four times the pixel density of a standard 1080p High Definition TV."
1989,"In what year did Nintendo release the Game Boy in North America, locking in the hand-held gaming crown for a generation?","Despite utilizing a low-tech monochrome green screen without a backlight, it crushed more advanced color rivals because it could run for 30 hours on AA batteries."
145 thousand lines,How many thousands of lines of assembly code did Margaret Hamilton compile to navigate the Apollo 11 moon landing computer?,Hamilton hand-coded the software. Her focus on asynchronous priority scheduling prevented a critical system crash during the lunar module descent.
1998,"In what year did Apple release the original candy-colored iMac G3, saving the company from financial ruin?","Designed by Jony Ive, the translucent, egg-shaped computer stood out by completely ditching the floppy disk drive in favor of a new port standard: USB."
64 KB,How many kilobytes (KB) of data were packed into the baseline system memory of the iconic Commodore 64 desktop computer?,"Released in 1982, the C64 went on to secure a Guinness World Record as the best-selling single computer model in tech history."
2008,In what year did the professional code-repository platform GitHub first launch its services online?,"Built entirely on Linus Torvalds' Git tracking system, it became the global nervous system for open-source engineering software development."
288 pins,How many distinct pins form the hardware interface layout of a standard modern desktop DDR5 RAM stick?,"This high contact density allows DDR5 memory modules to transfer data at blistering speeds, effectively doubling the bandwidth of older DDR4 chips."
2008,"In what year did the luxury electric car maker Tesla deliver its very first production vehicle, the original Roadster?","The car was constructed over an adapted Lotus Elise chassis, utilizing thousands of standard commodity lithium-ion laptop battery cells packed into the floor."
9400,How many standard operational server nodes are linked together inside the world's current fastest supercomputer (Frontier)?,"Powered by advanced enterprise processors, the system handles complex calculations at exascale speeds, consuming enough energy to power a small city."
1997,In what year did IBM's Deep Blue supercomputer make history by defeating world chess champion Garry Kasparov in a match?,"The historic match marked a massive turning point for AI, as Deep Blue calculated up to 200 million individual chess positions every single second to secure the win."
19 pins,How many separate data channels are wired inside the connector tip of a standard modern HDMI 2.0 video cable?,"The 19 pins carry high-definition video, multi-channel surround sound, device control metadata, and low-voltage power channels simultaneously."
2008,"In what year did the tech company Google launch its iconic, minimalist web browser, Google Chrome?",Chrome was introduced to the web with an official comic book illustrated by Scott McCloud to explain its advanced multi-process sandbox architecture.
330 million,How many millions of active repositories are currently hosted live across the GitHub software platform?,"GitHub operates as the absolute largest host of source code on earth, archiving billions of individual commits across every imaginable field of technology."
2008,In what year did the mobile operating system Android make its commercial debut on the HTC Dream smartphone?,"The platform was originally engineered to run smart digital camera interfaces, until Google bought the startup and pivoted the software to challenge the iPhone."
7 pins,How many distinct memory storage pins form the connection edge of a standard SATA hard drive data cable interface?,"The ultra-slim 7-pin design completely replaced the clunky, wide 40-pin IDE ribbon cables that used to block internal airflow inside old desktop PC cases."
2013,"In what year was Docker first released to the open-source community, popularizing lightweight containerization?","Docker allowed developers to package an app with all its dependencies into an isolated container, eliminating the old ""it works on my machine"" excuse."
256 bits,How many bits are utilized to encrypt data under the AES-256 advanced encryption standard?,Breaking a 256-bit AES key via brute-force would take a modern supercomputer longer than the current age of the universe.
2014,"In what year did Google open-source Kubernetes, the automated container orchestration platform?","The internal project was originally named ""Seven of Nine"" by Google engineers, which explains why the official Kubernetes logo features seven sides."
4,How many distinct privilege rings define security boundaries inside modern x86 computer processor architectures?,"The rings scale from Ring 0 (Kernel - highest privilege) down to Ring 3 (User Applications), isolating critical hardware tasks from rogue software crashes."
2014,"In what year did the devastating ""Heartbleed"" security vulnerability get discovered inside the OpenSSL cryptography library?","The bug allowed attackers to read system memory secrets over secure connections, leaking passwords and encryption keys without leaving a trace."
3,How many physical logic units make up a standard single RAID 5 storage array configuration at a minimum?,"RAID 5 stripes data and parity blocks across a minimum of 3 drives, allowing the entire array to survive a catastrophic failure of any single disk without losing data."
2015,In what year did the tech industry publish the official standard specification for JSON Web Tokens (JWTs)?,"JWTs opened up a secure, compact way to pass authentication claims between clients and servers, completely dominating modern web API infrastructures."
32 characters,"How many total characters compose a standard globally unique identifier (GUID / UUID) string, excluding the hyphens?","Formed of 32 hexadecimal digits, the mathematical probability of generating two identical UUIDs by random chance is virtually zero."
2005,"In what year was Git, the decentralized version control tracking software, created by Linus Torvalds?",Torvalds built Git in just a few weeks out of spite after the open-source community lost its free access to a commercial tracking tool called BitKeeper.
80,How many data channels partition a standard modern fiber-optic cable running DWDM high-speed optics waves?,"Dense Wavelength Division Multiplexing splits light down into 80 distinct color spectrum lanes, blasting terabits of data over a single glass line."
2010,In what year did the infamous Stuxnet computer worm get discovered after silently sabotaging nuclear centrifuges?,"Stuxnet utilized four distinct zero-day vulnerabilities, targeting industrial PLC systems while feeding fake ""normal operations"" telemetry logs back to operators."
64 bits,How many bits make up the block encryption size ceiling under the legacy Data Encryption Standard (DES)?,DES was officially replaced by AES because its short 56-bit effective key length became vulnerable to high-speed brute-force cracking rigs.
2006,"In what year did Amazon Web Services (AWS) launch Elastic Compute Cloud (EC2), kickstarting the modern cloud computing revolution?","EC2 allowed developers to rent virtual computing instances on-demand by the hour, eliminating the need to buy physical servers."
4,How many distinct categories of cloud deployment models map out corporate tech infrastructure (like Public and Private)?,"The four standardized deployment models are Public Cloud, Private Cloud, Hybrid Cloud, and Community Cloud."
2012,In what year did the Internet Engineering Task Force (IETF) publish the standard security specification for OAuth 2.0?,"OAuth 2.0 provided a clean framework for token-based authorization, letting apps securely access user data without forcing them to share their passwords."
5,How many distinct levels of data normalization optimize database architecture models to eliminate redundancy (1NF to 5NF)?,"While 5 normalization states exist, the vast majority of enterprise production database architectures stop at 3NF (Third Normal Form) to maximize speed."
2017,In what year did Apple migrate its default file system architecture from old HFS+ over to the modern Apple File System (APFS)?,"APFS was custom-engineered for solid-state storage (SSDs), utilizing strong encryption and metadata cloning to execute instant file duplications."
40 characters,"How many characters long is a standard, fully written SHA-1 cryptographic hash token value?","Written as a 40-character hexadecimal string, SHA-1 was deprecated by security agencies after researchers demonstrated real-world hash collision attacks."
300mm,"What is the standard physical diameter size of a modern enterprise round silicon wafer disc used to print microchips, in millimeters?","The massive 300mm discs are grown as single, flawless crystal cylinders of pure silicon before being sliced thin and printed with billions of transistors."
2005,In what year did tech pioneer Linus Torvalds release the Git 1.0 architecture code to open-source systems?,Git’s decentralized structure allowed thousands of distributed global engineers to branches and merge code lines simultaneously without locking up files.
5,How many distinct security compliance pillars compose the rigid international SOC 2 data protection trust service criteria?,"The 5 core operational trust pillars are Security, Availability, Processing Integrity, Confidentiality, and Privacy."
2011,In what year did the tech industry establish the unified OpenAPI Specification (originally Swagger) for mapping REST APIs?,"OpenAPI standardized how backend developers document endpoint URLs, expected JSON payloads, and response header codes for client web developers."
3,How many individual cache levels are typically built directly into the silicon architecture layout of a modern high-end CPU core?,"L1 cache is the tiniest and fastest, L2 is intermediate, and L3 is a larger, shared memory pool that caches data right next to the processing engine."
2017,"In what year did the massive ""WannaCry"" ransomware cyberattack sweep across global networks, paralyzing hospital computer mainframes?","The ransomware propagated aggressively utilizing a leaked NSA exploit called EternalBlue, targeting unpatched Windows network file ports."
8 bits,How many bits are allocated to track a single channel of color density under a standard 24-bit TrueColor image array?,"Allocating 8 bits each to the Red, Green, and Blue sub-pixels yields 256 density levels per channel, resulting in over 16.7 million possible colors."
2003,"In what year did Google introduce its radical ""Borg"" container management architecture system, the direct ancestor of Kubernetes?","Borg operated secretly behind the scenes for over a decade, managing millions of automated jobs across Google's global server farms."
1,How many key validation steps compose the standard secure cryptographic handshake protocol inside a TLS 1.3 network connection?,"TLS 1.3 slashed the connection setup down to a single round-trip handshake, cutting latency in half compared to older TLS 1.2 architectures."
2013,"In what year did developers unleash the highly efficient, column-oriented Apache Parquet storage file format for big data systems?","Parquet packages data tables by columns rather than rows, allowing enterprise analytics engines to compress files heavily and run lightning-fast analytics."
65535 bytes,How many bytes make up the absolute maximum packet payload size limit for standard loopback network adapters (`localhost`)?,"Because loopback traffic stays entirely inside system RAM and never hits physical Ethernet wires, it can use the absolute maximum theoretical size of an IP packet."
2013,In what year did security researcher Moxie Marlinspike introduce the Signal Protocol for end-to-end encrypted chats?,"The protocol utilizes advanced cryptographic ratchets to rotate keys after every single message, a security standard later adopted by WhatsApp."
3,How many distinct sub-categories of permissions define basic file security access controls inside Linux operating systems?,"The 3 classic operational permissions are Read (4), Write (2), and Execute (1), mapped across the Owner, Group, and Public user tiers."
2016,In what year was the Kubernetes container orchestration project officially graduated into a top-level standalone tech foundation (CNCF)?,"Kubernetes was the very first project accepted by the Cloud Native Computing Foundation, establishing it as the universal standard for tech deployments."
64 bits,How many character bits form the baseline tracking matrix block size for the heavy Blowfish symmetric block cipher?,"Designed by Bruce Schneier in 1993, Blowfish was left completely patent-free in the public domain, making it a favorite for early encryption tools."
2014,"In what year did the tech coalition launch Let's Encrypt, providing free automated SSL/TLS certificates to secure the entire web?","By using an automated protocol called ACME, Let's Encrypt helped push the percentage of encrypted web traffic from 40% up past 90% globally."
140,How many distinct priority queue tiers organize automated task processing loops inside the Linux kernel scheduler?,"The priority values range from 0 to 139, with lower numbers reserved for critical, real-time operating system kernel tasks that must jump ahead of applications."
2018,In what year did Microsoft officially complete its massive $7.5 billion acquisition of the open-source code hosting platform GitHub?,"The buyout initially caused concern among open-source purists, but GitHub expanded significantly under Microsoft, adding free actions and automated tools."
512 bits,How many character bits compose the signature security checksum block inside a standard SHA-512 cryptographic hash string?,A 512-bit binary hash evaluates out to a long 128-character string when displayed in standard hexadecimal text format.
2021,"In what year did security tracking registries catalog the infamous Log4j flaw (Log4Shell), one of the most severe web vulnerabilities ever?",The flaw allowed remote attackers to execute malicious code on millions of enterprise servers simply by passing a weird text string into a basic log file.
40 bytes,How many bytes of data are allocated to build the baseline network header block layout of a standard IPv6 packet?,"Unlike IPv4 headers which fluctuate in size, IPv6 fixes headers at exactly 40 bytes, allowing high-speed routing switches to process packets much faster."
2022,"In what year did deep learning company OpenAI first launch ChatGPT to the public, igniting the modern AI boom?","The conversational AI model pulled in over 1 million active users within its first five days online, making it the fastest-growing consumer web app in tech history."
12288,How many distinct dimensional vector space embedding parameters map word tokens inside a top-tier LLM AI foundation model?,"Advanced AI networks convert human text words into these massive multi-dimensional vectors to mathematically track semantics, intent, and context."
1997,"In what year did researchers at IBM create Deep Blue, the supercomputer that famously defeated world chess champion Garry Kasparov?","Deep Blue was a custom, hardware-accelerated system that could crunch through and evaluate up to 200 million chess table layouts every single second."
9400,How many independent data processing nodes are linked together inside the world's current fastest supercomputer to hit exascale speeds?,The Frontier supercomputer cluster requires specialized liquid-cooling loops and consumes as much electricity as a small town to run climate models.
2022,In what year did the total global internet user population officially pass the historic 5 billion mark?,"Over 60% of all humans on Earth are now actively connected to the internet, driving massive global demands for server space and mobile networks."
550,How many distinct subsea fiber-optic data cables cross the world’s oceans today to link the global internet network?,"These underwater fibers handle over 99% of all international communications traffic, outperforming satellite arrays by a wide margin."
2019,In what year did a team of international astronomers capture and reveal the first ever real photograph of a supermassive Black Hole?,"Captured by the Event Horizon Telescope network, processing the massive petabytes of raw data required sync-shipping hard drives to a central computing cluster."
2019,"In what year did the tech giant Google officially announce it had achieved ""quantum supremacy"" using its 53-qubit Sycamore processor?","Google claimed its quantum chip completed a highly complex calculation in 200 seconds that would take a standard supercomputer 10,000 years to solve."
100 million lines,How many millions of lines of code make up the entire operating system and software stack of a modern luxury electric vehicle?,"This software footprint is multiple times larger than a modern passenger jet, handling everything from battery safety grids to self-driving cameras."
1,How many distinct main companies handle over 80% of the world's advanced microchip printing lithography machinery?,The Dutch company ASML holds an absolute monopoly on the extreme ultraviolet (EUV) lithography machines needed to print cutting-edge sub-nanometer chips.
1976,"In what year did the first commercial high-altitude supersonic passenger jetliner, the Concorde, launch public services?","The Concorde flew at twice the speed of sound, cruising at 60,000 feet where passengers could see the actual curvature of the Earth."
118,How many separate element symbols are officially cataloged inside the standard Periodic Table of chemistry?,"The final four elements (113, 115, 117, and 118) were officially given names and locked onto the table by scientists in late 2016."
1986,In what year did the worst recorded nuclear power plant disaster in history occur at the Chernobyl facility?,The steam explosion released roughly 400 times more radioactive fallout into the atmosphere than the atomic bomb dropped on Hiroshima.
1960,"In what year did the United States launch the very first weather satellite into orbit (TIROS-1), changing forecasting forever?","Operating for just 78 days, it sent back the first television images of Earth’s cloud patterns from space, revolutionizing storm tracking."
24000,How many individual graphics processing units (GPUs) are linked together inside a modern top-tier enterprise AI supercluster?,Linking these massive graphics grids allows tech giants to train complex foundation models in weeks rather than decades.
2005,"In what year did the tech company Google launch its digital map network, Google Maps, changing global navigation?","Built on top of acquired satellite visualization startups, it completely replaced paper street atlases with real-time routing engines."
5,How many distinct structural layers compose the physical atmosphere shielding planet Earth?,"They are the troposphere, stratosphere, mesosphere, thermosphere, and exosphere. Over 75% of all atmospheric gas is packed inside the lowest layer."
2022,In what year did the world's total human population officially cross the historic 8 billion threshold?,"It took all of human history until 1804 to hit our first 1 billion, but it took just 11 years to jump from 7 billion to 8 billion."
2004,"In what year did the catastrophic Indian Ocean earthquake and tsunami occur on Boxing Day, triggering a global response?","The undersea megathrust earthquake registered a terrifying 9.1 magnitude, releasing energy equal to 23,000 Hiroshima atomic bombs."
14,How many distinct sovereign countries share a physical land border with the massive nation of China?,China ties with Russia for the record of bordering the highest number of individual neighbor countries on the map.
120 miles [193 km],"How many miles long is the Suez Canal, the vital maritime shipping lane linking the Mediterranean Sea to the Red Sea?","Opened in 1869, the canal allows massive container ships to completely skip sailing around Africa, saving weeks of cargo transit time."
1867,In what year did the United States purchase the territory of Alaska from the Russian Empire?,"The U.S. paid $7.2 million for the massive landmass, which worked out to a mere two cents per acre for Alaska's vast natural reserves."
11,How many distinct time zones are legally active across the massive country of Russia?,"When a family on the western side of Russia is waking up at 7:00 AM, a family on the eastern side is sitting down to dinner."
1789,In what year did the French Revolution officially begin with the storming of the Bastille prison in Paris?,"At the time of the raid, the notorious medieval fortress prison only held a grand total of seven elderly prisoners."
887,How many distinct stone statues (Moai) are scattered across the landscape of Easter Island?,"While most people only think of them as giant heads, many of the statues have massive bodies buried deep underground."
193,How many independent countries currently hold official full voting seats inside the United Nations?,The two most notable internationally recognized non-member observer states are Vatican City and Palestine.
2560 BC,"In what year did the construction of the Great Pyramid of Giza finish, serving as the tallest structure for millennia?","It stood as the tallest man-made structure in the world for over 3,800 years until the Lincoln Cathedral spire was finished in England."
282 feet [86 m],How many vertical feet does Death Valley sit below sea level at its lowest geographic point?,"Badwater Basin in Death Valley is the lowest point of land elevation in North America, situated just 85 miles from Mount Whitney, the highest peak."
1959,"In what year did an international treaty set aside Antarctica as a peaceful, scientific reserve?","Signed by 12 original countries, the Antarctic Treaty strictly bans all military activity, nuclear tests, and mineral mining on the icy continent."
2 Billion,How many thousands of lines of code make up the entire digital architecture running Google's global web services?,"All of Google's primary services (Search, Maps, Gmail, etc.) sit in a single massive code repository shared by tens of thousands of engineers."
1896,"In what year did the first modern Olympic Games take place in Athens, Greece, reviving ancient history?","Only 14 nations participated, and the winners were awarded silver medals and olive branches instead of gold."
"47,000 years",How many thousands of years would it take a standard modern desktop computer to solve a matrix calculation completed by a quantum computer in 4 minutes?,Quantum computing processors utilize the mind-bending principles of superposition and entanglement to solve massive computational matrices almost instantly.
35 years,How many months did it take NASA's Voyager 1 spacecraft to reach interstellar space after its launch?,"Launched in 1977, it officially crossed the heliopause—the boundary where the sun's solar wind meets the interstellar medium—in August 2012."
2,How many operational robotic rovers are currently active on the surface of Mars as of 2026?,"NASA's *Curiosity* (landed 2012) and *Perseverance* (landed 2021) continue to drive across the Martian terrain, while China's Zhurong is currently inactive."
"25,020 mph [40,266 km/h]","What is the escape velocity needed to completely break free of Earth's gravity, in miles per hour?","This translates to roughly 7 miles per second, meaning any spacecraft leaving Earth for the Moon or Mars must achieve this incredible speed."
27,How many individual main engines ignite simultaneously on the first-stage booster of a SpaceX Falcon Heavy rocket?,"The rocket straps three Falcon 9 cores together, requiring 27 Merlin engines to synchronize perfectly at liftoff to unleash over 5 million pounds of thrust."
1852,"In what year did astronomers discover 16 Psyche, the famous metallic asteroid estimated to hold quadrillions of dollars in raw iron and nickel?","Discovered by Italian astronomer Annibale de Gasparis, NASA launched a dedicated spacecraft to study this metal world, which arrived in orbit recently."
4,"How many planets in our solar system possess a visible, ring system circling their atmosphere?","While Saturn's rings are the most famous and brilliant, Jupiter, Uranus, and Neptune also feature faint, dark rings made of dust and rock fragments."
2014,In what year did the European Space Agency's Rosetta mission successfully land a probe on the surface of a moving comet?,"The *Philae* lander bounced twice on the surface of Comet 67P before settling in the shadow of a cliff, sending back data for days before its batteries died."
100 thousand light-years,"How many thousands of light-years wide is our home galaxy, the Milky Way?","If you could travel at the speed of light (186,000 miles per second), it would still take you 100,000 years to fly from one edge of our galaxy to the other."
1970,"In what year did the historic Apollo 13 mission experience an oxygen tank explosion, forcing an emergency loop around the Moon?","The crew survived by utilizing the Lunar Module as a temporary lifeboat, managing cold temperatures and rising carbon dioxide levels to return safely."
95,How many distinct moons are currently confirmed to be orbiting the gas giant Jupiter?,"Jupiter and Saturn are locked in a continuous ""moon race"" as advanced ground telescopes locate smaller, irregular satellites trapped in their gravitational nets."
2021,"In what year was the James Webb Space Telescope (JWST) successfully launched into space, clearing a path to view the early universe?","Orbiting a million miles away from Earth at the L2 Lagrange point, its tennis-court-sized sunshield keeps its infrared mirrors chilled near absolute zero."
15 minutes,How many minutes long was the historic first American human spaceflight executed by Alan Shepard in 1961?,"Unlike Yuri Gagarin's full orbital flight, Shepard’s *Freedom 7* mission was a suborbital arc, reaching an altitude of 116 miles before splashing down in the Atlantic."
800°F [426.7°C],"What is the surface temperature of the planet Mercury on its sun-facing side, in degrees Fahrenheit?","Because Mercury lacks an atmosphere to trap heat, its night side drops to a blistering -290°F, creating the most extreme temperature swing in the solar system."
248 years,How many years does it take the dwarf planet Pluto to complete one single orbit around the Sun?,"Since its discovery in 1930, Pluto has not yet completed a single full orbit around the sun, and won't do so until the year 2178."
2015,"In what year did NASA's New Horizons spacecraft execute its historic close flyby of Pluto, capturing high-definition images of its heart-shaped plain?","The spacecraft traveled for over 9 full years to reach Pluto, zooming past the dwarf planet at over 30,000 mph before continuing into the Kuiper Belt."
"1,400 miles [2,253 km]",How many miles wide is the largest known impact crater in our solar system (the Hellas Planitia basin on Mars)?,"The massive crater was carved by a giant asteroid impact billions of years ago, dropping down nearly 5 miles deep—deep enough to hold Mount Everest."
1972,In what year did the Pioneer 10 spacecraft become the first man-made object to fly through the solar system's asteroid belt safely?,"Before Pioneer 10, scientists feared the asteroid belt was a dense wall of rocks that would instantly shred any spacecraft trying to cross it."
"17,500 mph [28,164 km/h]",How many thousands of miles per hour does the International Space Station cruise at to maintain its low Earth orbit?,"Traveling at 5 miles per second, the ISS circles the globe once every 90 minutes, exposing the onboard crew to 16 sunrises and sunsets every single day."
2017,"In what year did astronomers detect the first confirmed interstellar object, 'Oumuamua, crossing through our solar system?","Moving too fast to be trapped by the sun's gravity, the highly elongated, cigar-shaped object swept through our system and is currently hurtling back out into deep space."
2,How many main cargo bay bay doors zip closed to seal the payload deck of a NASA Space Shuttle orbiter?,"The doors run the entire length of the 60-foot cargo bay, lined with large radiators that open up in space to dump structural electronics heat into the void."
1958,In what year did the United States officially establish NASA (National Aeronautics and Space Administration) under President Eisenhower?,"Created in direct response to the Soviet Union launching the Sputnik satellite, NASA absorbed older NACA labs to accelerate the Space Race."
27.3 days,How many days does it take for the Moon to complete one full rotation on its axis?,"Because the Moon takes the exact same time to rotate on its axis as it does to orbit the Earth, it is tidally locked, meaning we only ever see one side of it from the ground."
4.6 billion years,"What is the estimated age of our home star, the Sun, in billions of years?","The Sun is currently halfway through its lifecycle, fusing roughly 600 million tons of hydrogen into helium every second inside its core."
3,"How many distinct stars compose our nearest neighboring stellar system, Alpha Centauri?","The system is a trio: Alpha Centauri A and B form a bright binary pair, while a tiny red dwarf star named Proxima Centauri floats slightly closer to Earth."
1979,"In what year did the Skylab space station, America's first experimental space home, crash back to Earth after its orbit decayed?","Debris rained down over the Australian outback, prompting a local shire to jokingly issue NASA a $400 fine for littering, which was paid decades later by a radio host."
2,How many solid rocket boosters (SRBs) provide the initial liftoff thrust for NASA’s modern Space Launch System (SLS) Artemis rocket?,"The five-segment boosters are modified versions of the ones used for the Space Shuttle, generating over 75% of the total thrust at liftoff."
2022,"In what year did the Event Horizon Telescope capture the first ever real photograph of Sagittarius A*, the black hole at the center of our galaxy?","While it sits 26,000 light-years away, mapping its silhouette required linking radio dishes across the globe to turn the planet into one giant telescope."
190 thousand pounds,How many thousands of pounds of thrust are generated by a single SpaceX Merlin 1D rocket engine at sea level?,"Driven by liquid oxygen and rocket-grade kerosene (RP-1), the Merlin has the highest thrust-to-weight ratio of any rocket engine ever manufactured."
1962,"In what year did the Mariner 2 spacecraft execute the world's first successful planetary flyby, zooming past Venus?","The probe confirmed that Venus was a blistering, greenhouse-cooked desert, ending decades of sci-fi speculation that the planet held tropical swamps."
4,How many separate flight computers run in parallel configuration to safely operate the automated systems of the Orion spacecraft?,"The computers run identical calculations at the same time; if a radiation strike corrupts one memory block, the other three instantly outvote it to maintain flight control."
2018,In what year did NASA's Opportunity Mars rover finally fall silent after a massive planet-wide dust storm blacked out its solar panels?,"Designed to last for a modest 90 days, the rugged solar-powered rover survived for over 14 years, driving 28 miles across the red desert."
18,How many individual main segments make up the gold-plated primary mirror tracking configuration of the James Webb Space Telescope?,"The 18 hexagonal segments are crafted out of lightweight beryllium, folded up inside a rocket nosecone and unfurled in space like origami."
1977,In what year did the legendary astrophysicist Carl Sagan release the historic Golden Record on board both Voyager spacecraft?,"The copper discs contain sounds of nature, greetings in 55 languages, and musical tracks from Bach to Chuck Berry, built to survive for billions of years."
243 days,How many Earth days does it take for the planet Venus to complete one single rotation on its axis?,"Venus spins so incredibly slowly that its day is longer than its year, taking only 225 Earth days to complete a full orbit around the Sun."
1998,In what year was the first module of the International Space Station (Zarya) launched into orbit by a Russian Proton rocket?,"The launch kicked off a massive multi-nation assembly project in space, establishing a continuous human presence in orbit that hasn't broken since the year 2000."
"22,236 miles [35,785 km]",How many miles out from Earth's equator sits the sweet spot orbit line designated for geostationary satellites?,"At this exact altitude, a satellite's speed matches Earth's rotation perfectly, making it appear completely stationary over one spot on the map."
2009,"In what year did the Kepler Space Telescope launch, kickstarting a mission that located thousands of exoplanets?","Kepler stared continuously at a single patch of sky for years, watching for tiny dips in star brightness caused by orbiting planets crossing their faces."
"5,000 metric tons",How many thousands of tons does the massive Starship rocket stack weigh when fully loaded with liquid methane fuel at launch?,Over 90% of the rocket's massive weight at launch consists purely of liquid fuel needed to punch through Earth's gravity grid.
2015,In what year did scientists confirm the first ever direct detection of Gravitational Waves using the advanced LIGO laser arrays?,"The subtle ripples in space-time were generated by two massive black holes colliding 1.3 billion years ago, altering the laser lanes by a fraction of an atom's width."
108 minutes,"How many minutes long was the shortest manned spaceflight in history, executed by Yuri Gagarin in 1941 (Correction: 1961)?","Gagarin completed exactly one full orbit around Earth inside his Vostok 1 capsule, ejecting at 23,000 feet to parachute safely back onto Russian soil."
1914,"In what year did the construction of the famous Panama Canal finish, radically altering global shipping routes?",Excavators dug out enough earth during the grueling project to completely bury the entire island of Manhattan under a mountain of dirt over 12 feet deep.
12,How many distinct locks are built along the entire length of the modern Panama Canal elevator network?,"The massive concrete chambers act as water elevators, lifting ships up 85 feet to match the inland lake level before lowering them back down to sea level."
726 feet [221 m],"What is the height of the grand Hoover Dam built across the Colorado River, measured in feet?",The massive concrete structure used enough material to pave a standard two-lane highway all the way from San Francisco to New York City.
"19,000 miles [30,578 km]",How many thousands of miles long is the entire connected highway network known as the Pan-American Highway?,"It links nearly all mainland nations of the Americas in a connected grid, interrupted only by a dense 60-mile stretch of jungle swamp called the Darién Gap."
1994,In what year did the construction of the structural marvel known as the Eurotunnel (Chunnel) wrap up beneath the English Channel?,"The project required giant boring machines to chew through chalk marl from both sides, meeting in the middle with pinpoint alignment accuracy."
"27,572",How many separate cable strands are bundled tightly together to form each main suspension cable of the Golden Gate Bridge?,"The wires were spun back and forth across the ocean gap using specialized traveling wheels, creating a cable that measures over 3 feet in diameter."
"1,125 feet [343 m]","What is the official height of the iconic structural marvel, the Millau Viaduct in France, the tallest bridge in the world, in feet?","Designed by engineer Michel Virlogeux, the soaring cable-stayed bridge stands taller than the Eiffel Tower, frequently positioning drivers above the clouds."
"1,500 thousand",How many thousands of workers were packed into construction crews to dig the vast network of canals for the Suez Canal?,"Opened in 1869, the vast majority of early excavation was completed manually using basic shovels and baskets, before heavy steam dredges arrived."
2012,In what year did the Three Gorges Dam in China—the world's largest hydroelectric power station—become fully operational?,The dam is so colossally massive that the weight of the 10 trillion gallons of water trapped in its reservoir actually slowed Earth’s rotation by an estimated 0.06 microseconds.
14,How many structural spillway gates line the concrete wall layout of the massive Itaipu Dam on the border of Brazil and Paraguay?,"The massive gates can discharge up to 62,000 cubic meters of rushing water per second, a flow rate equal to 40 times the power of Niagara Falls."
1998,"In what year did the historic Akashi Kaikyo Bridge in Japan open, holding the title of the longest suspension bridge span?","A powerful 7.2 magnitude earthquake struck mid-construction in 1995, shifting the bridge towers apart and forcing engineers to expand the main span by an extra 3 feet."
"9,500","How many massive concrete columns support the weight of Lake Pontchartrain Causeway, the world's longest continuous bridge over water?","Spanning 24 miles across a lake in Louisiana, the twin bridges utilize these thousands of pilings to support over 30,000 vehicles daily."
23 miles [37 km],"What is the total length of the magnificent underwater section of the Eurostar train path beneath the English Channel, in miles?","While the entire tunnel tracks 31 miles from end to end, 23 miles of the railway run completely beneath the ocean floor, making it the longest undersea tunnel on earth."
1976,"In what year did the construction of the architectural icon, the CN Tower in Toronto, officially finish?","Sticking skyward at 1,815 feet, it held the title of the world's tallest freestanding structure for over three decades until the Burj Khalifa bypassed it."
106 million cubic meters,How many millions of cubic meters of rock and concrete were packed to construct the structural core wall of the Tarbela Dam in Pakistan?,"Standing as the largest earth-and-rock-filled dam structure on earth, it harnesses the Indus River to irrigate massive agricultural tracts."
8,How many separate horizontal traffic lanes cross the massive upper deck layout of the George Washington Bridge in New York?,"Combined with the lower deck's 6 lanes, the bridge features a total of 14 traffic lanes, making it the busiest motor vehicle bridge anywhere in the world."
1913,In what year did construction crews finish building the historic transcontinental highway system known as the Lincoln Highway across the US?,"The highway was America's first coast-to-coast paved road corridor, linking New York City directly to San Francisco across 3,389 miles."
28 thousand,How many thousands of structural steel triangles form the lattice framework of the Sydney Harbour Bridge?,"Known among locals as ""The Coathanger,"" the massive steel arch expands by up to 7 inches in blazing summer heat, requiring massive internal joints to shift."
2016,"In what year did the Gotthard Base Tunnel in Switzerland officially open, cutting a rail line straight through the Alps?","Measuring 35 miles long and buried up to 1.4 miles deep beneath solid alpine rock, it stands as the longest and deepest railway tunnel on the planet."
4,How many massive water pumps work in tandem inside the Venice MOSE barrier system to empty the flood gates during high tides?,"The floating barriers use compressed air to expel seawater from inside the hollow gates, forcing the massive panels to rise up and block incoming Adriatic storm surges."
1937,"In what year did the iconic Golden Gate Bridge celebrate its grand public opening day, letting thousands walk across?","Over 200,000 citizens swarmed the bridge on opening day, celebrating with custom flat-heeled shoes and walking stick parades across the span."
11,How many distinct structural piers support the spans of the massive Lake Champlain Bridge network?,"The engineered piers are driven deep into the lakebed, designed to withstand ice jams and shifting currents during freezing northern winters."
"5,223 feet [1,592 m]","What is the total length of the world-famous Grand Coulee Dam built across the Columbia River, in feet?","Spanning nearly a mile long, it is the largest concrete structure ever built in North America, holding enough material to wrap a concrete ring completely around the equator."
4,How many structural cables project down to secure the spans of the iconic Brooklyn Bridge layout?,"Alongside the four main suspension cables, the bridge features a unique diagonal stay network that helps minimize deck swaying during high winds."
1994,"In what year did the construction of the massive, automated Kansai International Airport island wrap up in Japan?","Built entirely on a giant man-made island in Osaka Bay, the site utilized massive hydraulic jacks to keep the terminal level as the island slowly settled into the soft seabed."
21 million hours,How many millions of hours of labor did construction crews clock to complete the massive structural layout of the Hoover Dam?,"The grueling project finished two full years ahead of its original schedule, packing thousands of workers into the canyon during intense heat."
1964,"In what year did the historic Chesapeake Bay Bridge-Tunnel system open, linking highways through a mix of bridges and tubes?","Spanning 17.6 miles, the complex route utilizes giant man-made islands to transition traffic from elevated open-ocean bridges straight down into deep shipping channels."
11,How many massive boring machines did engineering teams deploy simultaneously to dig out the Eurotunnel paths?,"The giant rotating cutter heads chewed through the earth at speeds of up to 150 feet per day, tracking laser guidelines to meet perfectly in the middle."
1970,"In what year did construction wrap up on the massive Aswan High Dam across the Nile River, forming Lake Nasser?","The engineering project completely reshaped Egyptian agriculture, ending the ancient annual flooding cycles of the Nile while supplying electricity to millions."
"12,580",How many individual steel wire strands are wrapped to construct each main cable of the Mackinac Bridge in Michigan?,"Spanning five miles to link Michigan's upper and lower peninsulas, the bridge cables are strong enough to support severe winter gales and heavy commercial shipping freight."
1884,"In what year did the legendary engineer Gustave Eiffel finish building the Garabit Viaduct, a record-breaking iron railway arch?",Eiffel utilized the same advanced lattice iron physics on this massive bridge arch that he deployed just five years later to construct his iconic tower in Paris.
33,How many distinct turbines generate electricity inside the powerhouse rooms of the massive Grand Coulee Dam?,"The giant generators pump out billions of kilowatt-hours of clean electricity each year, powering cities across the entire Pacific Northwest."
820 feet [250 m],"What is the height of the massive concrete arch wall of the Mauvoisin Dam in Switzerland, in feet?","Nestled high in the Swiss Alps, it stands as one of the highest concrete arch dams on earth, capturing alpine glacial meltwater to generate power."
2,How many distinct anchoring blocks seal the ends of the massive suspension cables on the Verrazzano-Narrows Bridge?,"The colossal concrete blocks weigh over 400,000 tons each, using dead-weight mass to pull against the immense tension forces of the bridge's record-breaking spans."
2000,"In what year did the modern engineering marvel known as the Øresund Bridge open, linking Denmark directly to Sweden?",The unique international route combines a 5-mile open-water cable-stayed bridge with a man-made island and an underwater tunnel to clear airport lanes.
187 thousand tons,How many thousands of tons of structural steel make up the massive double-deck framework of the San Francisco-Oakland Bay Bridge?,"The immense bridge system utilizes a mix of suspension spans, a massive bored rock tunnel through Yerba Buena Island, and long cantilever trusses."
1978,"In what year did construction wrap up on the massive Sayano-Shushenskaya Dam in Russia, the country's largest power station?","The towering solid concrete gravity-arch wall stands 794 feet high, capturing the intense flow of the Yenisei River in Siberia."
2,How many individual lanes of railway tracks run inside the core structural tube layout of the Eurotunnel?,"The two main tracks carry high-speed Eurostar passenger trains and massive vehicle shuttle cars, while the smaller central tube handles emergency drainage and ventilation."
15 miles [24 km],"What is the total length of the magnificent King Fahd Causeway linking Saudi Arabia directly to Bahrain, in miles?","The massive multi-bridge highway route crosses deep marine waters, utilizing giant stone embankments and elevated spans to link the island nation to the mainland."
14 years,"How many years did the construction of the massive, multi-tiered Grand Dixence Dam in Switzerland take to finish?","Finished in 1961, the colossal concrete gravity wall stands 935 feet high at the base of the mountains, utilizing over 6 million cubic meters of concrete to block glacial waters."
1982,"In what year did Michael Jackson release *Thriller*, the album that shattered global chart records to become the best-selling album ever?","The album produced an unprecedented seven Top 10 singles on the Billboard Hot 100, completely transforming music video production values."
88,"How many distinct keys are built onto a standard, full-sized modern piano keyboard?","The 88-key layout features 52 white keys for natural notes and 36 black keys for accidentals, spanning a wide acoustic spectrum of over seven full octaves."
44.1 kHz,"What is the standard sample rate frequency used to encode high-definition audio onto a commercial Compact Disc (CD), in kilohertz?","Chosen by audio engineers to double the human hearing limit (~20 kHz) and map cleanly to legacy video formats, it captures audio without distortion."
14 weeks,How many weeks did pop star Whitney Houston dominate the Billboard Hot 100 chart with her smash single *I Will Always Love You*?,"Released in 1992 for *The Bodyguard* movie soundtrack, it set a record at the time for the longest-running number-one single in chart history."
1969,"In what year did the legendary music festival known as Woodstock draw over 400,000 fans to a dairy farm in New York?","Originally planned as a ticketed event for 50,000 people, the massive crowds broke the perimeter fences, forcing organizers to declare it a free festival."
47,How many strings are tuned across the wooden sounding board of a standard modern concert harp?,"The strings are color-coded to help the player navigate the instrument: all C strings are bright red, and all F strings are dark blue or black."
2022,"In what year did Taylor Swift release *Midnights*, making history by sweeping all top 10 spots on the Billboard Hot 100 simultaneously?","Swift became the first artist in music history to achieve this total chart sweep, fueled by massive streaming platform loops on release day."
4,How many individual variable sound-mixing tracks organized the master tape machine during the recording of The Beatles' *Sgt. Pepper* album?,"Because 4 tracks were highly limiting, audio engineers bounced mixes down from one 4-track machine to another, pioneer-building complex multi-track tracking."
1939,In what year was the international standard tuning frequency for the note A4 locked into place at 440 Hz?,"Before this standard agreement, orchestras tuned their instruments to various local pitch frequencies ranging anywhere from 400 Hz to 460 Hz."
19,How many distinct string frets detail the neck layout of a standard modern classical guitar?,"The frets are positioned at precise mathematical intervals based on the twelfth root of two, ensuring the instrument stays in tune up the fretboard."
1997,"In what year did Elton John release his tribute single *Candle in the Wind 1997*, which became the best-selling physical single since charts began?","Released following the tragic passing of Princess Diana, the single sold over 33 million physical copies globally, with all royalties going to charity."
7,How many active sliding pin positions regulate the acoustic pitch changes inside a standard orchestral trombone?,"The player shifts the outer slide across 7 distinct positions to alter the length of the brass tubing, smoothly shifting notes without using valves."
24 bits,"What is the bit-depth rate used to master standard high-definition lossless streaming audio files, in bits?","Bumping bit depth from old 16-bit standards up to 24-bit expands the dynamic range floor significantly, capturing the quietest whispers perfectly."
230,How many total string wires are stretched tightly inside the heavy iron frame of a standard concert grand piano?,"While there are only 88 keys, most notes use a trio of steel wires tuned to the exact same pitch to deliver a rich, resonant acoustic punch."
1999,"In what year did the Recording Industry Association of America (RIAA) officially introduce the ""Diamond"" award for albums selling 10 million copies?",Early diamond certifications went to massive historical blockbusters like Led Zeppelin’s *Led Zeppelin IV* and Eagles’ *Their Greatest Hits*.
16,How many distinct sound-filtering holes are drilled along the wood body of a standard orchestral concert flute?,The player manipulates a complex mechanical matrix of padded metal keys mounted on long rods to seal these 16 holes and change notes.
2000,"In what year did Eminem release *The Marshall Mathers LP*, setting a record for the fastest-selling solo studio album in US history?","The album sold an incredible 1.76 million copies in its very first week in the US alone, dominating pop culture conversations at the turn of the century."
16 steps,How many custom programmatic steps compose the pattern grid of a classic Roland TR-808 drum machine loop?,"The simple 16-step grid allowed early hip-hop and electronic music producers to punch in beats quickly, defining the sub-bass architecture of modern music."
2015,"In what year did Adele drop her studio album *25*, which shattered records by selling 3.38 million copies in one week in the US?","Adele achieved this historic milestone by aggressively keeping the album off streaming platforms during its initial launch week, forcing physical purchases."
3,How many physical pickup magnets are traditionally wound inside a standard Fender Stratocaster electric guitar body?,"The 3 single-coil pickups are positioned at the bridge, middle, and neck locations, letting players toggle between bright biting tones and warm smooth blues twangs."
1975,"In what year did the British rock band Queen release *Bohemian Rhapsody*, a tracking masterpiece that tore up radio formatting rules?","Clocking in at nearly 6 minutes long, record executives fought to cut the song down, but it went on to become a global chart-topping phenomenon."
31,How many operational slider faders detail the face of a standard professional studio graphic equalizer strip?,"A 31-band equalizer divides the audio spectrum into tight 1/3-octave frequency increments, letting audio engineers notch out problematic room resonances."
1989,"In what year did the digital audio software standard Pro Tools first launch under its original name ""Sound Tools""?","Pitched early on as a digital two-track editing deck, it evolved into the industry-standard Digital Audio Workstation (DAW) that completely replaced physical tape machines."
120,How many distinct button keys make up the bass chord layout of a standard full-sized concert accordion?,"The left hand coordinates these 120 buttons arranged in a strategic grid, allowing the player to trigger full major, minor, and seventh chords with one tap."
1995,"In what year did Mariah Carey and Boyz II Men drop *One Sweet Day*, setting a long-standing Billboard record of 16 weeks at number one?",The vocal collaboration held the record for over two decades until Luis Fonsi's *Despacito* and Lil Nas X's *Old Town Road* pushed the ceiling further.
90,How many tiny dynamic components compose the mechanical action framework that fires a single piano key hammer?,"Multiplied across all 88 keys, a grand piano action contains thousands of delicate pins, felts, springs, and wooden levers working in tandem."
1973,"In what year did Pink Floyd release *The Dark Side of the Moon*, beginning a historic 741-week run on the Billboard 200 chart?","Recorded at Abbey Road Studios using advanced multi-track hardware, the album remained a fixed fixture on the charts for over 14 consecutive years."
12,How many stringed frets are traditionally lined up along the neck layout of a standard modern concert ukulele?,"The small four-stringed instrument utilizes nylon strings, originating from the Portuguese *braguinha* brought to Hawaii in the late 19th century."
1983,"In what year did the synthesizer manufacturing community release the MIDI 1.0 specification, letting gadgets talk to each other?","Musical Instrument Digital Interface (MIDI) standardized how keyboards, drum machines, and computers pass note data without routing raw audio signals."
4,How many distinct individual valves direct the airflow inside a standard orchestral concert tuba?,"The valves open up extra feet of brass tubing inside the massive loop, allowing the player to safely hit the lowest bass notes in the orchestra."
1991,"In what year did Nirvana drop their alternative rock anthem *Smells Like Teen Spirit*, shifting global music trends overnight?","The massive success of the single caught the music industry completely off guard, driving hair metal off the radio to make room for grunge."
128,How many functional tracks of audio organize the data structure of a standard modern Dolby Atmos home theater mix?,"Instead of static speaker channels, Atmos treats sounds as individual ""audio objects"" that can be precisely mapped to move across a 3D spatial field."
2017,In what year did Luis Fonsi and Daddy Yankee dominate global radio with their Latin-pop crossover smash *Despacito*?,"The track tied the all-time Billboard Hot 100 record with 16 weeks at number one, and its music video became the first to cross 3 billion views on YouTube."
10,How many individual steel strings are stretched across the neck layout of a standard modern pedal steel guitar frame?,"The player utilizes a steel bar slide, foot pedals, and knee levers to bend the tension of the strings, delivering that weeping country music sound."
2003,"In what year did Apple launch the iTunes Music Store, introducing the legal 99-cent digital single download model?","Launched at a time when music piracy was rampant, it convinced millions of users to legally buy single tracks instead of ripping full albums from files."
7,How many distinct dynamic sliders control the acoustic graphic equalizer grid inside a classic vehicle stereo head unit?,The 7 bands let drivers manually boost or cut specific audio spectrum chunks (like bass punch or vocal clarity) to fight cabin engine noise.
1971,In what year did the Recording Academy broadcast the Grammy Awards live on television for the very first time?,"Held at the Hollywood Palladium, the live broadcast saw Simon & Garfunkel sweep major awards for their classic album *Bridge over Troubled Water*."
8,How many total string pegs detail the headstock layout of a traditional classical mandolin?,"The 8 strings are paired up into 4 distinct double-string courses tuned to the exact same pitch, which are plucked rapidly to create a ringing tremolo sound."
2008,In what year did the music distribution platform Spotify officially open its digital streaming application to the public?,"Launched in Sweden by Daniel Ek, the platform popularized the modern monthly flat-rate streaming access model over buying physical or digital albums."
17,How many distinct keys regulate note inputs along the nickel-silver body layout of a standard modern clarinet?,"The 17 keys work in tandem with 6 ring holes, using a complex mechanical layout designed by Hyacinthe Klosé to streamline classical woodwind fingering."
1883,"In what year did the Krakatoa volcanic eruption shatter an island in Indonesia, creating the loudest sound in recorded history?","The sound waves were so violent that they cracked the eardrums of sailors 40 miles away and circled the entire globe four times, clearly heard in Mauritius 3,000 miles away."
6,How many distinct operational categories map out tornado damage intensity under the Enhanced Fujita (EF) scale?,"The scale ranges precisely from EF0 (minor roof damage) up through catastrophic EF5 tornadoes, which pack wind gusts topping 200 mph that can strip asphalt off roads."
"50,000°F [27760°C]","What is the blistering temperature reached inside the plasma core strike of a standard lightning bolt, in degrees Fahrenheit?","This thermal energy is roughly five times hotter than the surface of the Sun, causing the surrounding air to instantly explode into the sound wave of thunder."
7,How many structural plates make up the primary crust jigsaw puzzle layout of planet Earth?,The 7 major tectonic plates drift slowly over Earth's mantle at speeds of roughly 1 to 4 inches per year—about the same speed that human fingernails grow.
2011,"In what year did a catastrophic magnitude 9.1 megathrust earthquake strike Tohoku, Japan, triggering a massive tsunami?","The seismic energy was so immensely powerful that it physically shifted the main island of Japan eastward by 8 feet and accelerated Earth's spin, shortening the day by 1.8 microseconds."
5,How many distinct categories classify hurricane wind speeds under the Saffir-Simpson tracking scale?,"Category 1 starts with a modest 74 mph wind speed, scaling up to catastrophic Category 5 hurricanes that pack sustained winds crossing 157 mph."
1913,"In what year did Greenland Ranch in Death Valley, California, record a blistering 134°F, the highest air temperature ever measured?","Ground surface temperatures during that summer heatwave were estimated to climb well past 200°F, hot enough to fry an egg directly on the desert sand."
500 thousand,How many thousands of active earthquakes are picked up globally by sensitive seismograph networks every single year?,"Out of half a million annual earthquakes, roughly 100,000 are strong enough to be felt by humans, and only about 100 cause actual structural damage."
1815,"In what year did the Tambora volcanic eruption unleash a massive sulfur cloud, triggering the global ""Year Without a Summer""?","The volcanic ash blocked solar light, causing frost and snow to fall in New England and Europe during July and August, leading to crop failures and widespread food riots."
5.4 million square miles,How many millions of square miles are covered by the massive ice sheet footprint sheet of Antarctica?,The Antarctic ice sheet holds roughly 90% of all the ice and 70% of all the fresh water anywhere on planet Earth.
1983,"In what year did Vostok Station in Antarctica record a mind-numbing -128.6°F, the lowest natural temperature ever measured on Earth?","At this extreme temperature, standard motor fuels freeze solid, and exposed human skin would freeze completely within a fraction of a single minute."
10,How many distinct hardness levels compose the classic Mohs scale used by geologists to classify minerals?,"Talc anchors the bottom of the scale at level 1 (soft enough to scratch with a fingernail), while Diamond locks the top spot at level 10 as the hardest natural mineral."
2010,"In what year did a devastating magnitude 7.0 earthquake strike Port-au-Prince, Haiti, creating a massive humanitarian crisis?","The shallow fault line rupture struck right next to the highly populated capital city, highlighting the extreme vulnerability of unreinforced masonry structures."
"6,000",How many distinct mineral types are currently classified by international mineralogical societies on Earth?,"New minerals are discovered every year, but fewer than 100 are common rock-forming minerals that build the vast majority of Earth's crust."
1973,"In what year did a volcanic fissure blow open on the island of Heimaey, Iceland, prompting citizens to spray seawater to stop lava flows?","Local fishing boat crews pumped millions of gallons of cold ocean water onto the advancing lava for months, cooling it into a solid stone wall that saved their vital harbor."
22 miles [35 km],How many miles deep is the continental crust layer of planet Earth on average?,"While continental crust averages 22 miles thick beneath mountain ranges, oceanic crust beneath the deep sea floor is much thinner, measuring just 3 to 5 miles thick."
1925,"In what year did the Tri-State Tornado—the deadliest tornado in US history—blast a continuous path through Missouri, Illinois, and Indiana?","The monster storm maintained a blistering forward ground speed of 60 to 73 mph, racing across 219 miles of landscape to claim 695 human lives."
"5,387 feet [1,642 m]","How many thousands of feet deep is Lake Baikal in Russia, the deepest lake on the planet?","Lake Baikal sits inside an active tectonic rift valley, holding roughly 20% of the entire planet's unfrozen surface fresh water reserves."
1991,In what year did the continuous eruption of Mount Pinatubo in the Philippines inject millions of tons of sulfur dioxide into the stratosphere?,The massive volcanic aerosol cloud reflected enough sunlight back into space to temporarily cool global surface temperatures by roughly 1°F for over a year.
161,How many active volcanoes are currently monitored by geologists across the United States?,"The vast majority of these active volcanoes are located along the rugged Aleutian Island chain in Alaska, which sits along the volatile Pacific Ring of Fire."
175 million BC,In what year did the ancient supercontinent Pangaea begin to split apart into the continents we recognize today?,The massive landmass fractured due to rifting cycles driven by tectonic magma currents welling up from deep inside Earth's mantle layer.
"1,414 feet [431 m]","How many vertical feet does the Dead Sea shore sit below standard ocean sea level, marking the lowest land spot?","Located inside a deep rift valley, the hyper-saline lake has a salt concentration of nearly 34%, making it impossible for fish to survive or for humans to sink."
1963,In what year did an underwater volcanic eruption birth the brand-new island of Surtsey off the southern coast of Iceland?,"Scientists strictly banned all unauthorized visitors from setting foot on the new volcanic island, using it as a pristine laboratory to study how plants and birds colonize fresh land."
8.6 million,How many individual lightning bolts hit the surface of planet Earth over the course of a single day?,"That scales down to roughly 100 lightning flashes striking the planet every single second, transferring immense electrical energy across our atmosphere."
2004,"In what year did a massive undersea earthquake strike the Indian Ocean on Boxing Day, triggering a devastating global tsunami?","The megathrust fault line split open across 900 miles, releasing energy equal to 23,000 atomic bombs to unleash towering waves across a dozen countries."
30 miles [48 km],"How many miles wide is the eye layout of a mature, massive tropical category 5 hurricane on average?","While the eye wall packs the absolute most violent, crushing winds in the storm, the central eye itself is a zone of near-calm winds and clear skies."
1989,"In what year did researchers finish digging the Kola Superdeep Borehole in Russia, the deepest hole ever drilled into Earth?","Drilled down to a vertical depth of 40,230 feet (7.6 miles), engineers had to stop digging because temperatures hit 356°F, causing the solid rock to behave like soft plastic."
10 thousand miles,How many thousands of miles long is the massive underwater mountain range known as the Mid-Atlantic Ridge?,"Snaking down the center of the Atlantic Ocean floor, it stands as the longest mountain range on the planet, formed by tectonic plates spreading apart to forge fresh seabed."
1934,"In what year did a severe windstorm hit Mount Washington, New Hampshire, measuring a world-record surface wind speed of 231 mph?","The extreme weather record held for over six decades until a specialized radar tracking station on Barrow Island, Australia, clocked a 253 mph gust during a cyclone."
5,How many separate individual layers compose the structural atmosphere layout shielding planet Earth?,"They are the troposphere, stratosphere, mesosphere, thermosphere, and exosphere. Over 75% of all atmospheric gas mass is packed inside the lowest layer (the troposphere)."
1935,"In what year did the catastrophic ""Dust Bowl"" storms hit their absolute environmental peak across the American Great Plains?","Severe droughts combined with poor soil farming practices allowed high winds to whip up massive ""Black Blizzards"" of topsoil that rolled all the way to New York City."
7,How many distinct mineral properties (like luster and cleavage) do geologists systematically analyze to identify a rock sample?,"The classic structural tests check color, streak, hardness, luster, specific gravity, crystal habit, and cleavage fracture patterns to catalog minerals."
2022,In what year did an undersea volcanic eruption in Tonga detonate with enough explosive force to send shockwaves around the world?,"The Hunga Tonga eruption injected a record-breaking volume of water vapor into the stratosphere, blasting a volcanic plume that reached 36 miles high."
3.5%,What is the average salinity concentration percentage of the water across the world's open oceans?,This ratio translates to roughly 35 grams of dissolved salts (mostly sodium chloride) packed inside every single kilogram of ocean water.
1964,"In what year did a powerful 9.2 magnitude earthquake shake Prince William Sound, Alaska, marking the strongest quake in US history?","The massive seismic shift caused entire coastal blocks to slide into the ocean, generating local tsunamis that devastated seaside towns."
3,"How many distinct types of rock groups exist in geology, classifying how all stone material is formed?","The three foundational rock groups are Igneous (cooled magma), Sedimentary (compressed layers), and Metamorphic (altered by extreme heat and pressure)."
1997,In what year did global weather networks officially declare the start of the strongest recorded El Niño climate cycle of the century?,"The extreme warming of equatorial Pacific waters altered global jet streams, triggering massive floods across California and severe droughts in Australia."
20 thousand years ago,"How many thousands of years ago did the final major Glacial Maximum peak wrap up, beginning the modern Holocene warming cycle?","During that icy peak, massive glacial sheets over two miles thick covered much of North America and Europe, causing ocean levels to sit 400 feet lower than today."
1947,"In what year did a violent cloudburst drop 12 inches of rain in just 42 minutes in Holt, Missouri, setting a world record?","The torrential downpour unleashed flash floods that swamped local roads in minutes, showcasing the extreme atmospheric water capacity of severe convective storms."
"1,000 years","How many years does it take for a single drop of ocean water to complete the great global ""Ocean Conveyor Belt"" current loop?","Driven by temperature and salinity density differences (thermohaline circulation), the slow deep-water current sweeps across all four oceans before returning to its starting point."
1944,"In what year did the Bretton Woods agreement establish the modern international monetary system, pegging global currencies to the US Dollar?","Delegates from 44 Allied nations met at a hotel in New Hampshire to establish the World Bank and the IMF, aiming to secure global economic stability after WWII."
20,How many distinct sovereign nations currently utilize the Euro as their sole official paper and coin currency?,"Croatia became the 20th nation to officially drop its native currency and adopt the Euro banknotes and coins on January 1, 2023."
400 troy ounces,"What is the standard weight, in troy ounces, of a gold bar traded globally among international central banks?","Measuring roughly 10 inches long, a single standard 400 oz gold brick weighs about 27 pounds, making a full crate incredibly heavy to lift."
30,How many individual corporate stock listings compose the high-profile industrial baseline tracking index known as the Dow Jones?,"While the index originally tracked just 12 industrial companies back in 1896, it has since expanded to 30 blue-chip market leaders across all sectors."
1929,In what year did the infamous Wall Street stock market crash trigger the start of the Great Depression?,"On ""Black Tuesday,"" panic selling wiped out billions of dollars in stock value in hours, initiating a decade of severe global economic contraction."
7,How many distinct paper banknote denominations form the active legal tender lineup of the US Dollar currency grid?,"The active bills are the $1, $2, $5, $10, $20, $50, and $100. While the U.S. historically printed $500 and $10,000 bills, they were discontinued in 1969."
1971,"In what year did President Richard Nixon permanently close the ""gold window,"" ending the dollar's direct conversion to gold?","This historic move decoupled global finance from physical commodity constraints, launching the modern era of free-floating fiat currencies."
"24,000",How many cargo containers can the world's largest mega-container shipping vessels carry across the ocean today?,"If you loaded all 24,000 standard steel containers onto a single train, that freight train would stretch over 90 miles long."
1637,"In what year did the historic Dutch Tulip Mania asset bubble burst, causing flower contract values to crash overnight?","At the absolute peak of the speculative bubble, a single rare tulip bulb traded for more than the price of a luxury estate house in Amsterdam."
164,How many member countries officially compose the global trade tracking organization known as the WTO?,"Headquartered in Geneva, Switzerland, the World Trade Organization establishes the regulatory rules and tariff frameworks that manage over 98% of all global trade."
1999,"In what year did the Euro currency make its official electronic banking debut, before physical coins were minted?",The Euro existed purely as a digital accounting currency for corporate transfers and credit tracking for three full years before cash hit the streets.
22mm,"What is the standard physical diameter size of a standard gold sovereign coin, in millimeters?","First minted by the Royal Mint in 1817, the classic British gold coin features an invariant weight and design, highly prized by bullion collectors."
2008,"In what year did the Lehman Brothers investment bank file for bankruptcy, kickstarting the Global Financial Crisis?","Holding over $600 billion in debt, it remains the largest corporate bankruptcy filing in US history, triggering a severe global credit freeze."
4,How many distinct asset classes define the core allocation strategy of a standard diversified investment portfolio?,"The four fundamental asset classes are Equities (Stocks), Fixed Income (Bonds), Cash Equivalents, and Alternative Assets (like Real Estate or Commodities)."
1923,"In what year did the Weimar Republic experience its extreme hyperinflation crisis, where a loaf of bread cost billions of marks?","Prices doubled every few days, forcing the central bank to print banknotes with values up to 100 trillion marks. Workers were paid multiple times a day so they could sprint to spend their cash before it lost all value."
24 hours a day,How many hours a day do global foreign exchange currency markets (Forex) actively trade each week?,"Forex operates as a continuous decentralized network, trading 24 hours a day across five days a week as banking hubs toggle from Tokyo and London to New York."
1950,"In what year was the first official commercial credit card, the Diners Club card, introduced to restaurant diners?",The card was invented by businessman Frank McNamara after he forgot his wallet at a business dinner and had to wait for his wife to drive out and pay the bill.
600 thousand dollars,How many thousands of dollars did an anonymous bidder pay to secure the single most expensive corporate stock share in history (Berkshire Hathaway Class A)?,"CEO Warren Buffett has famously refused to ever split the Class A shares, preferring long-term value tracking that requires massive capital to buy a single share."
2016,"In what year did the United Kingdom officially vote to leave the European Union in the historic ""Brexit"" referendum?","The close vote (51.9% to leave) initiated years of complex trade negotiations, permanently altering customs borders and financial passporting rules across the channel."
100 million barrels,How many millions of barrels of crude oil are traded and consumed across global economic networks every single day?,"Oil functions as the primary energetic lifeblood of global trade, with roughly 60% of every barrel refined directly into transportation fuel."
2001,"In what year did China officially join the World Trade Organization (WTO), accelerating its transformation into a global manufacturing hub?","Joining the WTO lowered trade tariffs globally for Chinese-made goods, sparking a massive influx of foreign factory investments."
8,How many digits compose the unique international banking code known as a SWIFT identifier string?,"The standard code maps the institution, country, and city location, serving as the universal secure communication tracking network for global money transfers."
1913,"In what year did the United States Congress pass the Federal Reserve Act, establishing the nation's modern central bank?","The central bank was built to manage national monetary policy, act as a lender of last resort, and prevent the bank runs that had frozen the financial system in 1907."
15%,What is the standard corporate tax rate percentage agreed upon as a global minimum floor by over 130 nations under the OECD framework?,"Enacted to prevent multinational corporations from shifting profits to tiny offshore tax havens, the 15% floor standardizes corporate tax tracking across borders."
2008,"In what year did Zimbabwe experience its infamous hyperinflation spiral, leading to the printing of a 100-trillion-dollar bill?","The country's economic collapse reached a point where prices doubled every 24 hours, forcing the government to completely abandon its currency and adopt the US Dollar for daily trade."
5,How many distinct asset weightings compose the IMF's Special Drawing Rights (SDR) global reserve basket?,"The elite currency basket blends the weighted values of five dominant global currencies: the US Dollar, Euro, Chinese Renminbi, Japanese Yen, and British Pound."
1720,"In what year did the historic South Sea Bubble burst in London, bankrupting thousands of investors including Sir Isaac Newton?","Newton famously lost a fortune in the stock speculative crash, later remarking: ""I can calculate the motion of heavenly bodies, but not the madness of people."""
12 characters,"How many characters make up the standard alphanumeric tracking code known as an ISIN, used to identify unique security issues globally?","The International Securities Identification Number uniformly indexes stocks, bonds, and commercial paper across global trading exchanges."
1994,"In what year did the North American Free Trade Agreement (NAFTA) officially take effect, dropping trade barriers across three nations?","NAFTA established a massive duty-free economic trade block connecting Canada, the United States, and Mexico, which was updated decades later into the USMCA."
"503 individual stock tracking symbols, as some companies issue multiple share classes",How many separate corporate stock listings compose the high-profile market index known as the S&P 500?,"The index weights listings by market capitalization, tracking the performance of the largest publicly traded corporate giants in the United States."
1990,"In what year did Japan experience the catastrophic bursting of its ""Asset Price Bubble,"" leading to the ""Lost Decades""?","At the absolute peak of the real estate bubble in 1989, the land value of the single Imperial Palace grounds in Tokyo was mathematically worth more than the entire real estate market of California."
7,How many distinct currency pairings dominate over 80% of all daily trading volume across the global Forex markets?,"Known as ""The Majors,"" these seven elite pairs all feature the US Dollar traded against other heavy currencies like the Euro, Yen, Pound, and Swiss Franc."
1967,In what year did the first automated teller machine (ATM) debut at a Barclays bank branch in London?,"Invented by John Shepherd-Barron, the machine didn't utilize plastic magnetic cards; it accepted specialized paper checks matched to a custom 4-digit PIN code."
2%,What is the standard target inflation rate percentage maintained by most modern western central banks (like the Federal Reserve or ECB)?,Central bankers target a modest 2% inflation cushion to encourage continuous economic spending and investment while avoiding the dangers of economic stagnation.
1602,"In what year was the first official trading house established in Amsterdam, creating the ancestor of modern stock exchanges?","Formed by the Dutch East India Company (VOC) to gather public capital to finance spice trade voyages, it introduced the concepts of public stock tracking and dividend payouts."
3,How many distinct reporting metrics compose the calculation of a nation's Balance of Payments ledger?,"The ledger organizes all international trade transactions across three distinct tracking sub-accounts: the Current Account, the Capital Account, and the Financial Account."
1792,"In what year did the United States officially adopt the Coinage Act, establishing the US Dollar as the nation's standard unit of currency?","The historic law established a federal mint in Philadelphia, standardizing currency values using a logical decimal system based on silver and gold weights."
"$2,250 per ounce in early 2008",How many thousands of dollars did a single ounce of pure platinum cost during its historic all-time market peak?,"Platinum is significantly rarer than gold, heavily prized not just for luxury jewelry but as an essential industrial catalyst for auto emissions kits."
2022,In what year did the tech giant Apple cross a historic financial milestone by becoming the first public company to hit a $3 trillion market capitalization?,"It took Apple over 42 years to scale to its first trillion-dollar valuation in 2018, but it took less than four more years to triple that total."
50 years,How many years does a standard cycle tracking a wave of long-term economic innovation trend take to fully play out (Kondratiev Waves)?,"Named after Russian economist Nikolai Kondratiev, the macro-wave theory suggests that global economies cycle through long eras of structural growth and decline tied to massive shifts in technological innovation."
