category,word
Blank Slate,Action____
Blank Slate,Adventure____
Blank Slate,Air____
Blank Slate,Ancient____
Blank Slate,Apple____
Blank Slate,Arctic____
Blank Slate,Battle____
Blank Slate,Beach____
Blank Slate,Black____
Blank Slate,Blazing____
Blank Slate,Blood____
Blank Slate,Blooming____
Blank Slate,Blossoming____
Blank Slate,Blue____
Blank Slate,Bold____
Blank Slate,Bright____
Blank Slate,Bronze____
Blank Slate,Burning____
Blank Slate,Calm____
Blank Slate,Candy____
Blank Slate,Cave____
Blank Slate,Chocolate____
Blank Slate,City____
Blank Slate,Clear____
Blank Slate,Cloud____
Blank Slate,Cold____
Blank Slate,Cool____
Blank Slate,Copper____
Blank Slate,Coral____
Blank Slate,Crazy____
Blank Slate,Crimson____
Blank Slate,Crisp____
Blank Slate,Crystal____
Blank Slate,Cyber____
Blank Slate,Dancing____
Blank Slate,Dappled____
Blank Slate,Dark____
Blank Slate,Dawn____
Blank Slate,Dead____
Blank Slate,Deep____
Blank Slate,Desert____
Blank Slate,Diamond____
Blank Slate,Dragon____
Blank Slate,Dream____
Blank Slate,Dusk____
Blank Slate,Earth____
Blank Slate,Electric____
Blank Slate,Epic____
Blank Slate,Evening____
Blank Slate,Fairy____
Blank Slate,Fallen____
Blank Slate,Fantasy____
Blank Slate,Fast____
Blank Slate,Fierce____
Blank Slate,Final____
Blank Slate,Fire____
Blank Slate,Floating____
Blank Slate,Flower____
Blank Slate,Flowing____
Blank Slate,Fog____
Blank Slate,Forest____
Blank Slate,Fresh____
Blank Slate,Frost____
Blank Slate,Future____
Blank Slate,Galaxy____
Blank Slate,Garden____
Blank Slate,Gentle____
Blank Slate,Ghost____
Blank Slate,Giant____
Blank Slate,Glass____
Blank Slate,Glitter____
Blank Slate,Glowing____
Blank Slate,Golden____
Blank Slate,Grand____
Blank Slate,Gray____
Blank Slate,Great____
Blank Slate,Green____
Blank Slate,Ground____
Blank Slate,Happy____
Blank Slate,Heart____
Blank Slate,Hidden____
Blank Slate,High____
Blank Slate,Hyper____
Blank Slate,Ice____
Blank Slate,Iron____
Blank Slate,Jade____
Blank Slate,Jolly____
Blank Slate,Jungle____
Blank Slate,Lake____
Blank Slate,Lava____
Blank Slate,Lazy____
Blank Slate,Leaf____
Blank Slate,Light____
Blank Slate,Lone____
Blank Slate,Long____
Blank Slate,Lost____
Blank Slate,Love____
Blank Slate,Lunar____
Blank Slate,Lush____
Blank Slate,Magic____
Blank Slate,Marble____
Blank Slate,Mega____
Blank Slate,Meteor____
Blank Slate,Midnight____
Blank Slate,Mighty____
Blank Slate,Misty____
Blank Slate,Monster____
Blank Slate,Moon____
Blank Slate,Morning____
Blank Slate,Mountain____
Blank Slate,Mud____
Blank Slate,Mystery____
Blank Slate,Mystic____
Blank Slate,Neon____
Blank Slate,New____
Blank Slate,Night____
Blank Slate,Noble____
Blank Slate,North____
Blank Slate,Ocean____
Blank Slate,Old____
Blank Slate,Open____
Blank Slate,Peaceful____
Blank Slate,Pearl____
Blank Slate,Pink____
Blank Slate,Power____
Blank Slate,Purple____
Blank Slate,Quiet____
Blank Slate,Rain____
Blank Slate,Rainbow____
Blank Slate,Red____
Blank Slate,Rising____
Blank Slate,River____
Blank Slate,Road____
Blank Slate,Rock____
Blank Slate,Rocky____
Blank Slate,Royal____
Blank Slate,Rushing____
Blank Slate,Sand____
Blank Slate,Savage____
Blank Slate,Sea____
Blank Slate,Secret____
Blank Slate,Serene____
Blank Slate,Shaded____
Blank Slate,Shadow____
Blank Slate,Sharp____
Blank Slate,Shimmering____
Blank Slate,Shining____
Blank Slate,Silent____
Blank Slate,Silk____
Blank Slate,Silver____
Blank Slate,Sky____
Blank Slate,Smoke____
Blank Slate,Snow____
Blank Slate,Snowy____
Blank Slate,Soft____
Blank Slate,Solar____
Blank Slate,Sound____
Blank Slate,Space____
Blank Slate,Sparkling____
Blank Slate,Speed____
Blank Slate,Spring____
Blank Slate,Star____
Blank Slate,Starry____
Blank Slate,Steel____
Blank Slate,Stone____
Blank Slate,Storm____
Blank Slate,Street____
Blank Slate,Sun____
Blank Slate,Sunny____
Blank Slate,Sunset____
Blank Slate,Super____
Blank Slate,Sweet____
Blank Slate,Swift____
Blank Slate,Tall____
Blank Slate,Thunder____
Blank Slate,Tiger____
Blank Slate,Time____
Blank Slate,Tranquil____
Blank Slate,Tree____
Blank Slate,Turbo____
Blank Slate,Twilight____
Blank Slate,Ultra____
Blank Slate,Velvet____
Blank Slate,Verdant____
Blank Slate,Victory____
Blank Slate,Warrior____
Blank Slate,Water____
Blank Slate,Whispering____
Blank Slate,White____
Blank Slate,Wild____
Blank Slate,Wildflower____
Blank Slate,Wind____
Blank Slate,Winter____
Blank Slate,Wishing____
Blank Slate,Wolf____
Blank Slate,Wonder____
Blank Slate,Yellow____
Blank Slate,Young____
Blank Slate,Zen____
Blank Slate,Zero____
Blank Slate,____air
Blank Slate,____baby
Blank Slate,____back
Blank Slate,____ball
Blank Slate,____base
Blank Slate,____bay
Blank Slate,____beach
Blank Slate,____beat
Blank Slate,____bell
Blank Slate,____belt
Blank Slate,____bird
Blank Slate,____blade
Blank Slate,____bloom
Blank Slate,____board
Blank Slate,____bolt
Blank Slate,____bone
Blank Slate,____book
Blank Slate,____bound
Blank Slate,____box
Blank Slate,____breeze
Blank Slate,____bridge
Blank Slate,____burst
Blank Slate,____camp
Blank Slate,____cap
Blank Slate,____castle
Blank Slate,____catcher
Blank Slate,____cave
Blank Slate,____charge
Blank Slate,____chest
Blank Slate,____clear
Blank Slate,____cliff
Blank Slate,____cloud
Blank Slate,____code
Blank Slate,____concert
Blank Slate,____cove
Blank Slate,____craft
Blank Slate,____creek
Blank Slate,____crown
Blank Slate,____crush
Blank Slate,____cup
Blank Slate,____dance
Blank Slate,____dark
Blank Slate,____dawn
Blank Slate,____day
Blank Slate,____deep
Blank Slate,____dew
Blank Slate,____door
Blank Slate,____dream
Blank Slate,____drive
Blank Slate,____drop
Blank Slate,____dust
Blank Slate,____edge
Blank Slate,____ending
Blank Slate,____face
Blank Slate,____factory
Blank Slate,____fall
Blank Slate,____falls
Blank Slate,____farm
Blank Slate,____fever
Blank Slate,____field
Blank Slate,____fields
Blank Slate,____fighter
Blank Slate,____fire
Blank Slate,____fish
Blank Slate,____flag
Blank Slate,____flame
Blank Slate,____flash
Blank Slate,____flow
Blank Slate,____flower
Blank Slate,____flush
Blank Slate,____fly
Blank Slate,____fog
Blank Slate,____fold
Blank Slate,____ford
Blank Slate,____forest
Blank Slate,____fort
Blank Slate,____frontier
Blank Slate,____frost
Blank Slate,____garden
Blank Slate,____gate
Blank Slate,____glow
Blank Slate,____gold
Blank Slate,____ground
Blank Slate,____grove
Blank Slate,____guard
Blank Slate,____guide
Blank Slate,____heart
Blank Slate,____hero
Blank Slate,____hills
Blank Slate,____hold
Blank Slate,____hood
Blank Slate,____horizon
Blank Slate,____house
Blank Slate,____hunter
Blank Slate,____island
Blank Slate,____jump
Blank Slate,____keep
Blank Slate,____key
Blank Slate,____king
Blank Slate,____lake
Blank Slate,____land
Blank Slate,____landscape
Blank Slate,____lane
Blank Slate,____leaves
Blank Slate,____life
Blank Slate,____light
Blank Slate,____lights
Blank Slate,____limit
Blank Slate,____line
Blank Slate,____lining
Blank Slate,____lock
Blank Slate,____lord
Blank Slate,____lore
Blank Slate,____maker
Blank Slate,____mall
Blank Slate,____man
Blank Slate,____mare
Blank Slate,____mark
Blank Slate,____meadow
Blank Slate,____mission
Blank Slate,____mist
Blank Slate,____mountain
Blank Slate,____mouse
Blank Slate,____movie
Blank Slate,____music
Blank Slate,____net
Blank Slate,____night
Blank Slate,____nova
Blank Slate,____orchard
Blank Slate,____packed
Blank Slate,____park
Blank Slate,____path
Blank Slate,____peak
Blank Slate,____place
Blank Slate,____planet
Blank Slate,____pool
Blank Slate,____port
Blank Slate,____print
Blank Slate,____quest
Blank Slate,____reef
Blank Slate,____ride
Blank Slate,____ring
Blank Slate,____river
Blank Slate,____road
Blank Slate,____rock
Blank Slate,____room
Blank Slate,____root
Blank Slate,____run
Blank Slate,____rush
Blank Slate,____saga
Blank Slate,____sand
Blank Slate,____scope
Blank Slate,____scout
Blank Slate,____sea
Blank Slate,____season
Blank Slate,____shadow
Blank Slate,____shine
Blank Slate,____ship
Blank Slate,____shock
Blank Slate,____shore
Blank Slate,____side
Blank Slate,____sight
Blank Slate,____sized
Blank Slate,____sky
Blank Slate,____slide
Blank Slate,____song
Blank Slate,____space
Blank Slate,____spark
Blank Slate,____spring
Blank Slate,____star
Blank Slate,____station
Blank Slate,____stone
Blank Slate,____storm
Blank Slate,____story
Blank Slate,____stream
Blank Slate,____street
Blank Slate,____stride
Blank Slate,____sun
Blank Slate,____tale
Blank Slate,____tide
Blank Slate,____time
Blank Slate,____top
Blank Slate,____town
Blank Slate,____track
Blank Slate,____trail
Blank Slate,____train
Blank Slate,____tree
Blank Slate,____trip
Blank Slate,____truck
Blank Slate,____valley
Blank Slate,____vine
Blank Slate,____violet
Blank Slate,____vision
Blank Slate,____wand
Blank Slate,____wars
Blank Slate,____water
Blank Slate,____wave
Blank Slate,____waves
Blank Slate,____wood
Blank Slate,____world
Family Feud,A profession that starts with the letter “T”.
Family Feud,After taking a selfie, whom would you send it to?
Family Feud,An eye for an eye is an expression that contains the word eye, what can be another one?
Family Feud,Apart from chicken, what other things would make Christmas dinner incomplete if they are missing from the menu?
Family Feud,Apart from thanksgiving, which holiday do you celebrate with a lot of food?
Family Feud,At what time does breakfast become lunch?
Family Feud,Choose Marvel’s avengers.
Family Feud,Choose a house that you never want to be in.
Family Feud,Choose a large-population country.
Family Feud,Choose a name you would like to call your grandmother.
Family Feud,Choose a thing that a person might keep in a cellar.
Family Feud,Choose a thing that only comes out on special events from a person’s closet.
Family Feud,Choose a type of building where it always seems to be cold.
Family Feud,Choose a word that rhymes with election.
Family Feud,Choose an activity that needs your lips.
Family Feud,Choose an animal that a snake can swallow.
Family Feud,Choose an animal that you never want to eat and start with the letter “C”.
Family Feud,Choose something related to vampires.
Family Feud,Choose something that a baker might call his wife in a bakery.
Family Feud,Choose something that might be brewing.
Family Feud,Choose that you see a commercial for during a basketball game.
Family Feud,Choose which starts with the word Chow.
Family Feud,Complete this sentence: The true measure of success is having a great ______.
Family Feud,Describe what you would do if the person next to you on a plane had B.O.
Family Feud,During which holiday there are several sales?
Family Feud,Fill in the blank: I did everything for my guy and I never got a ____.
Family Feud,Fill in the blank– “Raging ______”
Family Feud,Give an example of something you would find on a breakfast buffet.
Family Feud,How did people communicate before texting was invented?
Family Feud,How do people go to the office or work?
Family Feud,How do you pass the time when on a flight?
Family Feud,How many hours of sleep do you need every night to wake up in the morning?
Family Feud,How many percent do you tip for good service?
Family Feud,How many toys does a child want for holidays?
Family Feud,How many weeks before Christmas, the Christmas card will be sent?
Family Feud,If a person can’t cook then which thanksgiving food might they purchase instead of a bake?
Family Feud,If deserted on an island, what would you search for first?
Family Feud,If the plague of Egypt modified for modern times then what would be the most devastating thing god could send?
Family Feud,If you are right handed then what is something that you can’t do with your left hand?
Family Feud,If you can go to the land of OZ then what would you ask the wizard for?
Family Feud,If you get arrested and can make only one phone call then whom would you call?
Family Feud,If you need to create a habitable world in six days then what is the first thing you would create?
Family Feud,If you own a gun, where would you like to keep it?
Family Feud,If your dog ran away, choose something that you are surprised he took with him.
Family Feud,In a deserted house, what would you find?
Family Feud,In which city snows a lot during the holidays?
Family Feud,In which closet you don’t want to put clothes in?
Family Feud,In which country do people speak Spanish?
Family Feud,In which job you might have to work all night?
Family Feud,In which occupation, women are portrayed as sexy?
Family Feud,In which place are you supposed to be quiet?
Family Feud,In your nightmare, which place is where you suddenly discover you are naked?
Family Feud,Name a Common Candy Bar Component.
Family Feud,Name a Place Where Snowmen Might Have Nightmares About.
Family Feud,Name a college major that you wouldn't want to do.
Family Feud,Name a game you play with your family on holidays.
Family Feud,Name a gift that might be insulting to receive on Xmas.
Family Feud,Name a good place to go when you want to cry.
Family Feud,Name a location to which a wife would be furious if her husband took her on her anniversary.
Family Feud,Name a phrase or word which has the word dirty in it.
Family Feud,Name a phrase that starts with the “Feel the__”.
Family Feud,Name a place that's filled with people who don't want to be there
Family Feud,Name a place where teenagers go where there’s always a killer on the loose in horror movies.
Family Feud,Name a place you'd hate to spend even one night.
Family Feud,Name a popular married couple (past or present) with an ideal marriage?
Family Feud,Name a professional sport in which the players are well compensated.
Family Feud,Name a quality of a bad boss
Family Feud,Name a state we are not sure how to spell.
Family Feud,Name a state with a lot of sports teams.
Family Feud,Name a team that plays on Thanksgiving.
Family Feud,Name a type of insurance.
Family Feud,Name a very cold country
Family Feud,Name a way a student finds out on a snow day.
Family Feud,Name a word or phrase that starts with the brain.
Family Feud,Name a word that completes the phrase “Mad_______.”
Family Feud,Name a word that follows the word “ginger”.
Family Feud,Name a word that starts with “para.”
Family Feud,Name an animal that you wouldn’t kiss on the lips for a million dollars.
Family Feud,Name an occupation beginning with B.
Family Feud,Name an occupation that starts with the letter ‘J’.
Family Feud,Name anything you’d buy after you’ve gotten engaged.
Family Feud,Name one invention that you are glad was invented.
Family Feud,Name questions you fear being asked at family reunions.
Family Feud,Name someone who might knock at your door and this makes you pretend like you are not home.
Family Feud,Name something a woman who has a crush on Santa would leave out instead of cookies.
Family Feud,Name something other than letters that might have holes.
Family Feud,Name something people get in the mail other than letters.
Family Feud,Name something people might only do once a week.
Family Feud,Name something people regularly underestimate.
Family Feud,Name something specific for which people receive a badge, ribbon or medal.
Family Feud,Name something that a naughty child does to Santa.
Family Feud,Name something that adults might hate to share
Family Feud,Name something that grows faster than you want it to
Family Feud,Name something that might be referred to as a dead end.
Family Feud,Name something that you might think your house is haunted.
Family Feud,Name something that you wouldn't want to leave at home.
Family Feud,Name something with which a squirrel might get into a battle if it tries to steal his nuts.
Family Feud,Name something you keep in your car.
Family Feud,Name something you might do at night.
Family Feud,Name something you think of in Spain?
Family Feud,Name something you'd hate to have happen while you're taking a bath.
Family Feud,Name the biggest fruit you can fit in your mouth without chopping it up.
Family Feud,Name the business where you hear a lot of people complain about the service.
Family Feud,Name things that people lie about on resumes
Family Feud,Name things you never want your kid to bring home
Family Feud,Name ways to get rich quickly.
Family Feud,On which holiday would you like to go to the theater to see a movie?
Family Feud,On which occasion do couples have formal pictures taken together?
Family Feud,On which topic a father may give advice to his son?
Family Feud,On which topic might a mother give advice to her daughter?
Family Feud,Other than Thanksgiving, which holiday do you celebrate with a lot of food?
Family Feud,Other than a person, name a thing that people love to hug?
Family Feud,Other than curtains, what’s something college students use to cover windows?
Family Feud,Other than eating lunch, what do people do during their lunch hour?
Family Feud,Other than engines, what is under the hoods of cars?
Family Feud,Other than feet, name something that runs.
Family Feud,Other than his appearance, what does man think that makes them sexy?
Family Feud,Other than illness, name an acceptable excuse for missing work
Family Feud,Other than students, what is something you see in most high school hallways?
Family Feud,Out of the ten blind dates, how many are winners?
Family Feud,People that have friends: How?
Family Feud,Select An occasion for which you might wear your favorite underwear.
Family Feud,The key to a successful relationship is ____ing together
Family Feud,To whom you went for advice?
Family Feud,What Star Wars villain did Aniken Skywalker turn to in Star Wars Episode III?
Family Feud,What act of teenagers makes their parents angry?
Family Feud,What an athlete can’t do the night before a big game?
Family Feud,What are places where you are not allowed to touch anything?
Family Feud,What are some of the activities that people usually do the day after Christmas?
Family Feud,What are some of the boring gifts that you want to give your spouse on Christmas?
Family Feud,What are some of the clothes that you can easily find in the closet of Santa?
Family Feud,What are some of the plants for Christmas?
Family Feud,What are some of the popular housewarming gifts?
Family Feud,What are some things that you don’t want to do on Sunday?
Family Feud,What are the features of your spouse that are most likely to attract you?
Family Feud,What are the things that you don’t like to discuss during holidays?
Family Feud,What are things that people are most afraid of?
Family Feud,What are things that people do while sleeping?
Family Feud,What are things you find annoying drivers for?
Family Feud,What are things you find in a park?
Family Feud,What are you losing as you grow old?
Family Feud,What can a wife tell her husband he needs to change?
Family Feud,What can be Santa’s reindeer?
Family Feud,What can be a liquid in your kitchen that you hope no one ever drinks by mistake?
Family Feud,What can be a nickname that someone gives their lover and starts with the word “Sugar”?
Family Feud,What can be a noisy insect?
Family Feud,What can be a thing that people might do for a date night?
Family Feud,What can be a type of chip?
Family Feud,What can be an activity that is easier to do in extreme wind?
Family Feud,What can be an excuse to not have the weekly fare night with your spouse?
Family Feud,What can be another name for a restaurant?
Family Feud,What can be another word for “rear end”?
Family Feud,What can be something that you can buy which costs a dollar or less?
Family Feud,What can be spoiled?
Family Feud,What can be the greatest gift to give newlyweds?
Family Feud,What can be the reason a married couple might sleep in separate beds?
Family Feud,What can be the reason a person might say they love being married?
Family Feud,What can be the worst place a couple could go on for their honeymoon?
Family Feud,What can you find under the cushion of the couch?
Family Feud,What chores do you tend to procrastinate on?
Family Feud,What cowboy wears that makes them sexy?
Family Feud,What did mom tell their kids to do before dinner?
Family Feud,What did you do in your kindergarten days that you are still thinking about doing every day now?
Family Feud,What do people do to change their appearance?
Family Feud,What do people do with an envelope before posting the same?
Family Feud,What do people do with their armpits?
Family Feud,What do people donate?
Family Feud,What do people forget to do before the holiday?
Family Feud,What do people keep in their car while going to the beach?
Family Feud,What do people really want to wear until it falls apart?
Family Feud,What do people try to do when they want to get out of speeding tickets?
Family Feud,What do people usually run out of at home?
Family Feud,What do people wear to scare off evil spirits?
Family Feud,What do teenagers act with their families at the Christmas holiday that they might be embarrassed to have known?
Family Feud,What do the guests do at a wedding reception?
Family Feud,What do we usually do during the weekends?
Family Feud,What do you and your friend do for fun?
Family Feud,What do you do on the weekend mornings?
Family Feud,What do you find hard to do with open eyes?
Family Feud,What do you find in a hamburger?
Family Feud,What do you find on a man’s arm?
Family Feud,What do you find on a woman’s arm?
Family Feud,What do you hate to see on the bottom of your shoe?
Family Feud,What do you keep in your wallet?
Family Feud,What do you like about salad?
Family Feud,What do you love about Christmas the most?
Family Feud,What do you need for making a smoothie?
Family Feud,What do you see in a mansion?
Family Feud,What do you usually hang up?
Family Feud,What does a baby do when you kiss its tummy?
Family Feud,What does a dog do most of the time?
Family Feud,What does a wrestler not wear during the match?
Family Feud,What dogs bark at?
Family Feud,What dreams about the future couples pillow talk about?
Family Feud,What excuse do teenagers give to their parents for coming home late?
Family Feud,What gets passed around
Family Feud,What is a famous cocktail?
Family Feud,What is a girl’s name that starts with L?
Family Feud,What is a kind of knife?
Family Feud,What is a sexist piece of clothing that women wear in public?
Family Feud,What is a thing a couple should not do until they have known each other for a long time?
Family Feud,What is a thing that a farmer can sell if he needs the money too fast?
Family Feud,What is a thing that a new couple dies more often than a couple who has been together for a while?
Family Feud,What is a thing that a woman changes that her husband might not notice?
Family Feud,What is a thing that couples stop doing after getting married?
Family Feud,What is a thing that has wooden legs?
Family Feud,What is a thing that makes people blink?
Family Feud,What is a thing that many people do just once a week?
Family Feud,What is a thing that people consider manly?
Family Feud,What is a thing that spouses often do to show their love and emotion?
Family Feud,What is a thing that teenagers do that they will kick themselves for later in life?
Family Feud,What is a thing that teenagers would do in the 50s?
Family Feud,What is a thing that you are sure to run out of if you have teenagers?
Family Feud,What is a thing that you can keep in your car by chance?
Family Feud,What is a thing that you don’t like to get in mail?
Family Feud,What is a thing that you would find on top of a poker table?
Family Feud,What is a type of party centered around a couple?
Family Feud,What is an important number that people often use to memorize?
Family Feud,What is associated with Zorro?
Family Feud,What is hardcore football fans used to wear to the stadium on game day?
Family Feud,What is one thing that little kids sent to their room for more than any other?
Family Feud,What is something a couple might save from their wedding day?
Family Feud,What is something a parent takes away from a teenager as punishment?
Family Feud,What is something a student takes to school?
Family Feud,What is something a teacher might have a student do in an emergency drill?
Family Feud,What is something in the house that is very difficult to move?
Family Feud,What is something people found hard about getting married?
Family Feud,What is something that a husband can’t keep his hands off?
Family Feud,What is something that a person orders in a restaurant while dieting?
Family Feud,What is something that a police officer has to give up when they retire?
Family Feud,What is something that a spouse might not like doing around their partner?
Family Feud,What is something that can last all night?
Family Feud,What is something that can make your mom and dad happy?
Family Feud,What is something that children have difficulty learning to use?
Family Feud,What is something that comes in a spray bottle?
Family Feud,What is something that couples worry less about after having children?
Family Feud,What is something that couples wouldn’t do in public?
Family Feud,What is something that friends might swap?
Family Feud,What is something that goes up and down?
Family Feud,What is something that grows faster than you want?
Family Feud,What is something that is cold?
Family Feud,What is something that is licked?
Family Feud,What is something that is related to goldfish?
Family Feud,What is something that kids fight over during the holidays?
Family Feud,What is something that kids start to care more about once they are teenagers?
Family Feud,What is something that makes a lot of noise?
Family Feud,What is something that makes it hard to get out of bed?
Family Feud,What is something that married couples often fight over?
Family Feud,What is something that men’s magazines give tips on?
Family Feud,What is something that might get overloaded?
Family Feud,What is something that moves really slowly?
Family Feud,What is something that neighbors often fight over?
Family Feud,What is something that people do on the day after thanksgiving?
Family Feud,What is something that people gossip about in an office?
Family Feud,What is something that people make reservations for?
Family Feud,What is something that people relate to thanksgiving?
Family Feud,What is something that people usually do at 11:30 pm?
Family Feud,What is something that students would probably get rid of if they ran the schools?
Family Feud,What is something that teenagers spend more time doing as compared to adults?
Family Feud,What is something that teenagers stress out about?
Family Feud,What is something that teens feel ashamed to do in front of their families?
Family Feud,What is something that would make you not drive?
Family Feud,What is something that you and your spouse might share on a date?
Family Feud,What is something that you do not learn in school?
Family Feud,What is something that you do with your face and considered sexy?
Family Feud,What is something that you find in the lobby of a post office?
Family Feud,What is something that you haven’t done since high school gym class?
Family Feud,What is something that you might eat along with a hamburger?
Family Feud,What is something that you might get in trouble with at school?
Family Feud,What is something that you put in their front yard?
Family Feud,What is something that you see your neighbor doing while wearing a bathrobe?
Family Feud,What is something that your house might smell like around the holidays?
Family Feud,What is something that you’d find in your school classrooms?
Family Feud,What is something we drink warmer?
Family Feud,What is something you buy from all the rolls?
Family Feud,What is something you can fill with air?
Family Feud,What is something you have that a neighbor might try to borrow?
Family Feud,What is the benefit of working from home?
Family Feud,What is the best flavour of chips
Family Feud,What is the best room in the house?
Family Feud,What is the common place where people get married?
Family Feud,What is the favorite snack of kids at the movie theater?
Family Feud,What is the first thing you do in the morning?
Family Feud,What is the kind of person on display in wax museums?
Family Feud,What is the milestone for most teenagers?
Family Feud,What is the most boring sport to watch live?
Family Feud,What is the most common gift that newly married couples might receive in large quantities?
Family Feud,What is the most important thing that a couple has to pick up for their wedding?
Family Feud,What is the most necessary thing you should consider while planning a date?
Family Feud,What is the most popular Thanksgiving dessert?
Family Feud,What is the one fruit that takes time to break into?
Family Feud,What is the one thing that you do before going to bed?
Family Feud,What is the one thing that you never forget to pack on a trip?
Family Feud,What is the one thing that your parents told you to not waste?
Family Feud,What is the part of the body that needs the most exercise?
Family Feud,What is the reason a college student would stay with parents on the weekend instead of their own room?
Family Feud,What is the reason teenagers don’t like their high school?
Family Feud,What is the reason you might get rid of an old family heirloom?
Family Feud,What is the summer job that a lot of teenagers get?
Family Feud,What is the thing that people often misplace?
Family Feud,What is the thing that people take out?
Family Feud,What is the tradition for Christmas Eve?
Family Feud,What is used for writing?
Family Feud,What is used in a sandwich?
Family Feud,What items do you find in a cafe?
Family Feud,What kind of pants are best to wear when you are okay to overeat at Thanksgiving?
Family Feud,What kind of person might wear a mask often?
Family Feud,What kind of punishment do parents give to their children?
Family Feud,What kind of “how to book” would interest you most?
Family Feud,What melts when it gets hot?
Family Feud,What might you put in your coffee?
Family Feud,What other name is Halloween sometimes known for?
Family Feud,What people used to decorate?
Family Feud,What produces light when it’s dark?
Family Feud,What scent is famously associated with Christmas Eve?
Family Feud,What should a husband do for his wife to apologize for any mistake?
Family Feud,What should we drink to keep us warm?
Family Feud,What sports do women think is sexy to watch?
Family Feud,What stereotype about teenagers is often untrue?
Family Feud,What things do you do with friends?
Family Feud,What will you find in a home medicine cabinet?
Family Feud,What woman never forgets about her fiance’s marriage proposal?
Family Feud,What would most people try to buy a husband with if there was a store that just sold husbands?
Family Feud,What would you do if you put hot food in your mouth?
Family Feud,What would you do when you fall sick?
Family Feud,What would you get on a Thanksgiving pizza?
Family Feud,What would you never leave home without?
Family Feud,What’s a thing that only happens once every few years?
Family Feud,What’s an activity that is more fun to do with your partner?
Family Feud,What’s is the most useful and important part of our body that starts with the letter “L”.
Family Feud,What’s something a student might buy that has their school emblem on it?
Family Feud,What’s something a teacher can do to ruin a student’s day?
Family Feud,What’s something first year college students should learn how to do on their own?
Family Feud,What’s something students use in math class?
Family Feud,What’s something students would not want the teacher to catch them doing?
Family Feud,What’s something that a big school student might buy?
Family Feud,What’s something that comes in chunks?
Family Feud,What’s something that is on every mother’s Christmas wish list?
Family Feud,What’s something that kids line up for in school?
Family Feud,What’s something that might get rained out?
Family Feud,What’s something that people have to clean for them?
Family Feud,What’s something that women do when they feel a need for change?
Family Feud,What’s something that you find in the chef’s salad?
Family Feud,What’s something that you see outside and would make you want to stay inside?
Family Feud,What’s the word that you can replace with woman?
Family Feud,When a couple breaks up, what might they want back?
Family Feud,When do kids close their eyes?
Family Feud,When do people start the decoration and preparation for Christmas?
Family Feud,When do people throw a party?
Family Feud,When does your teacher want to talk to your parents?
Family Feud,When jobs around the house might take turns doing?
Family Feud,When would someone need to give a speech?
Family Feud,When you don’t want to go to school, what excuse do you make for an illness?
Family Feud,When you were a child, who could see right through your lies?
Family Feud,When you’re exhausted, what do you want to avoid doing?
Family Feud,Where did the couple go on a date in their fifties and they don’t go anymore?
Family Feud,Where do couples often go for date nights?
Family Feud,Where do kids not want to visit often?
Family Feud,Where do kids spend most of their time nowadays?
Family Feud,Where do people often put their name?
Family Feud,Where do you hide something you wanted to smuggle into prison?
Family Feud,Where do you not have cell phone reception?
Family Feud,Where do you often see husbands standing around waiting for their wives?
Family Feud,Where do you usually see an antenna?
Family Feud,Where people don’t want to wait in line?
Family Feud,Which Halloween costume do adults wear in order to look sexy?
Family Feud,Which Olympic game would you watch more often if it were played in the nude?
Family Feud,Which Thanksgiving item do children make at school?
Family Feud,Which accent do many Americans consider sexy?
Family Feud,Which accent does an American pretend to have in order to sound sexier?
Family Feud,Which activities are scary and fun at the same time?
Family Feud,Which activity you might do with your parents on the weekend?
Family Feud,Which advice do newlyweds often receive?
Family Feud,Which animal is mentioned many times in the Bible?
Family Feud,Which animal would take up most room in Noah’s ark?
Family Feud,Which animal would you see in the zoo?
Family Feud,Which athlete made the news for being involved in a big scandal?
Family Feud,Which band or singer is living or dead with an old CD do you want for holidays?
Family Feud,Which beverage you might drink at a typical party holiday?
Family Feud,Which biblical hero would you most like to have as a friend?
Family Feud,Which book from the Bible is longer than most other books?
Family Feud,Which celebrity has the most plastic surgery done?
Family Feud,Which celebrity is so handsome that he could make a Santa suit look sexy?
Family Feud,Which city can one travel to for the Christmas holiday?
Family Feud,Which city is best known for its nightlife?
Family Feud,Which class has most students in college but not in high school?
Family Feud,Which commandment is the average person most likely to break?
Family Feud,Which complaint do you often hear about your daughter in law?
Family Feud,Which desert people want to eat a lot at Christmas time?
Family Feud,Which dish do people enjoy most during Christmas dinner?
Family Feud,Which do people buy at the last minute of thanksgiving?
Family Feud,Which drink can be served as both hot and cold?
Family Feud,Which drink tastes best when you get chilled or cold?
Family Feud,Which drunk can be served at a Christmas party?
Family Feud,Which famous Christmas animation plays on TV every single year?
Family Feud,Which food comes in the shape of a ring?
Family Feud,Which food do people buy most during the month?
Family Feud,Which food do you eat on Thanksgiving but not during the rest of your life?
Family Feud,Which food frequently goes bad before you get the chance to eat it?
Family Feud,Which food is healthy for you to be eating?
Family Feud,Which food is served with melted butter on top?
Family Feud,Which food often gets judged at a state fair?
Family Feud,Which food on Thanksgiving causes the least damage if thrown out in a fight?
Family Feud,Which food would you make all the leftovers after thanksgiving?
Family Feud,Which fruit reminds you of a part of the human body?
Family Feud,Which game do teenagers often play at parties?
Family Feud,Which game you might play at the Halloween party?
Family Feud,Which gift a child may have for holidays?
Family Feud,Which gift is difficult to wrap up?
Family Feud,Which gift kids don’t want to open on Christmas morning?
Family Feud,Which gift the Three kings brought to baby Jesus?
Family Feud,Which holiday do you celebrate with a lot of food apart from thanksgiving?
Family Feud,Which holiday is more fun for adults than kids?
Family Feud,Which holiday you might get dressed up for?
Family Feud,Which household work do kids hate to do?
Family Feud,Which image is often used in ads at thanksgiving?
Family Feud,Which is a common holiday craft?
Family Feud,Which is a dental procedure that people loathe?
Family Feud,Which is a food that is related to romance?
Family Feud,Which is a modern day holiday movie?
Family Feud,Which is a scary Halloween character?
Family Feud,Which is a superstition related to Halloween?
Family Feud,Which is a thing that is usually made out of rubber?
Family Feud,Which is a thing that makes a haunted house scary?
Family Feud,Which is a thing that people decorate their yards with at Halloween?
Family Feud,Which is a thing that trick-or-treat collects candy in?
Family Feud,Which is a thing that you keep on your office desk?
Family Feud,Which is a thing that you might do on a romantic day with your partner?
Family Feud,Which is a thing that you wish you got at the office?
Family Feud,Which is a type of hoop?
Family Feud,Which is an accessory that is essential to a witch’s costume?
Family Feud,Which is something Snooki might say she is thankful for on Thanksgiving?
Family Feud,Which is something that can grow on feet?
Family Feud,Which is the Halloween prank?
Family Feud,Which is the animal that starts with the letter “M”?
Family Feud,Which is the classic kid movie for Christmas day or celebration?
Family Feud,Which is the famous Halloween cookie cutter shape?
Family Feud,Which is the famous Halloween party decoration?
Family Feud,Which is the famous Halloween treat?
Family Feud,Which is the famous Macy’s Thanksgiving day float or balloon?
Family Feud,Which is the famous superhero male costume?
Family Feud,Which is the first thing that people might start doing after Christmas on December 1st?
Family Feud,Which is the largest country?
Family Feud,Which is the most famous Halloween movie?
Family Feud,Which is the most popular Christmas quote?
Family Feud,Which is the most popular female inspired costume?
Family Feud,Which is the most popular ride at a carnival?
Family Feud,Which is the most popular theme at Halloween dances?
Family Feud,Which is the most popular tradition of Thanksgiving?
Family Feud,Which is the popular black Friday department store?
Family Feud,Which is the scary Halloween sound effect?
Family Feud,Which is the thing that gets tangled?
Family Feud,Which is your favorite activity for burning calories?
Family Feud,Which item a person might ask to bring to Thanksgiving who can’t cook well?
Family Feud,Which item can be found at the North Pole?
Family Feud,Which item would you need to dress up as a Santa Claus?
Family Feud,Which job makes a sex symbol even in initial age?
Family Feud,Which language makes everything sound sexy?
Family Feud,Which magazines have the highest chances to be bought by a teenager?
Family Feud,Which married couple’s marriage you don’t want to emulate?
Family Feud,Which month of the year have most of the baby’s born?
Family Feud,Which movie would you like to invite for Thanksgiving dinner?
Family Feud,Which music style would we be surprised to hear that a teenager listened to?
Family Feud,Which occasion do people forget frequently?
Family Feud,Which occupation do you think is the line in which you might have to hurt someone?
Family Feud,Which occupation has there no room for mistakes?
Family Feud,Which occupation needs a uniform?
Family Feud,Which occupation should a bad driver avoid?
Family Feud,Which occupation should someone with a fear of heights never consider?
Family Feud,Which office responsibility the boss considered to be beneath them?
Family Feud,Which one food you might buy from a cart at the park?
Family Feud,Which part of the body do people see a plastic surgeon about?
Family Feud,Which phrase starts with the word happy?
Family Feud,Which pie filling is often used during the holidays?
Family Feud,Which place do we often find an elevator?
Family Feud,Which place do you think might have a waiting list?
Family Feud,Which place fits a couple to start smooching?
Family Feud,Which place has assigned sitting?
Family Feud,Which place is remaining open on Christmas day?
Family Feud,Which place you might choose for a date who isn’t in a serious relationship?
Family Feud,Which plant do you like to grow in your garden?
Family Feud,Which public place would you like every married couple to show affection to?
Family Feud,Which relatives do you never see during the holidays?
Family Feud,Which romantic movie do people like to rent?
Family Feud,Which sport is played on the field?
Family Feud,Which sports uniform do many men look sexy in?
Family Feud,Which state someone might want to travel to for Christmas?
Family Feud,Which subject do people know lots of trivia about?
Family Feud,Which supply do you think office managers frequently reorder?
Family Feud,Which term is used for the game of bowling?
Family Feud,Which thanksgiving food often comes from a box or can?
Family Feud,Which things do we use until they are worn out?
Family Feud,Which things would you do first if you inherited a million dollars?
Family Feud,Which type of business do people call where they expect to be put on hold?
Family Feud,Which type of event is in the summer Olympics?
Family Feud,Which valve releases blood flow to the lungs?
Family Feud,Which vegetable you can’t eat in one bite?
Family Feud,Which woman’s name is popular today from the Bible?
Family Feud,Which word has a key in it?
Family Feud,Which word has ski in it?
Family Feud,Which word is used more than any other in the Bible?
Family Feud,Which word or phrase is used exclusively by the British?
Family Feud,Which word rhymes perfectly with buckle?
Family Feud,Which word rhymes with honey?
Family Feud,Which work is used to describe the diamonds?
Family Feud,While entering the bathroom, which color do you really want to not see in the toilet bowl?
Family Feud,Who are some of the difficult people to buy gifts for during the Christmas holiday?
Family Feud,Who do you really hope not to run into when you are out on a date?
Family Feud,Who has fangs?
Family Feud,Who is the most popular character on the TV show Friends?
Family Feud,Who played the vampire on the big screen?
Family Feud,Who was present at the first Christmas?
Family Feud,Whom do you want at your wedding but not at the honeymoon?
Family Feud,Whom would you like to buy the Christmas present for?
Family Feud,Why do kids often manage to lose?
Family Feud,Why do most teenagers want to get older?
Family Feud,Why do parents wait to name their baby until they are born?
Family Feud,Why do parents want to know sex of baby later?
Family Feud,Why do people go to work late?
Family Feud,Why do people prefer summer over winter?
Family Feud,Why do people take out a loan?
Family Feud,Why do people wake up in the middle of the night?
Family Feud,Why do you love the summer season?
Family Feud,Why do you want to take your child out of a movie?
Family Feud,Why might a couple fight on their anniversary?
Family Feud,Why might a person wake up at 2:00 in the morning”?
Family Feud,Why might a student have to raise their hand in class?
Family Feud,Why might someone tell you to close your eyes?
Family Feud,Why would a student raise his hands in class?
Family Feud,Without seeing the baby, how will you tell if a couple has a newborn in the house?
Family Feud,You know a guy is really into you if he kisses your what?
Food & Drinks,How do you prefer to start your day: with exercise, coffee, or something else?
Food & Drinks,If a friend was going to throw food at you, what would you choose?
Food & Drinks,If from now on you can only eat one type of food, what would it be?
Food & Drinks,If you could eliminate one food from existence, which would it be?
Food & Drinks,If you could have a dinner party with any three chefs, who would they be?
Food & Drinks,If you could only eat one food for the rest of your life, what would it be?
Food & Drinks,If you had a magical tree that grew any food you wanted, what would you grow?
Food & Drinks,If you had to eat only one cuisine for a month, which would you choose?
Food & Drinks,If you had to pick one food to eat for the rest of your life, what would it be?
Food & Drinks,Name a city with amazing street food.
Food & Drinks,Name a dish that always reminds you of home.
Food & Drinks,Name a dish that reminds you of home.
Food & Drinks,Name a dish that's perfect for a cold day.
Food & Drinks,Name a dish that's perfect for a festive occasion.
Food & Drinks,Name a dish you always order at a restaurant.
Food & Drinks,Name a dish you’d like to learn to cook.
Food & Drinks,Name a drink that you think is overrated.
Food & Drinks,Name a drink that you think is refreshing.
Food & Drinks,Name a fast-food chain.
Food & Drinks,Name a food beginning with H
Food & Drinks,Name a food commonly associated with breakfast.
Food & Drinks,Name a food kids love to eat for breakfast.
Food & Drinks,Name a food that always makes you feel nostalgic.
Food & Drinks,Name a food that is better fried.
Food & Drinks,Name a food that reminds you of your childhood.
Food & Drinks,Name a food that you think is perfect for breakfast.
Food & Drinks,Name a food that you think is too spicy.
Food & Drinks,Name a food that you think is underrated.
Food & Drinks,Name a food that's best enjoyed hot.
Food & Drinks,Name a food that's perfect for a barbecue.
Food & Drinks,Name a food that’s perfect for a picnic.
Food & Drinks,Name a food that’s perfect for sharing.
Food & Drinks,Name a food you can eat at any time of the day.
Food & Drinks,Name a food you could never get tired of eating.
Food & Drinks,Name a food you hated as a kid but now love.
Food & Drinks,Name a food you might eat at Thanksgiving
Food & Drinks,Name a food you might eat at a baseball game.
Food & Drinks,Name a food you think everyone should try.
Food & Drinks,Name a food you think is overrated.
Food & Drinks,Name a fruit that you think is underappreciated.
Food & Drinks,Name a fruit you might eat for breakfast.
Food & Drinks,Name a fruit you might eat in the morning
Food & Drinks,Name a fruit you would never put on a pizza.
Food & Drinks,Name a popular candy bar
Food & Drinks,Name a popular ice cream flavor.
Food & Drinks,Name a popular type of pie
Food & Drinks,Name a tree that has fruit on it.
Food & Drinks,Name a type of cake
Food & Drinks,Name a type of cheese.
Food & Drinks,Name a type of drink you might order at a coffee shop.
Food & Drinks,Name a type of seafood.
Food & Drinks,Name a vegetable that kids refuse to eat
Food & Drinks,Name a vegetable you actually enjoy eating.
Food & Drinks,Name a vegetable you enjoy in a salad.
Food & Drinks,Name a vegetable you might put in a salad.
Food & Drinks,Name a vegetable you think is underrated.
Food & Drinks,Tell me the most important meal of the day.
Food & Drinks,What is the best fruit?
Food & Drinks,What is the best part of a Sunday lunch?
Food & Drinks,What is the best pizza topping?
Food & Drinks,What is the best soup?
Food & Drinks,What is the best type of chocolate: white, milk or dark?
Food & Drinks,What is the stickiest food?
Food & Drinks,What is your favorite thing to put ketchup on?
Food & Drinks,What kind of food would you like to take a bath in?
Food & Drinks,What's your favorite type of bread?
Food & Drinks,What's your favorite type of cheese?
Food & Drinks,What's your favorite type of fruit juice?
Food & Drinks,What's your favorite type of sandwich?
Food & Drinks,What's your favorite type of soup?
Food & Drinks,What’s a food you didn’t like as a child but enjoy now?
Food & Drinks,What’s the best breakfast cereal?
Food & Drinks,What’s the best breakfast drink?
Food & Drinks,What’s the best breakfast food?
Food & Drinks,What’s the best breakfast pastry?
Food & Drinks,What’s the best candy?
Food & Drinks,What’s the best comfort food?
Food & Drinks,What’s the best dessert to have on a hot day?
Food & Drinks,What’s the best dessert?
Food & Drinks,What’s the best fast-food burger?
Food & Drinks,What’s the best fast-food chain?
Food & Drinks,What’s the best ice cream flavor?
Food & Drinks,What’s the best ice cream sundae topping?
Food & Drinks,What’s the best ice cream topping?
Food & Drinks,What’s the best kind of pie?
Food & Drinks,What’s the best movie snack?
Food & Drinks,What’s the best non-alcoholic drink?
Food & Drinks,What’s the best pizza chain?
Food & Drinks,What’s the best pizza topping?
Food & Drinks,What’s the best place to get coffee?
Food & Drinks,What’s the best salad dressing?
Food & Drinks,What’s the best sandwich filling?
Food & Drinks,What’s the best soft drink?
Food & Drinks,What’s the best thing to do at a BBQ?
Food & Drinks,What’s the best thing to drink in the morning?
Food & Drinks,What’s the best thing to put on toast?
Food & Drinks,What’s the best type of bread?
Food & Drinks,What’s the best type of breakfast food?
Food & Drinks,What’s the best type of cake?
Food & Drinks,What’s the best type of cheese?
Food & Drinks,What’s the best type of chocolate?
Food & Drinks,What’s the best type of coffee?
Food & Drinks,What’s the best type of cookie?
Food & Drinks,What’s the best type of cuisine?
Food & Drinks,What’s the best type of pasta?
Food & Drinks,What’s the best type of soup?
Food & Drinks,What’s the best vegetable?
Food & Drinks,What’s the best way to end a meal?
Food & Drinks,What’s the best way to enjoy a cup of coffee?
Food & Drinks,What’s the most delicious dessert?
Food & Drinks,What’s the most expensive meal you’ve ever had?
Food & Drinks,What’s the most memorable meal you’ve had?
Food & Drinks,What’s the most unusual food you’ve tried and liked?
Food & Drinks,What’s the worst food combination?
Food & Drinks,What’s your favorite candy?
Food & Drinks,What’s your favorite comfort food and why?
Food & Drinks,What’s your favorite dessert?
Food & Drinks,What’s your favorite dish to cook at home?
Food & Drinks,What’s your favorite fast food restaurant?
Food & Drinks,What’s your favorite holiday food?
Food & Drinks,What’s your favorite pizza topping?
Food & Drinks,What’s your favorite snack for a movie night?
Food & Drinks,What’s your favorite snack?
Food & Drinks,What’s your favorite type of cheese?
Food & Drinks,What’s your favorite type of cuisine?
Food & Drinks,What’s your favorite type of pasta?
Food & Drinks,What’s your favorite type of sandwich?
Food & Drinks,Which country’s cuisine would you like to explore more?
Food & Drinks,Which dish do you think represents your personality best?
Food & Drinks,Which fast food chain do you think is the best?
Food & Drinks,Which fruit do you think is the messiest to eat?
Food & Drinks,Which ingredient do you think can improve any dish?
Food & Drinks,Which is the best candy to get on Halloween?
Food & Drinks,Which is the most comforting food?
Food & Drinks,Which is the most delicious fruit?
Food & Drinks,Which is the most overrated food?
Food & Drinks,Which meal of the day do you look forward to the most?
Food & Drinks,Which restaurant would you recommend to someone visiting your city?
Food & Drinks,Which vegetable do you dislike the most?
Food & Drinks,Which would take the longest: eating 1,000 grains of basmati rice with chopsticks or swimming 1,000 metres?
Food & Drinks,Would you rather have ice cream,cake or cookies?
General,A bear runs at you. What do you do?
General,How do you approach making decisions that have significant consequences?
General,How do you approach making decisions that impact others?
General,How do you approach networking and building professional relationships?
General,How do you approach the concept of justice?
General,How do you balance professional ambition with personal happiness?
General,How do you balance time between your partner, friends, and family?
General,How do you define success in life?
General,How do you determine what is right and wrong in a difficult situation?
General,How do you determine what is right and wrong in complex situations?
General,How do you handle stress at work?
General,How do you keep in touch with friends who live far away?
General,How do you keep your skills up to date in your field?
General,How do you maintain a healthy work-life balance?
General,How do you make new friends as an adult?
General,How do you manage your digital privacy and security?
General,How do you navigate maintaining relationships with different groups of friends?
General,How do you prefer to celebrate special occasions with loved ones?
General,How do you prioritize your tasks and responsibilities?
General,How do you reconcile personal beliefs with societal expectations?
General,How do you show appreciation for the important people in your life?
General,How do you stay motivated to achieve your personal goals?
General,How do you stay motivated when faced with a challenging project?
General,How do you think AI will impact the job market?
General,How do you think sports can bring communities together?
General,How do you think virtual reality will change the way we live?
General,How many day do you think you could go without washing before people started to notice?
General,How many roads must a man walk down before you all him a man?
General,If you could be any age forever, what age would you choose?
General,If you could change one aspect of your daily routine, what would it be?
General,If you could create magical cupcakes, what power would they give you?
General,If you could go to the Land of Oz, what one thing would you ask the Wizard for?
General,If you could have any job in the world, what would it be?
General,If you could have dinner with any celebrity, who would it be?
General,If you could learn any language what would it be?
General,If you could learn any language, which would it be?
General,If you could meet any historical figure, who would it be?
General,If you could own any car, which would it be?
General,If you could play a character in any movie, who would it be?
General,If you could switch careers tomorrow, what would you choose to do?
General,If you could time travel, which era would you visit?
General,If you could win one, which would you choose: Oscar, Olympic Gold or Nobel Prize?
General,If you had to choose, which would be your preferred life partner: Donald Trump, Boris Johnson or Liz Truss
General,Is it acceptable to leave the house without wearing underwear?
General,Name a Star Wars character.
General,Name a TV character you relate to.
General,Name a TV series you binge-watched.
General,Name a TV show that everyone should watch.
General,Name a TV show that made you laugh out loud.
General,Name a TV show that was cancelled too soon.
General,Name a bank
General,Name a bird that can't fly.
General,Name a body part people often injure.
General,Name a book genre you love.
General,Name a book series you couldn’t put down.
General,Name a book that changed your life.
General,Name a book that made you think deeply.
General,Name a book you’d recommend to everyone.
General,Name a brand of shoe
General,Name a car brand
General,Name a cartoon character
General,Name a celebrity you admire.
General,Name a character from Frozen
General,Name a classic book everyone should read.
General,Name a classic movie you love.
General,Name a color of the rainbow.
General,Name a common household chore
General,Name a common reason people call in sick to work.
General,Name a day you get up early.
General,Name a famous cartoon character
General,Name a famous person you’d like to meet.
General,Name a fictional character you’d like to meet.
General,Name a fictional world you’d like to live in.
General,Name a historical event you wish you could witness.
General,Name a historical figure you'd like to have dinner with.
General,Name a holiday that should last longer.
General,Name a holiday when people decorate their homes.
General,Name a holiday when people exchange gifts.
General,Name a household chore people often put off doing.
General,Name a job in the medical field
General,Name a job that requires a uniform.
General,Name a job you think is fascinating.
General,Name a material you would need to build a treehouse.
General,Name a movie character you’d like to be.
General,Name a movie everyone should see at least once.
General,Name a movie that always makes you cry.
General,Name a movie that always makes you laugh.
General,Name a movie that you’ve seen more than five times.
General,Name a movie with a plot twist you didn't see coming.
General,Name a piece of furniture people commonly have in their bedroom
General,Name a place kids aren’t allowed to touch things.
General,Name a place where you feel most at peace.
General,Name a place where you have to be quiet.
General,Name a place where you need to be quiet.
General,Name a place where you'd love to spend a week.
General,Name a place you might go on a first date.
General,Name a plant someone might grow in their garden.
General,Name a popular Christmas carol.
General,Name a popular fairy tale
General,Name a popular holiday movie
General,Name a popular pet other than a dog.
General,Name a reason a teacher might want to talk to a student’s parents.
General,Name a reason people attend a church service.
General,Name a reason people attend a concert.
General,Name a reason people attend a music festival.
General,Name a reason people buy a bicycle.
General,Name a reason people buy a house.
General,Name a reason people buy a laptop.
General,Name a reason people buy a new car.
General,Name a reason people buy a new outfit.
General,Name a reason people buy a new phone.
General,Name a reason people buy flowers.
General,Name a reason people buy groceries.
General,Name a reason people buy insurance.
General,Name a reason people buy new shoes.
General,Name a reason people buy souvenirs.
General,Name a reason people call 911.
General,Name a reason people call a plumber.
General,Name a reason people call customer service.
General,Name a reason people celebrate.
General,Name a reason people get a dog.
General,Name a reason people get a haircut.
General,Name a reason people get a loan.
General,Name a reason people get a membership.
General,Name a reason people get a pet.
General,Name a reason people get married.
General,Name a reason people get stuck in traffic.
General,Name a reason people give for not exercising.
General,Name a reason people give for not going to a party.
General,Name a reason people go fishing.
General,Name a reason people go hiking.
General,Name a reason people go on vacation.
General,Name a reason people go to a basketball game.
General,Name a reason people go to a book club.
General,Name a reason people go to a bookstore.
General,Name a reason people go to a brewery.
General,Name a reason people go to a car dealership.
General,Name a reason people go to a car wash.
General,Name a reason people go to a casino.
General,Name a reason people go to a coffee shop.
General,Name a reason people go to a comedy show.
General,Name a reason people go to a dance class.
General,Name a reason people go to a family reunion.
General,Name a reason people go to a farm.
General,Name a reason people go to a fishing trip.
General,Name a reason people go to a flower shop.
General,Name a reason people go to a garden center.
General,Name a reason people go to a gym.
General,Name a reason people go to a hardware store.
General,Name a reason people go to a karaoke bar.
General,Name a reason people go to a meditation retreat.
General,Name a reason people go to a museum.
General,Name a reason people go to a music concert.
General,Name a reason people go to a music store.
General,Name a reason people go to a nightclub.
General,Name a reason people go to a park.
General,Name a reason people go to a pet store.
General,Name a reason people go to a poetry reading.
General,Name a reason people go to a sports bar.
General,Name a reason people go to a tech store.
General,Name a reason people go to a theme park.
General,Name a reason people go to a toy store.
General,Name a reason people go to a wine tasting.
General,Name a reason people go to a workshop.
General,Name a reason people go to school.
General,Name a reason people go to the bank.
General,Name a reason people go to the dentist.
General,Name a reason people go to the doctor.
General,Name a reason people go to the farmer's market.
General,Name a reason people go to the gym.
General,Name a reason people go to the library.
General,Name a reason people go to the mall.
General,Name a reason people go to the movies.
General,Name a reason people go to the park.
General,Name a reason people have a garage sale.
General,Name a reason people host a party.
General,Name a reason people join a club.
General,Name a reason people join a gym.
General,Name a reason people join a sports team.
General,Name a reason people move to a new city.
General,Name a reason people plant a garden.
General,Name a reason people play video games.
General,Name a reason people quit their job.
General,Name a reason people read the newspaper.
General,Name a reason people save money.
General,Name a reason people shop at a farmers' market.
General,Name a reason people shop online.
General,Name a reason people start a new hobby.
General,Name a reason people stay up late.
General,Name a reason people take a bus.
General,Name a reason people take a cooking class.
General,Name a reason people take a day off work.
General,Name a reason people take a language class.
General,Name a reason people take a nap.
General,Name a reason people take a taxi.
General,Name a reason people take a vacation.
General,Name a reason people take a walk.
General,Name a reason people take a weekend trip.
General,Name a reason people take a yoga class.
General,Name a reason people take out a loan.
General,Name a reason people take out a mortgage.
General,Name a reason people take photos.
General,Name a reason people take public transportation.
General,Name a reason people take their car to the mechanic.
General,Name a reason people use a GPS.
General,Name a reason people use a calendar.
General,Name a reason people use a computer.
General,Name a reason people use a flashlight.
General,Name a reason people use a library.
General,Name a reason people use a microwave.
General,Name a reason people use a notepad.
General,Name a reason people use a smartphone.
General,Name a reason people use a water bottle.
General,Name a reason people use an alarm clock.
General,Name a reason people use an elevator.
General,Name a reason people use public transport.
General,Name a reason people visit a botanical garden.
General,Name a reason people visit a city park.
General,Name a reason people visit a historical site.
General,Name a reason people visit a museum.
General,Name a reason people visit a national park.
General,Name a reason people visit a new city.
General,Name a reason people visit a new restaurant.
General,Name a reason people visit a ski resort.
General,Name a reason people visit a spa.
General,Name a reason people visit a theme park.
General,Name a reason people visit a winery.
General,Name a reason people visit a zoo.
General,Name a reason people visit an amusement park.
General,Name a reason people visit an art gallery.
General,Name a reason people visit the doctor.
General,Name a reason people volunteer.
General,Name a reason people wake up in the middle of the night.
General,Name a reason people watch the news.
General,Name a reason people wear gloves.
General,Name a reason people wear hats.
General,Name a reason people wear sunglasses.
General,Name a reason someone might be late for work.
General,Name a reason someone might be up at 2 in the morning.
General,Name a reason someone might cancel plans at the last minute.
General,Name a reason someone might need a lawyer.
General,Name a scent that always makes you happy.
General,Name a skill you wish you had.
General,Name a social media platform
General,Name a song that always gets stuck in your head.
General,Name a song that always lifts your spirits.
General,Name a song that always makes you emotional.
General,Name a song that always makes you happy.
General,Name a song that always makes you want to sing along.
General,Name a song that makes you feel nostalgic.
General,Name a song that reminds you of summer.
General,Name a sound you might hear if you were near a barn.
General,Name a talent you wish you had.
General,Name a tradition you love.
General,Name a type of ball you might play with for fun.
General,Name a type of book you might find in a library.
General,Name a type of clothing people wear in the winter.
General,Name a type of clothing people wear to the gym.
General,Name a type of flower
General,Name a way people get from one place to another.
General,Name a way people try to save money.
General,Name a well-known dinosaur.
General,Name a word that rhymes with “honey.”
General,Name a word that you think is fun to say.
General,Name an animal that would be very quiet if you kept it as a pet.
General,Name an animal that would make a horrible pet.
General,Name an animal you might see on a farm.
General,Name an excuse you might tell for why you don’t have your homework.
General,Name an occupation in which you might wear a hat. Name something you might climb
General,Name something a bug might do.
General,Name something a kid might do right before going to bed.
General,Name something a person does when he/she feels happy
General,Name something an astronaut sees in space.
General,Name something associated with Halloween.
General,Name something associated with a princess.
General,Name something associated with pirates.
General,Name something cold.
General,Name something hot.
General,Name something kids lose a lot.
General,Name something kids love about summer.
General,Name something kids throw at each other.
General,Name something parents tell their children not to touch.
General,Name something people are often afraid of
General,Name something people do at a Halloween party.
General,Name something people do at a New Year's Eve party.
General,Name something people do at a amusement park.
General,Name something people do at a baby shower.
General,Name something people do at a barbecue.
General,Name something people do at a birthday party.
General,Name something people do at a block party.
General,Name something people do at a bonfire.
General,Name something people do at a bridal shower.
General,Name something people do at a charity event.
General,Name something people do at a community center.
General,Name something people do at a concert.
General,Name something people do at a cooking competition.
General,Name something people do at a craft fair.
General,Name something people do at a dance recital.
General,Name something people do at a fair.
General,Name something people do at a family gathering.
General,Name something people do at a family picnic.
General,Name something people do at a family reunion.
General,Name something people do at a festival.
General,Name something people do at a game night.
General,Name something people do at a graduation ceremony.
General,Name something people do at a graduation party.
General,Name something people do at a graduation.
General,Name something people do at a holiday dinner.
General,Name something people do at a holiday party.
General,Name something people do at a movie marathon.
General,Name something people do at a movie night.
General,Name something people do at a party.
General,Name something people do at a picnic.
General,Name something people do at a pool party.
General,Name something people do at a pool.
General,Name something people do at a retirement party.
General,Name something people do at a reunion.
General,Name something people do at a sleepover.
General,Name something people do at a spa.
General,Name something people do at a theme park.
General,Name something people do at a wedding.
General,Name something people do at a wine tasting.
General,Name something people do at the beach.
General,Name something people do at the gym.
General,Name something people do in a swimming pool.
General,Name something people do in the morning before work.
General,Name something people do in the morning.
General,Name something people do on New Year's Eve.
General,Name something people do on a Saturday.
General,Name something people do on a Sunday.
General,Name something people do on a date.
General,Name something people do on a holiday.
General,Name something people do on a hot day.
General,Name something people do on a rainy day.
General,Name something people do on a road trip.
General,Name something people do on a snowy day.
General,Name something people do on their birthday.
General,Name something people do on their lunch break.
General,Name something people do to relax
General,Name something people do to relax.
General,Name something people lose often
General,Name something people often lose.
General,Name something people write with.
General,Name something that always makes you laugh.
General,Name something that melts when it gets hot.
General,Name something that usually comes in pairs.
General,Name something that’s better when it’s homemade.
General,Name something you always forget to pack when traveling.
General,Name something you associate with Christmas.
General,Name something you can find in a cave.
General,Name something you do before going to bed.
General,Name something you do when you are bored.
General,Name something you do when you are sick.
General,Name something you hate doing but have to do.
General,Name something you have to charge regularly.
General,Name something you lose as you get older.
General,Name something you might bring on a picnic.
General,Name something you might do at a park.
General,Name something you might do to prepare for a vacation.
General,Name something you might do when you wake up late for work.
General,Name something you might find at a library.
General,Name something you might find at a yard sale.
General,Name something you might find in a backpack.
General,Name something you might find in a basement.
General,Name something you might find in a bathroom.
General,Name something you might find in a bedroom closet.
General,Name something you might find in a briefcase.
General,Name something you might find in a car trunk.
General,Name something you might find in a car.
General,Name something you might find in a child's backpack.
General,Name something you might find in a child's bedroom.
General,Name something you might find in a classroom.
General,Name something you might find in a diaper bag.
General,Name something you might find in a dining room.
General,Name something you might find in a doctor's office.
General,Name something you might find in a first aid kit.
General,Name something you might find in a fishing tackle box.
General,Name something you might find in a garage sale.
General,Name something you might find in a garage.
General,Name something you might find in a glove compartment.
General,Name something you might find in a gym bag.
General,Name something you might find in a gym locker.
General,Name something you might find in a haunted house.
General,Name something you might find in a home office.
General,Name something you might find in a hospital room.
General,Name something you might find in a hospital.
General,Name something you might find in a hotel room.
General,Name something you might find in a junk drawer.
General,Name something you might find in a junkyard.
General,Name something you might find in a kitchen cabinet.
General,Name something you might find in a laundry room.
General,Name something you might find in a living room.
General,Name something you might find in a makeup bag.
General,Name something you might find in a medicine cabinet.
General,Name something you might find in a music studio.
General,Name something you might find in a nursery.
General,Name something you might find in a pantry.
General,Name something you might find in a picnic basket.
General,Name something you might find in a purse.
General,Name something you might find in a recycling bin.
General,Name something you might find in a refrigerator.
General,Name something you might find in a school classroom.
General,Name something you might find in a school locker.
General,Name something you might find in a sewing kit.
General,Name something you might find in a suitcase.
General,Name something you might find in a teenager's room.
General,Name something you might find in a toolbox.
General,Name something you might find in a toy box.
General,Name something you might find in a travel bag.
General,Name something you might find in a workshop.
General,Name something you might find on a desk.
General,Name something you might put on a salad.
General,Name something you might put on your hamburger.
General,Name something you might see at a bakery.
General,Name something you might see at a beach.
General,Name something you might see at a car show.
General,Name something you might see at a circus.
General,Name something you might see at a concert.
General,Name something you might see at a construction site.
General,Name something you might see at a farm.
General,Name something you might see at a farmer's market.
General,Name something you might see at a fashion show.
General,Name something you might see at a flea market.
General,Name something you might see at a garage sale.
General,Name something you might see at a horse stable.
General,Name something you might see at a marathon.
General,Name something you might see at a museum.
General,Name something you might see at a parade.
General,Name something you might see at a sports event.
General,Name something you might see at a wedding.
General,Name something you might see at a zoo.
General,Name something you might see at an airport.
General,Name something you might see at an aquarium.
General,Name something you might see at the beach.
General,Name something you might see in a garden.
General,Name something you might see in a hospital.
General,Name something you might see in a movie theater.
General,Name something you might see in a sandwich.
General,Name something you might see in a science lab.
General,Name something you might see in an old deserted mansion.
General,Name something you might see on a treasure map.
General,Name something you might see out on the ocean.
General,Name something you might spread on toast.
General,Name something you never want to find in your restaurant food.
General,Name something you really don’t want to find in the dark.
General,Name something you really don’t want to see when you open your closet.
General,Name something you take with you to the beach.
General,Name something you wish you were better at.
General,Name something you would put in a bath.
General,Name something you would see at a carnival.
General,Name something you wouldn’t want to buy used.
General,Name something you’re told to do while you dance the Hokey Pokey.
General,Name the most expensive item in a person’s home.
General,Tell me a word that rhymes with power"".""
General,Tell me something a person might do once a week.
General,There are two people tied to a rail track. On an adjacent track there is one person tied to it. The train is coming down the track heading straight for the two people. If you pull a level, the train will change track and kill the one person on the adjacent track. Do you pull the switch and have a hand in killing someone or choose not to intervene?
General,Toilet roll: should the loose sheet be on the outside away from the wall or on the inside nearer the wall?
General,What do you like to do most when you go to a playground?
General,What do you think is the loudest animal?
General,What is a house that you never want to be in.
General,What is something related to vampires.
General,What is the best decade for music?
General,What is the best part of November 5th: the bonfire or the fireworks?
General,What is the maximum number of days that you can wear socks without washing them?
General,What is the most popular social media platform?
General,What is the smallest number of cows that you can still call a herd?
General,What is your least favorite season?
General,What kind of car do you want when you’re older?
General,What might wake a young person up in the morning?
General,What tech gadget do you think will be obsolete in the next ten years?
General,What would be your preferred pet: a python or a tarantula?
General,What would you rather: run around the street naked, take a selfie of yourself on the toilet and post it on social media, or have someone slap you hard across the face?
General,What's the best superpower to have?
General,What's the best way to celebrate a friend's achievement?
General,What's the best way to celebrate a milestone birthday?
General,What's the best way to celebrate a personal achievement?
General,What's the best way to celebrate a success at work?
General,What's the best way to enjoy a good book?
General,What's the best way to enjoy a weekend getaway?
General,What's the best way to keep cool indoors?
General,What's the best way to keep your home organized?
General,What's the best way to keep your mind sharp?
General,What's the best way to learn a new skill?
General,What's the best way to learn about different cultures?
General,What's the best way to make someone feel special?
General,What's the best way to relax after a long day?
General,What's the best way to show kindness to others?
General,What's the best way to spend a holiday morning?
General,What's the best way to spend a public holiday?
General,What's the best way to spend an afternoon with family?
General,What's the best way to spend an evening with friends?
General,What's the best way to spend time outdoors?
General,What's the best way to start a healthy habit?
General,What's the best way to start a new project?
General,What's the best way to stay fit and healthy?
General,What's the best way to stay hydrated?
General,What's the best way to stay motivated throughout the day?
General,What's the best way to stay positive?
General,What's the best way to wake up in the morning?
General,What's the slippiest thing in the world?
General,What's the weirdest looking animal?
General,What's your favorite animal?
General,What's your favorite thing about staying at home?
General,What's your favorite thing about the beach?
General,What's your favorite thing about your favorite season?
General,What's your favorite thing to do at a fair?
General,What's your favorite thing to do at a park?
General,What's your favorite thing to do in a forest?
General,What's your favorite thing to do in the snow?
General,What's your favorite thing to do on a rainy night?
General,What's your favorite type of outdoor adventure?
General,What's your favorite way to celebrate a special occasion?
General,What's your favorite way to enjoy a summer evening?
General,What's your favorite way to spend a cozy evening?
General,What's your favorite way to spend a lazy afternoon?
General,What's your favorite way to spend a relaxing day?
General,What's your favorite way to spend a sunny morning?
General,What's your favorite way to spend a winter afternoon?
General,What's your favorite way to unwind on the weekend?
General,What’s a book or movie that has influenced your lifestyle choices?
General,What’s a career milestone you’re working towards?
General,What’s a career risk you took that paid off?
General,What’s a change you’ve made in your life that you’re proud of?
General,What’s a classic movie you’ve never seen but want to?
General,What’s a documentary that you found particularly insightful?
General,What’s a gadget you bought that turned out to be completely useless?
General,What’s a goal you’ve set for yourself this year?
General,What’s a memorable experience you’ve had with a friend?
General,What’s a memorable piece of advice you’ve received from a family member?
General,What’s a moral principle you try to live by?
General,What’s a movie that always makes you laugh?
General,What’s a philosophical book or idea that has impacted you?
General,What’s a philosophical concept that you find particularly compelling?
General,What’s a philosophical question that keeps you up at night?
General,What’s a piece of technology you wish had never been invented?
General,What’s a professional achievement you’re most proud of?
General,What’s a quality you admire in your partner or best friend?
General,What’s a quality you most appreciate in a friend?
General,What’s a skill you’d like to develop further?
General,What’s a technological invention you think will be common in 50 years?
General,What’s a tradition you have with your family or friends?
General,What’s a value that guides your daily actions?
General,What’s a value you consider essential in your life?
General,What’s an activity you enjoy doing with your friends or family?
General,What’s an ethical dilemma you think everyone should consider?
General,What’s an important lesson you’ve learned about relationships?
General,What’s one habit you’ve adopted that has significantly improved your life?
General,What’s something you can do that is good for the environment?
General,What’s something you might close your eyes to do?
General,What’s something you might find on the ground of a messy bedroom.
General,What’s something you only wear for special events?
General,What’s the best Disney movie?
General,What’s the best TV series finale?
General,What’s the best TV show character?
General,What’s the best TV show of all time?
General,What’s the best YouTube channel?
General,What’s the best advice you’ve ever received?
General,What’s the best amusement park ride?
General,What’s the best app on your phone?
General,What’s the best book genre?
General,What’s the best book you’ve ever read?
General,What’s the best book you’ve read recently?
General,What’s the best book-to-movie adaptation?
General,What’s the best childhood cartoon?
General,What’s the best childhood memory?
General,What’s the best childhood toy?
General,What’s the best day of the week?
General,What’s the best gift you’ve ever received?
General,What’s the best movie genre?
General,What’s the best movie of the 21st century?
General,What’s the best movie sequel?
General,What’s the best pet to have?
General,What’s the best pet?
General,What’s the best piece of advice you’ve received about your career?
General,What’s the best place to go on a first date?
General,What’s the best season of the year?
General,What’s the best subject in school?
General,What’s the best subject?
General,What’s the best thing about autumn?
General,What’s the best thing about being a kid?
General,What’s the best thing about fall?
General,What’s the best thing about holidays?
General,What’s the best thing about spring?
General,What’s the best thing about summer?
General,What’s the best thing about the weekend?
General,What’s the best thing about winter?
General,What’s the best thing about your hometown?
General,What’s the best thing to do at a party?
General,What’s the best thing to do at the beach?
General,What’s the best thing to do in the snow?
General,What’s the best thing to do on a Saturday night?
General,What’s the best thing to do on a Sunday?
General,What’s the best thing to do on a long weekend?
General,What’s the best thing to do on a snow day?
General,What’s the best thing to do on a sunny day?
General,What’s the best thing to do when bored?
General,What’s the best thing to do with friends?
General,What’s the best thing to watch on Netflix?
General,What’s the best type of music?
General,What’s the best video game of all time?
General,What’s the best way to celebrate a birthday?
General,What’s the best way to celebrate a holiday?
General,What’s the best way to celebrate a milestone?
General,What’s the best way to celebrate a success?
General,What’s the best way to celebrate an achievement?
General,What’s the best way to celebrate your birthday?
General,What’s the best way to cheer someone up?
General,What’s the best way to cheer up a friend?
General,What’s the best way to cool off on a hot day?
General,What’s the best way to deal with stress?
General,What’s the best way to end the day?
General,What’s the best way to enjoy a day off?
General,What’s the best way to enjoy nature?
General,What’s the best way to handle a disagreement with someone close to you?
General,What’s the best way to learn something new?
General,What’s the best way to make a good first impression?
General,What’s the best way to make a new friend?
General,What’s the best way to make friends?
General,What’s the best way to make new friends?
General,What’s the best way to make someone smile?
General,What’s the best way to prepare for an exam?
General,What’s the best way to relax on the weekend?
General,What’s the best way to relax?
General,What’s the best way to save money?
General,What’s the best way to show appreciation?
General,What’s the best way to spend a Friday night?
General,What’s the best way to spend a Saturday night?
General,What’s the best way to spend a Sunday?
General,What’s the best way to spend a birthday?
General,What’s the best way to spend a holiday with family?
General,What’s the best way to spend a holiday with friends?
General,What’s the best way to spend a holiday?
General,What’s the best way to spend a lazy day?
General,What’s the best way to spend a rainy afternoon?
General,What’s the best way to spend a rainy day?
General,What’s the best way to spend a summer evening?
General,What’s the best way to spend a sunny day?
General,What’s the best way to spend a weekend?
General,What’s the best way to spend a winter evening?
General,What’s the best way to spend an afternoon?
General,What’s the best way to spend an evening at home?
General,What’s the best way to spend time alone?
General,What’s the best way to spend time with family?
General,What’s the best way to start a new year?
General,What’s the best way to start the day?
General,What’s the best way to start your morning?
General,What’s the best way to stay active?
General,What’s the best way to stay cool in the summer?
General,What’s the best way to stay fit?
General,What’s the best way to stay healthy?
General,What’s the best way to stay motivated?
General,What’s the best way to stay organized?
General,What’s the best way to unwind after a long week?
General,What’s the best way to unwind after work?
General,What’s the coolest place you’ve ever visited?
General,What’s the first thing you do when you arrive in a new place?
General,What’s the first thing you do when you wake up?
General,What’s the most addictive TV show?
General,What’s the most annoying sound in the world?
General,What’s the most beautiful beach you’ve been to?
General,What’s the most beautiful natural wonder?
General,What’s the most beautiful place you’ve ever seen?
General,What’s the most boring task in the world?
General,What’s the most challenging project you’ve worked on?
General,What’s the most delicious smell?
General,What’s the most embarrassing moment you’ve had?
General,What’s the most entertaining TV show?
General,What’s the most important lesson you’ve learned from a mentor?
General,What’s the most important thing in life?
General,What’s the most inspiring movie you’ve seen?
General,What’s the most interesting fact you know?
General,What’s the most interesting historical figure?
General,What’s the most interesting science fact you know?
General,What’s the most memorable live performance you’ve attended?
General,What’s the most overrated movie you’ve seen?
General,What’s the most overused phrase?
General,What’s the most physically challenging activity you’ve done?
General,What’s the most popular color?
General,What’s the most relaxing place you’ve ever been?
General,What’s the most rewarding aspect of your job?
General,What’s the most useful app on your phone?
General,What’s the most useful invention ever made?
General,What’s the worst chore to do?
General,What’s the worst habit someone can have?
General,What’s the worst household chore?
General,What’s the worst movie you’ve ever seen?
General,What’s the worst thing about winter?
General,What’s the worst thing to do on a first date?
General,What’s the worst thing to step on barefoot?
General,What’s the worst way to be woken up?
General,What’s the worst way to break the news to someone?
General,What’s the worst way to end a conversation?
General,What’s the worst way to ruin a good day?
General,What’s the worst way to spend a day off?
General,What’s the worst way to spend a weekend?
General,What’s the worst way to start the day?
General,What’s your favorite animated movie?
General,What’s your favorite book of all time?
General,What’s your favorite book?
General,What’s your favorite childhood game?
General,What’s your favorite childhood memory?
General,What’s your favorite color?
General,What’s your favorite holiday activity?
General,What’s your favorite holiday tradition?
General,What’s your favorite holiday?
General,What’s your favorite old-school piece of technology that you still use?
General,What’s your favorite outdoor activity?
General,What’s your favorite piece of tech from a science fiction movie or book?
General,What’s your favorite thing about autumn?
General,What’s your favorite thing about being outdoors?
General,What’s your favorite thing about fall?
General,What’s your favorite thing about spring?
General,What’s your favorite thing about summer?
General,What’s your favorite thing about winter?
General,What’s your favorite thing to do at the beach?
General,What’s your favorite thing to do in the snow?
General,What’s your favorite thing to do in your free time?
General,What’s your favorite thing to do on a rainy day?
General,What’s your favorite thing to do on a warm day?
General,What’s your favorite thing to do with friends?
General,What’s your favorite tv show?
General,What’s your favorite type of movie?
General,What’s your favorite type of music?
General,What’s your favorite type of weather?
General,What’s your favorite way to enjoy music?
General,What’s your favorite way to spend a Sunday?
General,What’s your favorite way to spend a holiday weekend?
General,What’s your favorite way to spend a quiet evening?
General,What’s your favorite way to spend a weekend?
General,What’s your favorite way to unwind after a busy day?
General,What’s your favorite way to unwind after work?
General,What’s your strategy for dealing with difficult colleagues or clients?
General,Which TV series finale do you think was the most satisfying?
General,Which TV show do you think has the best soundtrack?
General,Which TV show had the most satisfying ending, in your opinion?
General,Which activity helps you relax the most?
General,Which actor or actress would you cast to play you in a biographical film?
General,Which actor or actress would you love to have dinner with?
General,Which aspect of your daily routine do you enjoy the most?
General,Which athlete’s story do you find the most inspiring?
General,Which book adaptation into a movie or TV series was the most disappointing to you?
General,Which book would you love to see turned into a movie or TV series?
General,Which ethical dilemma do you find the most challenging to navigate?
General,Which fictional world would you most like to visit?
General,Which habit do you think has the most positive impact on your mental health?
General,Which holiday is the most fun?
General,Which interest have you had the longest?
General,Which interest of yours do you find the most fulfilling?
General,Which is the best animal to see at the zoo?
General,Which is the best animated TV show?
General,Which is the best animated movie?
General,Which is the best day of the week?
General,Which is the best month of the year?
General,Which is the best planet in our solar system?
General,Which is the best season for outdoor activities?
General,Which is the best way to end a long day?
General,Which is the best way to enjoy a movie?
General,Which is the best way to keep warm in winter?
General,Which is the best way to show someone you care?
General,Which is the cutest animal?
General,Which is the cutest insect?
General,Which is the fastest animal?
General,Which is the funniest TV show?
General,Which is the funniest animal?
General,Which is the most adventurous thing you’ve done?
General,Which is the most annoying insect?
General,Which is the most beautiful animal in the ocean?
General,Which is the most beautiful flower?
General,Which is the most beautiful garden you've visited?
General,Which is the most beautiful language?
General,Which is the most beautiful piece of art you’ve seen?
General,Which is the most beautiful season of the year?
General,Which is the most beautiful tree?
General,Which is the most boring subject in school?
General,Which is the most captivating TV documentary series?
General,Which is the most captivating TV drama series?
General,Which is the most colorful animal?
General,Which is the most comfortable piece of clothing you own?
General,Which is the most dangerous animal?
General,Which is the most dangerous place you’ve visited?
General,Which is the most difficult decision you’ve made?
General,Which is the most entertaining book genre?
General,Which is the most entertaining book you’ve read?
General,Which is the most exciting event you’ve attended?
General,Which is the most exciting festival you've attended?
General,Which is the most exciting thing you’ve ever done?
General,Which is the most fascinating TV series about nature?
General,Which is the most fascinating ancient civilization?
General,Which is the most fascinating place you've traveled to?
General,Which is the most fascinating place you’ve visited?
General,Which is the most fun activity to do in the snow?
General,Which is the most graceful animal?
General,Which is the most impressive building you've been inside?
General,Which is the most impressive building you’ve seen?
General,Which is the most inspiring book you've read?
General,Which is the most inspiring person you know?
General,Which is the most inspiring quote you know?
General,Which is the most interesting animal you've seen in a zoo?
General,Which is the most interesting animal you've seen in the wild?
General,Which is the most interesting animal?
General,Which is the most interesting documentary you've watched?
General,Which is the most interesting documentary you’ve seen?
General,Which is the most interesting job you can think of?
General,Which is the most interesting museum you’ve visited?
General,Which is the most intriguing mystery you’ve read about?
General,Which is the most intriguing place you've read about?
General,Which is the most luxurious item you own?
General,Which is the most majestic animal?
General,Which is the most memorable concert you’ve attended?
General,Which is the most mysterious place on Earth?
General,Which is the most picturesque place you’ve been?
General,Which is the most romantic place you’ve visited?
General,Which is the most satisfying job you’ve had?
General,Which is the most stylish piece of clothing you own?
General,Which is the most thrilling amusement park ride?
General,Which is the most underrated movie?
General,Which is the most unique gift you’ve received?
General,Which is the most unique museum you've visited?
General,Which is the most unusual place you’ve visited?
General,Which is the most useful skill to have?
General,Which is the most vibrant market you've visited?
General,Which is the scariest animal?
General,Which is the scariest movie you’ve ever seen?
General,Which is the smartest animal?
General,Which is the ugliest animal?
General,Which pet is better: dog or cat?
General,Which piece of technology has had the biggest impact on your daily life?
General,Which place have you visited that you think everyone should see at least once?
General,Which produces the better sound: a saxophone, acoustic guitar or harmonica?
General,Which season is the best?
General,Which skill has been the most valuable in your professional life?
General,Which social media platform do you think has the most potential for positive change?
General,Which social media platform do you use the most?
General,Which superhero is the coolest?
General,Which team do you support and why?
General,Which tech company do you think is the most innovative?
General,Which technology trend are you most excited about?
General,Which tradition do you think is most important to maintain in relationships?
General,Who do you wish lived in our world: Batman, Wonder Woman or Spiderman?
General,Who is an athlete you admire and why?
General,Who is the funniest character on The Big Bang Theory: Leonard, Howard or Raj?
General,Who would win in a fight between Pinocchio and Little Red Riding Hood?
General,Whos’ the best superhero?
General,Who’s the best princess?
General,Would you have a statue of yourself or a painting of yourself?
General,Would you rather be a pirate, a con artist or a bank robber?
General,Would you rather climb a building without a rope, be on a plane with a drunk pilot, or ride a unicycle down a steep hill?
General,Would you rather have a pet unicorn, sloth or dragon?
General,Would you rather have a popsicle or a pickle or peanuts?
General,Would you rather live on the antarctic for a month or on the international space station for three months?
General,Would you rather live someplace that's warm all the time or someplace where there's always snow on the ground?
General,Would you rather ride a horse,, motorcycle or in a convertible?
Hobbies & Activities,How do you choose which new hobbies to try?
Hobbies & Activities,How do you find time for your hobbies amidst a busy schedule?
Hobbies & Activities,How do you incorporate fitness into your daily routine?
Hobbies & Activities,How do you share your hobbies with others?
Hobbies & Activities,How do you stay motivated to keep up with your fitness routine?
Hobbies & Activities,How do your hobbies influence your daily life?
Hobbies & Activities,If you could play any instrument what would it be?
Hobbies & Activities,Name a famous painting.
Hobbies & Activities,Name a hobby beginning with K
Hobbies & Activities,Name a hobby people have.
Hobbies & Activities,Name a hobby that helps you relax.
Hobbies & Activities,Name a hobby that involves being outdoors.
Hobbies & Activities,Name a hobby that involves collecting things.
Hobbies & Activities,Name a hobby that involves creativity.
Hobbies & Activities,Name a hobby that involves water.
Hobbies & Activities,Name a hobby that requires patience.
Hobbies & Activities,Name a hobby that you can do indoors.
Hobbies & Activities,Name a hobby you can do alone.
Hobbies & Activities,Name a hobby you can do as a family.
Hobbies & Activities,Name a hobby you can do in summer.
Hobbies & Activities,Name a hobby you can do in winter.
Hobbies & Activities,Name a hobby you'd like to try.
Hobbies & Activities,Name a hobby you’ve always wanted to pick up.
Hobbies & Activities,Name a popular board game.
Hobbies & Activities,Name a popular sport
Hobbies & Activities,Name a popular video game genre.
Hobbies & Activities,Name a popular video game.
Hobbies & Activities,Name a song that makes you want to dance.
Hobbies & Activities,Name a specific card game.
Hobbies & Activities,Name a sport played on a court.
Hobbies & Activities,Name a sport played on a field.
Hobbies & Activities,Name a sport that requires a lot of endurance.
Hobbies & Activities,Name a sport you enjoy watching.
Hobbies & Activities,Name a sport you think is underrated.
Hobbies & Activities,Name a sport you’ve never played but would like to try.
Hobbies & Activities,Name a type of art people create at home.
Hobbies & Activities,Name a type of craft people enjoy.
Hobbies & Activities,Name a type of dancing
Hobbies & Activities,Name a type of exercise people do at home.
Hobbies & Activities,Name a type of exercise you enjoy.
Hobbies & Activities,Name a type of martial art.
Hobbies & Activities,Name a type of music people dance to.
Hobbies & Activities,Name a type of yoga people practice.
Hobbies & Activities,What hobby would you pick up if you had unlimited free time?
Hobbies & Activities,What is the most popular outdoor activity?
Hobbies & Activities,What sport can be played anywhere?
Hobbies & Activities,What sport do most kids grow up playing?
Hobbies & Activities,What's a childhood game you'd love to play again?
Hobbies & Activities,What's a good hobby for rainy days?
Hobbies & Activities,What's a hobby that also makes you money?
Hobbies & Activities,What's a hobby that can be both relaxing and challenging?
Hobbies & Activities,What's a hobby that connects people?
Hobbies & Activities,What's a hobby that teaches valuable life skills?
Hobbies & Activities,What's a team sport you'd like to join?
Hobbies & Activities,What's the best hobby for mental health?
Hobbies & Activities,What's the best outdoor hobby?
Hobbies & Activities,What's the most competitive sport?
Hobbies & Activities,What's the most dangerous sport?
Hobbies & Activities,What's the most popular hobby among teenagers?
Hobbies & Activities,What's the most popular sport in the world?
Hobbies & Activities,What's your favorite way to enjoy your favorite hobby?
Hobbies & Activities,What's your go-to activity when you're bored?
Hobbies & Activities,What’s a fitness goal you’re currently working towards?
Hobbies & Activities,What’s a fitness trend you’ve tried and liked?
Hobbies & Activities,What’s a hobby you had as a child that you’d like to pick up again?
Hobbies & Activities,What’s a hobby you’d like to spend more time on?
Hobbies & Activities,What’s a hobby you’ve always wanted to learn?
Hobbies & Activities,What’s a hobby you’ve recently picked up and enjoyed?
Hobbies & Activities,What’s a sport you’ve always wanted to try but haven’t yet?
Hobbies & Activities,What’s the best board game?
Hobbies & Activities,What’s the best hobby?
Hobbies & Activities,What’s the best sport to watch on TV?
Hobbies & Activities,What’s the best way to start a new hobby?
Hobbies & Activities,What’s the most exciting sport to watch?
Hobbies & Activities,What’s the most interesting thing you’ve learned from a hobby?
Hobbies & Activities,What’s the most interesting thing you’ve learned from your hobbies?
Hobbies & Activities,What’s the most rewarding hobby?
Hobbies & Activities,What’s your favorite board game to play with family?
Hobbies & Activities,What’s your favorite board game?
Hobbies & Activities,What’s your favorite form of exercise?
Hobbies & Activities,What’s your favorite sports team?
Hobbies & Activities,What’s your favorite type of exercise?
Hobbies & Activities,What’s your favorite way to exercise?
Hobbies & Activities,What’s your favorite way to recover after a workout?
Hobbies & Activities,Which hobby brings you the most joy?
Hobbies & Activities,Which hobby do you think everyone should try at least once?
Hobbies & Activities,Which hobby do you wish you had started earlier?
Hobbies & Activities,Which hobby helps you unwind after a long day?
Hobbies & Activities,Which hobby would you recommend to a friend and why?
Hobbies & Activities,Which is the most creative hobby?
Hobbies & Activities,Which is the most difficult sport to play?
Hobbies & Activities,Which is the most exhilarating extreme sport?
Hobbies & Activities,Which is the most iconic sports team?
Hobbies & Activities,Which is the most relaxing hobby?
Hobbies & Activities,Which is the most thrilling water sport?
Hobbies & Activities,Which sport do you find the most exciting to watch?
Hobbies & Activities,Which sport do you think requires the most skill?
Hobbies & Activities,Which sport has the most passionate fans?
Hobbies & Activities,Which sport would you want to be a professional at?
Hobbies & Activities,Which sporting event would you most like to attend in person?
Movies and TV series,What TV series did you binge-watch?
Movies and TV series,What TV series did you find boring?
Movies and TV series,What TV series did you never understand the hype about?
Movies and TV series,What TV series do you rewatch the most?
Movies and TV series,What TV series had the best Halloween episodes?
Movies and TV series,What TV series had the best character arcs?
Movies and TV series,What TV series had the best character development?
Movies and TV series,What TV series had the best comedy?
Movies and TV series,What TV series had the best drama?
Movies and TV series,What TV series had the best family dynamics?
Movies and TV series,What TV series had the best friendships?
Movies and TV series,What TV series had the best holiday episodes?
Movies and TV series,What TV series had the best opening credits?
Movies and TV series,What TV series had the best pilot episode?
Movies and TV series,What TV series had the best relationships?
Movies and TV series,What TV series had the best soundtrack?
Movies and TV series,What TV series had the best special effects?
Movies and TV series,What TV series had the best storylines?
Movies and TV series,What TV series had the best theme song?
Movies and TV series,What TV series had the funniest moments?
Movies and TV series,What TV series had the most annoying character?
Movies and TV series,What TV series had the most dramatic moments?
Movies and TV series,What TV series had the most emotional scenes?
Movies and TV series,What TV series had the most memorable Christmas episodes?
Movies and TV series,What TV series had the most memorable cast?
Movies and TV series,What TV series had the most memorable fashion?
Movies and TV series,What TV series had the most memorable guest stars?
Movies and TV series,What TV series had the most memorable lines?
Movies and TV series,What TV series had the most memorable moments?
Movies and TV series,What TV series had the most memorable soundtrack?
Movies and TV series,What TV series had the most memorable villains?
Movies and TV series,What TV series had the most shocking finale?
Movies and TV series,What TV series had the most surprising plot twist?
Movies and TV series,What TV series had the worst series finale?
Movies and TV series,What movie changed the way you see the world?
Movies and TV series,What movie do you quote the most?
Movies and TV series,What movie do you think deserves a sequel?
Movies and TV series,What movie do you think had the best fashion?
Movies and TV series,What movie do you think is underrated?
Movies and TV series,What movie had a great trailer but was a letdown?
Movies and TV series,What movie had the best action scenes?
Movies and TV series,What movie had the best action sequences?
Movies and TV series,What movie had the best comedy scenes?
Movies and TV series,What movie had the best ending?
Movies and TV series,What movie had the best ensemble cast?
Movies and TV series,What movie had the best love story?
Movies and TV series,What movie had the best music?
Movies and TV series,What movie had the best romance?
Movies and TV series,What movie had the best soundtrack?
Movies and TV series,What movie had the best story?
Movies and TV series,What movie had the best twist ending?
Movies and TV series,What movie had the most iconic characters?
Movies and TV series,What movie had the most iconic quotes?
Movies and TV series,What movie had the most iconic scenes?
Movies and TV series,What movie had the most inspiring story?
Movies and TV series,What movie had the most interesting plot?
Movies and TV series,What movie had the most memorable ending?
Movies and TV series,What movie had the most memorable scenes?
Movies and TV series,What movie had the most memorable soundtrack?
Movies and TV series,What movie had the most relatable characters?
Movies and TV series,What movie had the most surprising ending?
Movies and TV series,What movie had the worst special effects?
Movies and TV series,What movie has aged poorly?
Movies and TV series,What movie made you cry?
Movies and TV series,What movie makes you laugh every time?
Movies and TV series,What movie soundtrack do you love?
Movies and TV series,Which TV series did you give up on?
Movies and TV series,Which TV series had the best action scenes?
Movies and TV series,Which TV series had the best character arcs?
Movies and TV series,Which TV series had the best opening credits?
Movies and TV series,Which TV series had the best plot twists?
Movies and TV series,Which TV series had the best season finales?
Movies and TV series,Which TV series had the best villain?
Movies and TV series,Which TV series had the most creative concept?
Movies and TV series,Which TV series had the most diverse cast?
Movies and TV series,Which TV series had the most engaging plot?
Movies and TV series,Which TV series had the most frustrating cliffhanger?
Movies and TV series,Which TV series had the most interesting characters?
Movies and TV series,Which TV series had the most memorable quotes?
Movies and TV series,Which TV series had the most powerful moments?
Movies and TV series,Which TV series had the most surprising cast?
Movies and TV series,Which TV series had the most unexpected deaths?
Movies and TV series,Which movie do you think is overrated?
Movies and TV series,Which movie had the best fight scenes?
Movies and TV series,Which movie had the best hero?
Movies and TV series,Which movie had the best performances?
Movies and TV series,Which movie had the best plot twist?
Movies and TV series,Which movie had the best romance?
Movies and TV series,Which movie had the best screenplay?
Movies and TV series,Which movie had the best visual effects?
Movies and TV series,Which movie had the most beautiful visuals?
Movies and TV series,Which movie had the most creative visuals?
Movies and TV series,Which movie had the most disappointing sequel?
Movies and TV series,Which movie had the most emotional scenes?
Movies and TV series,Which movie had the most heartwarming moments?
Movies and TV series,Which movie had the most relatable story?
Movies and TV series,Which movie had the most stunning cinematography?
Movies and TV series,Which movie has the best soundtrack?
Movies and TV series,Which movie made you want to read the book it was based on?
Movies and TV series,Which movie was the biggest box office flop?
Pop Culture,What decade had the best music?
Pop Culture,What is the best Oscar-winning film of the last decade?
Pop Culture,What is the best TV drama of the past decade?
Pop Culture,What is the best action movie franchise?
Pop Culture,What is the best animated Disney movie ever made?
Pop Culture,What is the best animated Pixar movie?
Pop Culture,What is the best animated TV show ever made?
Pop Culture,What is the best animated movie sequel ever made?
Pop Culture,What is the best animated villain in any Disney movie?
Pop Culture,What is the best anime series ever made?
Pop Culture,What is the best behind-the-scenes Hollywood drama?
Pop Culture,What is the best comedy TV show of all time?
Pop Culture,What is the best cooking competition show on TV?
Pop Culture,What is the best decade for fashion?
Pop Culture,What is the best documentary film ever made?
Pop Culture,What is the best dramedy show on TV right now?
Pop Culture,What is the best ensemble cast movie ever made?
Pop Culture,What is the best fantasy TV series ever made?
Pop Culture,What is the best game show of all time?
Pop Culture,What is the best holiday movie of all time?
Pop Culture,What is the best horror movie franchise?
Pop Culture,What is the best late night TV host right now?
Pop Culture,What is the best late night TV moment of the last decade?
Pop Culture,What is the best movie based on a true story?
Pop Culture,What is the best movie sequel that surpassed the original?
Pop Culture,What is the best movie soundtrack ever made?
Pop Culture,What is the best music biopic ever made?
Pop Culture,What is the best reality competition show ever made?
Pop Culture,What is the best romantic comedy ever made?
Pop Culture,What is the best sci-fi TV series ever made?
Pop Culture,What is the best sci-fi movie ever made?
Pop Culture,What is the best sitcom of the 2000s?
Pop Culture,What is the best sketch comedy show ever made?
Pop Culture,What is the best song to play at a party?
Pop Culture,What is the best sports documentary ever made?
Pop Culture,What is the best sports movie ever made?
Pop Culture,What is the best stand-up comedy special on Netflix?
Pop Culture,What is the best superhero movie ever made?
Pop Culture,What is the best talk show host of all time?
Pop Culture,What is the best thriller movie of all time?
Pop Culture,What is the best true crime TV series ever made?
Pop Culture,What is the best true crime documentary on Netflix?
Pop Culture,What is the best true crime podcast?
Pop Culture,What is the best video game of all time?
Pop Culture,What is the best video game series ever created?
Pop Culture,What is the greatest movie ever made?
Pop Culture,What is the most iconic Halloween costume of the last decade?
Pop Culture,What is the most iconic Super Bowl halftime performance?
Pop Culture,What is the most iconic TV couple of all time?
Pop Culture,What is the most iconic TV news blunder of all time?
Pop Culture,What is the most iconic TV show of all time?
Pop Culture,What is the most iconic TV theme song?
Pop Culture,What is the most iconic TV villain of all time?
Pop Culture,What is the most iconic award show moment ever?
Pop Culture,What is the most iconic boy band of all time?
Pop Culture,What is the most iconic brand collaboration in pop culture history?
Pop Culture,What is the most iconic celebrity Halloween costume ever?
Pop Culture,What is the most iconic celebrity catchphrase?
Pop Culture,What is the most iconic celebrity diet trend?
Pop Culture,What is the most iconic celebrity fashion collaboration?
Pop Culture,What is the most iconic celebrity feud?
Pop Culture,What is the most iconic celebrity magazine cover of all time?
Pop Culture,What is the most iconic celebrity perfume?
Pop Culture,What is the most iconic celebrity social media post ever?
Pop Culture,What is the most iconic celebrity tabloid headline ever?
Pop Culture,What is the most iconic celebrity tattoo?
Pop Culture,What is the most iconic celebrity transformation?
Pop Culture,What is the most iconic celebrity weight loss transformation?
Pop Culture,What is the most iconic childhood cartoon?
Pop Culture,What is the most iconic children's TV show of all time?
Pop Culture,What is the most iconic dance move in pop music history?
Pop Culture,What is the most iconic dance scene in movie history?
Pop Culture,What is the most iconic fashion moment from a music video?
Pop Culture,What is the most iconic fashion trend from the 90s?
Pop Culture,What is the most iconic fashion week moment ever?
Pop Culture,What is the most iconic fast food mascot?
Pop Culture,What is the most iconic fictional high school in TV history?
Pop Culture,What is the most iconic hairstyle in pop culture history?
Pop Culture,What is the most iconic lip sync performance in TV history?
Pop Culture,What is the most iconic meme of all time?
Pop Culture,What is the most iconic movie franchise of all time?
Pop Culture,What is the most iconic movie opening scene?
Pop Culture,What is the most iconic movie poster of all time?
Pop Culture,What is the most iconic movie quote of all time?
Pop Culture,What is the most iconic music album cover of all time?
Pop Culture,What is the most iconic music concert of all time?
Pop Culture,What is the most iconic music video of all time?
Pop Culture,What is the most iconic pop music era?
Pop Culture,What is the most iconic product placement in a movie?
Pop Culture,What is the most iconic red carpet look of all time?
Pop Culture,What is the most iconic sneaker design ever?
Pop Culture,What is the most iconic sports jersey design?
Pop Culture,What is the most iconic street style decade in fashion?
Pop Culture,What is the most iconic teen movie of all time?
Pop Culture,What is the most iconic toy of the 90s?
Pop Culture,What is the most overplayed song at weddings?
Pop Culture,What is the most popular karaoke song?
Pop Culture,What is the most quotable movie of all time?
Pop Culture,What is the most rewatchable movie of all time?
Pop Culture,What is the most underrated movie of the last decade?
Pop Culture,Which Disney princess is the most iconic?
Pop Culture,Which Fast and Furious movie is the best?
Pop Culture,Which Friends character are you most like?
Pop Culture,Which TV character would make the best roommate?
Pop Culture,Which TV series finale was the most satisfying?
Pop Culture,Which TV show ending was the most disappointing?
Pop Culture,Which TV show got better with every season?
Pop Culture,Which TV show had the best costume design?
Pop Culture,Which TV show had the best pilot episode?
Pop Culture,Which TV show has the most loyal fanbase?
Pop Culture,Which TV show should never have been cancelled?
Pop Culture,Which TV show spin-off was better than the original?
Pop Culture,Which animated character would be the most fun at a party?
Pop Culture,Which animated movie is a masterpiece?
Pop Culture,Which animated show is still funny rewatching as an adult?
Pop Culture,Which athlete had the most iconic sports moment?
Pop Culture,Which celebrity biography would make the best movie?
Pop Culture,Which celebrity couple had the best love story?
Pop Culture,Which celebrity couple were you most devastated to see break up?
Pop Culture,Which celebrity had the most epic fall from grace?
Pop Culture,Which celebrity had the most iconic career comeback?
Pop Culture,Which celebrity had the most shocking public breakdown?
Pop Culture,Which celebrity has aged the best in Hollywood?
Pop Culture,Which celebrity has reinvented themselves the most times?
Pop Culture,Which celebrity has the best fashion sense right now?
Pop Culture,Which celebrity has the best sense of humor about themselves?
Pop Culture,Which celebrity has the best work ethic in Hollywood?
Pop Culture,Which celebrity interview went most memorably wrong?
Pop Culture,Which celebrity is the best at acting outside their lane?
Pop Culture,Which celebrity is the most beloved by everyone?
Pop Culture,Which celebrity is the most naturally funny in interviews?
Pop Culture,Which celebrity is the most underrated talent in Hollywood?
Pop Culture,Which celebrity would make the best president?
Pop Culture,Which decade had the best Saturday morning cartoons?
Pop Culture,Which decade had the best TV commercials?
Pop Culture,Which decade had the best blockbuster movies?
Pop Culture,Which decade was the golden age of hip hop?
Pop Culture,Which era of MTV was the best?
Pop Culture,Which famous music rivalry was the most entertaining?
Pop Culture,Which fictional TV city would be the best place to live?
Pop Culture,Which fictional universe would you most want to live in?
Pop Culture,Which fictional world has the best food?
Pop Culture,Which film score is the most iconic of all time?
Pop Culture,Which movie deserved more awards than it received?
Pop Culture,Which movie ending was the most shocking?
Pop Culture,Which movie franchise went on too long?
Pop Culture,Which movie had the best plot twist?
Pop Culture,Which movie has the best opening monologue?
Pop Culture,Which movie made you cry the hardest?
Pop Culture,Which movie monster is the most terrifying?
Pop Culture,Which movie remake was actually better than the original?
Pop Culture,Which movie villain is the most iconic?
Pop Culture,Which music artist has the biggest gap between fame and talent?
Pop Culture,Which music decade had the worst fashion?
Pop Culture,Which music genre has produced the most iconic artists?
Pop Culture,Which music video defined the 2000s?
Pop Culture,Which pop culture moment defined the 2010s?
Pop Culture,Which pop star has the most dedicated fanbase?
Pop Culture,Which reality TV show is the most addictive?
Pop Culture,Which social media platform do you waste the most time on?
Pop Culture,Which streaming service has the best original content?
Pop Culture,Which superhero franchise is better: Marvel or DC?
Pop Culture,Which video game franchise has the best storyline?
Pop Culture,Which video game world would make the best movie setting?
Pop Culture,Who gives the best Oscar acceptance speeches?
Pop Culture,Who is the GOAT of pop music?
Pop Culture,Who is the best James Bond actor?
Pop Culture,Who is the best actress of her generation?
Pop Culture,Who is the best animated sidekick in movie history?
Pop Culture,Who is the best celebrity impressionist ever?
Pop Culture,Who is the best character in Game of Thrones?
Pop Culture,Who is the best character in The Office?
Pop Culture,Who is the best character in the Harry Potter series?
Pop Culture,Who is the best character in the Marvel Cinematic Universe?
Pop Culture,Who is the best comedian of all time?
Pop Culture,Who is the best dressed celebrity on the red carpet right now?
Pop Culture,Who is the best female rapper of all time?
Pop Culture,Who is the best fictional TV detective?
Pop Culture,Who is the best fictional movie mentor?
Pop Culture,Who is the best fictional superhero sidekick?
Pop Culture,Who is the best host in the history of Saturday Night Live?
Pop Culture,Who is the best late night comedian of all time?
Pop Culture,Who is the best living musician today?
Pop Culture,Who is the best movie director working today?
Pop Culture,Who is the best music award show performer of all time?
Pop Culture,Who is the best music festival headliner of all time?
Pop Culture,Who is the best villain in any animated movie?
Pop Culture,Who is the best voice actor in animation?
Pop Culture,Who is the greatest actor of all time?
Pop Culture,Who is the greatest athlete to ever appear in a movie?
Pop Culture,Who is the greatest rapper of all time?
Pop Culture,Who is the greatest stand-up comedian of all time?
Pop Culture,Who is the most charismatic news anchor on TV?
Pop Culture,Who is the most entertaining celebrity to follow on social media?
Pop Culture,Who is the most famous YouTuber of all time?
Pop Culture,Who is the most famous athlete in the world right now?
Pop Culture,Who is the most famous celebrity chef?
Pop Culture,Who is the most famous pop star in the world right now?
Pop Culture,Who is the most iconic TV dad of all time?
Pop Culture,Who is the most iconic TV mom of all time?
Pop Culture,Who is the most iconic TV news anchor of all time?
Pop Culture,Who is the most iconic TV presenter of all time?
Pop Culture,Who is the most iconic athlete turned actor?
Pop Culture,Who is the most iconic cartoon character ever created?
Pop Culture,Who is the most iconic celebrity brand ambassador?
Pop Culture,Who is the most iconic celebrity couple of all time?
Pop Culture,Who is the most iconic celebrity host of all time?
Pop Culture,Who is the most iconic celebrity mentor on a talent show?
Pop Culture,Who is the most iconic celebrity to come from a reality TV show?
Pop Culture,Who is the most iconic celebrity to play themselves in a movie?
Pop Culture,Who is the most iconic celebrity to transition from music to acting?
Pop Culture,Who is the most iconic child actor who grew up to be a big star?
Pop Culture,Who is the most iconic fashion designer of all time?
Pop Culture,Who is the most iconic fashion icon of the 2000s?
Pop Culture,Who is the most iconic fashion model of all time?
Pop Culture,Who is the most iconic female athlete in history?
Pop Culture,Who is the most iconic female pop star of all time?
Pop Culture,Who is the most iconic late night talk show guest ever?
Pop Culture,Who is the most iconic music artist of the 2000s?
Pop Culture,Who is the most iconic music producer of all time?
Pop Culture,Who is the most iconic reality TV star ever?
Pop Culture,Who is the most iconic rockstar of all time?
Pop Culture,Who is the most iconic sitcom character ever?
Pop Culture,Who is the most iconic sports commentator ever?
Pop Culture,Who is the most iconic villain in a TV series?
Pop Culture,Who is the most iconic villain in movie history?
Pop Culture,Who would win in a fight: Batman or Superman?
Programming,"If you could mass-ban one practice from software engineering, what would it be?"
Programming,"If you could mass-delete one thing from all codebases everywhere, what would it be?"
Programming,"If you could mass-fix one thing about JavaScript, what would it be?"
Programming,"Name a thing that, when broken in production, causes the most panic."
Programming,"What is the first thing that comes to mind when someone says ""legacy code""?"
Programming,A profession in tech that starts with the letter D.
Programming,How many Git branches does a typical developer have locally?
Programming,How many Slack workspaces is a typical developer in?
Programming,How many cups of coffee does a programmer drink per day?
Programming,How many mechanical keyboards does a developer own?
Programming,How many monitors does a developer actually need?
Programming,How many side projects does the average developer have unfinished?
Programming,How many tabs does a developer typically have open?
Programming,How many unread emails does a typical developer have?
Programming,If you could mass-add one course to every computer science degree
Programming,If you could mass-add one feature to Git
Programming,If you could mass-add one feature to every IDE
Programming,If you could mass-add one feature to every programming language
Programming,If you could mass-add one thing to every code review checklist
Programming,If you could mass-ban one coding practice from all repositories
Programming,If you could mass-change one thing about how companies hire developers
Programming,If you could mass-delete one file from every repository
Programming,If you could mass-delete one type of meeting from your calendar
Programming,If you could mass-eliminate one step from the CI pipeline
Programming,If you could mass-fix one thing about CSS
Programming,If you could mass-fix one thing about Python
Programming,If you could mass-fix one thing about TypeScript
Programming,If you could mass-gift one book to every developer
Programming,If you could mass-give one superpower to every developer
Programming,If you could mass-install one tool on every developer's machine
Programming,If you could mass-migrate one thing in every codebase
Programming,If you could mass-refactor one antipattern from every codebase
Programming,If you could mass-remove one step from technical interviews
Programming,If you could mass-remove one technology from existence
Programming,If you could mass-remove one thing from every Jira board
Programming,If you could mass-rename one programming concept to something clearer
Programming,If you could mass-revert one technology decision from your past
Programming,If you could mass-rewrite one piece of software from scratch
Programming,If you could mass-send one message to every product manager
Programming,If you could mass-simplify one AWS service
Programming,If you could mass-standardize one thing across all programming languages
Programming,If you could mass-teach one concept to every non-technical manager
Programming,If you could mass-teach one thing to every recruiter
Programming,If you could mass-teleport to any tech company's office
Programming,If you could mass-unsubscribe from one type of GitHub notification
Programming,If you could mass-upgrade one part of the developer experience
Programming,Name a CI/CD tool.
Programming,Name a JavaScript framework.
Programming,Name a Linux distribution.
Programming,Name a classic algorithm every programmer should know.
Programming,Name a cloud service.
Programming,Name a command you run in the terminal every day.
Programming,Name a command-line tool every developer should know.
Programming,Name a common Docker Compose service name.
Programming,Name a common Git command.
Programming,Name a common Terraform resource type.
Programming,Name a common architectural pattern for distributed systems.
Programming,Name a common developer coping mechanism.
Programming,Name a common developer guilty pleasure.
Programming,Name a common developer superpower.
Programming,Name a common error message.
Programming,Name a common variable name.
Programming,Name a container registry.
Programming,Name a data structure.
Programming,Name a database.
Programming,Name a design pattern.
Programming,Name a developer influencer on social media.
Programming,Name a developer tool that starts with the letter G.
Programming,Name a developer tool you could not live without.
Programming,Name a famous algorithm.
Programming,Name a famous bug in computing history.
Programming,Name a famous computer science concept named after a person.
Programming,Name a famous computer science paper.
Programming,Name a famous open source maintainer.
Programming,Name a famous open source project.
Programming,Name a famous programmer.
Programming,Name a famous tech CEO.
Programming,Name a framework that has too many versions.
Programming,Name a game engine that indie developers love.
Programming,Name a keyboard shortcut every programmer knows.
Programming,Name a metric that engineering managers care about too much.
Programming,Name a mobile app that developers use daily.
Programming,Name a mobile development framework.
Programming,Name a popular API that developers use.
Programming,Name a popular developer YouTube channel.
Programming,Name a programmer stereotype.
Programming,Name a programming concept that took you the longest to understand.
Programming,Name a programming language created in the 1990s.
Programming,Name a programming language that is great for functional programming.
Programming,Name a programming language that is making a comeback.
Programming,Name a programming language that is perfect for building robots.
Programming,Name a programming language that is surprisingly fun to learn.
Programming,Name a programming language that looks like magic to non-programmers.
Programming,Name a programming language that people love to hate.
Programming,Name a programming language that starts with the letter C.
Programming,Name a programming language that will still be popular in 50 years.
Programming,Name a programming language used in AI and machine learning.
Programming,Name a programming language with a mascot.
Programming,Name a programming language you would never want to use at work.
Programming,Name a programming paradigm.
Programming,Name a reason a deployment fails.
Programming,Name a reason a developer quits their job.
Programming,Name a reason developers love working from home.
Programming,Name a reason developers mass-archive Jira tickets.
Programming,Name a reason developers mass-attend conferences.
Programming,Name a reason developers mass-attend tech meetups.
Programming,Name a reason developers mass-build their own tools instead of buying them.
Programming,Name a reason developers mass-collect stickers for their laptops.
Programming,Name a reason developers mass-ignore emails.
Programming,Name a reason developers mass-rewrite projects instead of fixing them.
Programming,Name a reason developers mass-skip lunch.
Programming,Name a reason developers mass-start side projects in January.
Programming,Name a reason developers mass-switch to a new framework.
Programming,Name a reason developers mass-watch conference talks at 2x speed.
Programming,Name a secret weapon in a developer's productivity toolkit.
Programming,Name a skill that separates a good developer from a great one.
Programming,Name a sorting algorithm.
Programming,Name a task developers always underestimate.
Programming,Name a task that should be automated but most teams still do manually.
Programming,Name a tech buzzword.
Programming,Name a tech company everyone wants to work at.
Programming,Name a tech company founded in a garage.
Programming,Name a tech company that has the best engineering culture.
Programming,Name a tech company that makes the best developer tools.
Programming,Name a tech conference.
Programming,Name a tech podcast every developer has heard of.
Programming,Name a tech skill that will still be relevant in 20 years.
Programming,Name a tech topic that starts the most heated debates.
Programming,Name a tech trend that will be forgotten in 5 years.
Programming,Name a technology that hype killed.
Programming,Name a text editor that is not VS Code.
Programming,Name a thing developers mass-hoard but never use.
Programming,Name a thing every developer has mass-bookmarked but never read.
Programming,Name a thing every developer hoards in their bookmarks.
Programming,Name a thing every developer mass-stars on GitHub but never uses.
Programming,Name a thing every developer wants in their next job.
Programming,Name a thing every developer's mechanical keyboard has.
Programming,Name a thing every junior developer mass-bookmarks.
Programming,Name a thing every principal engineer has strong opinions about.
Programming,Name a thing every programmer has mass-copy-pasted from Stack Overflow.
Programming,Name a thing every side project has in common.
Programming,Name a thing that every Slack workspace has too many of.
Programming,Name a thing that every code review comment section has.
Programming,Name a thing that every developer mass-pins in Slack.
Programming,Name a thing that every developer mass-searches for at least once a month.
Programming,Name a thing that every developer secretly automates at home.
Programming,Name a thing that every developer wants but their company will not buy.
Programming,Name a thing that every developer's IDE has too many of.
Programming,Name a thing that every developer's browser has too many of.
Programming,Name a thing that every developer's dotfiles repository has.
Programming,Name a thing that every developer's home lab runs.
Programming,Name a thing that every developer's home setup is missing.
Programming,Name a thing that every developer's standing desk has on it.
Programming,Name a thing that every engineering team's wiki has too many of.
Programming,Name a thing that every intern gets assigned on their first week.
Programming,Name a thing that every legacy codebase has lurking inside it.
Programming,Name a thing that every mid-level developer wants to learn next.
Programming,Name a thing that every project's backlog has too many of.
Programming,Name a thing that every staff engineer talks about at meetings.
Programming,Name a thing that makes a codebase immediately feel abandoned.
Programming,Name a thing that makes a codebase immediately feel professional.
Programming,Name a thing that makes a developer immediately mass-trust a library.
Programming,Name a thing that makes a developer mass-rage-quit a codebase.
Programming,Name a thing that makes a developer mass-smile during code review.
Programming,Name a thing that makes a hackathon project win.
Programming,Name a thing that makes a tech talk immediately boring.
Programming,Name a thing that makes a technical interview immediately go badly.
Programming,Name a thing that senior developers say that scares junior developers.
Programming,Name a tool every backend developer should master.
Programming,Name a tool every data engineer swears by.
Programming,Name a tool every frontend developer should know.
Programming,Name a tool that every DevOps engineer uses.
Programming,Name a tool that has the steepest learning curve.
Programming,Name a type of software testing.
Programming,Name a version control platform.
Programming,Name a website every developer has visited.
Programming,Name a website for practicing coding challenges.
Programming,Name an HTTP status code.
Programming,Name something developers bring to a hackathon.
Programming,Name something developers do instead of writing documentation.
Programming,Name something developers secretly enjoy about their job.
Programming,Name something every developer does when their code finally compiles.
Programming,Name something every developer has in their Downloads folder.
Programming,Name something every developer has in their terminal history.
Programming,Name something every developer has mass-accidentally pushed to production.
Programming,Name something every developer has mass-committed by accident.
Programming,Name something every developer's VS Code has installed.
Programming,Name something every developer's desk has on it.
Programming,Name something every developer's home office has.
Programming,Name something every developer's manager does not understand.
Programming,Name something every developer's terminal prompt has.
Programming,Name something every hackathon team builds.
Programming,Name something every junior developer does on their first day.
Programming,Name something every open source project's README promises but never delivers.
Programming,Name something in a typical sprint ceremony.
Programming,Name something programmers Google every single time.
Programming,Name something programmers complain about.
Programming,Name something programmers drink too much of.
Programming,Name something that belongs in a .gitignore file.
Programming,Name something that belongs in every developer's dotfiles.
Programming,Name something that burns out developers the fastest.
Programming,Name something that every developer has mass-Googled at 2 AM.
Programming,Name something that every developer wishes they learned in school.
Programming,Name something that every developer's .bashrc contains.
Programming,Name something that every tutorial project builds.
Programming,Name something that happens in every daily standup.
Programming,Name something that makes a code review take forever.
Programming,Name something that makes a developer feel like a genius.
Programming,Name something that makes a developer mass-celebrate at work.
Programming,Name something that makes a developer mass-quit Slack channels.
Programming,Name something that makes a developer mass-update their LinkedIn profile.
Programming,Name something that makes a pull request instantly get rejected.
Programming,Name something that makes an open source contribution get rejected.
Programming,Name something that slows down a computer.
Programming,Name something that triggers imposter syndrome in developers.
Programming,Name something that would make a developer mass-delete their notifications.
Programming,Name something that would make a programmer mass-close their laptop.
Programming,Name something you always forget when setting up a new development machine.
Programming,Name something you find in a config file.
Programming,Name something you see in every developer's GitHub profile.
Programming,Name the first thing that breaks when you upgrade a dependency.
Programming,What color theme do most programmers use?
Programming,What is the best AI coding assistant?
Programming,What is the best Docker base image?
Programming,What is the best Kafka topic naming convention word?
Programming,What is the best Nginx configuration directive?
Programming,What is the best Redis use case?
Programming,What is the best advice for someone starting their first programming job?
Programming,What is the best board game for programmers?
Programming,What is the best browser for web development?
Programming,What is the best code editor?
Programming,What is the best coding challenge website?
Programming,What is the best day of the week for deployments?
Programming,What is the best developer T-shirt slogan?
Programming,What is the best developer swag item?
Programming,What is the best emoji to react to a deployment notification?
Programming,What is the best excuse for a missed deadline?
Programming,What is the best excuse for writing bad code?
Programming,What is the best font for coding?
Programming,What is the best free resource for learning to code?
Programming,What is the best language for building websites?
Programming,What is the best language for data science?
Programming,What is the best laptop brand for developers?
Programming,What is the best laptop screen size for coding?
Programming,What is the best music genre to code to?
Programming,What is the best operating system for programming?
Programming,What is the best perk of working at a tech company?
Programming,What is the best programming language for a beginner?
Programming,What is the best programming language for building CLI tools?
Programming,What is the best programming language for building microservices?
Programming,What is the best programming language for embedded systems?
Programming,What is the best programming language for financial applications?
Programming,What is the best programming language for game development?
Programming,What is the best programming language for getting a job?
Programming,What is the best programming language for prototyping quickly?
Programming,What is the best programming language for writing automation tests?
Programming,What is the best programming language for writing scripts?
Programming,What is the best programming language to learn first?
Programming,What is the best programming-related joke topic?
Programming,What is the best programming-related wallpaper for your desktop?
Programming,What is the best snack for a coding session?
Programming,What is the best thing about Friday deployments?
Programming,What is the best thing about attending a hackathon?
Programming,What is the best thing about being a junior developer?
Programming,What is the best thing about being a senior developer?
Programming,What is the best thing about code pairing with someone more experienced?
Programming,What is the best thing about contributing to open source?
Programming,What is the best thing about functional programming?
Programming,What is the best thing about remote pair programming?
Programming,What is the best thing about working in tech?
Programming,What is the best thing about working with a great engineering team?
Programming,What is the best time of day to write code?
Programming,What is the best way to celebrate a successful deployment?
Programming,What is the best way to explain your job to a non-technical person?
Programming,What is the best way to handle a production outage at 3 AM?
Programming,What is the best way to handle merge conflicts?
Programming,What is the best way to learn programming?
Programming,What is the best way to learn system design?
Programming,What is the best way to mass-celebrate shipping a big feature?
Programming,What is the best way to mass-document a complex system?
Programming,What is the best way to mass-onboard new developers to a large codebase?
Programming,What is the best way to mass-review a large codebase?
Programming,What is the best way to name a boolean variable?
Programming,What is the best way to stay healthy as a programmer?
Programming,What is the first file you create in a new project?
Programming,What is the first programming concept you teach a complete beginner?
Programming,What is the first thing a developer checks when the app is down?
Programming,What is the first thing you do when starting a new project?
Programming,What is the funniest error message you have ever seen?
Programming,What is the funniest programming meme topic?
Programming,What is the hardest part about naming things in code?
Programming,What is the hardest programming language to learn?
Programming,What is the most annoying Slack notification for developers?
Programming,What is the most annoying thing about programming?
Programming,What is the most beautiful programming language syntax?
Programming,What is the most beautiful website a developer has ever built?
Programming,What is the most clickbait-y tech article title?
Programming,What is the most common New Year's resolution for a developer that fails by February?
Programming,What is the most common New Year's resolution for programmers?
Programming,What is the most common Slack status for a developer?
Programming,What is the most common Stack Overflow question topic?
Programming,What is the most common argument in an architecture review?
Programming,What is the most common developer superstition?
Programming,What is the most common excuse for not writing tests?
Programming,What is the most common excuse when code does not work?
Programming,What is the most common first program someone writes?
Programming,What is the most common lie on a developer's resume?
Programming,What is the most common misconception non-programmers have about coding?
Programming,What is the most common mistake in a system design interview?
Programming,What is the most common reason a build fails?
Programming,What is the most common reason a developer mass-refreshes a CI pipeline page?
Programming,What is the most common reason developers mass-switch programming languages.
Programming,What is the most common regret developers have about their career?
Programming,What is the most common side project that never gets finished?
Programming,What is the most common thing a developer mass-automates with a shell script?
Programming,What is the most common thing a developer says after a production incident?
Programming,What is the most common thing a product manager asks a developer?
Programming,What is the most common thing developers automate at home?
Programming,What is the most common thing developers mass-debate about on Twitter?
Programming,What is the most common thing developers mass-lie about in standups?
Programming,What is the most common thing developers mass-procrastinate by doing.
Programming,What is the most common thing written on a developer's whiteboard?
Programming,What is the most common type of tech debt?
Programming,What is the most confusing Kubernetes concept?
Programming,What is the most confusing programming concept?
Programming,What is the most confusing thing about cloud computing?
Programming,What is the most confusing thing about networking for developers?
Programming,What is the most cringe-worthy thing in tech culture?
Programming,What is the most dreaded part of a code review?
Programming,What is the most frustrating thing about Kubernetes?
Programming,What is the most fun programming language to write?
Programming,What is the most iconic programming book?
Programming,What is the most important developer soft skill?
Programming,What is the most important skill for a programmer besides coding?
Programming,What is the most important thing in a good README?
Programming,What is the most important thing in clean code?
Programming,What is the most impressive mass-refactoring you have seen?
Programming,What is the most impressive thing to see on a developer's GitHub?
Programming,What is the most impressive thing you can build in a weekend?
Programming,What is the most overengineered thing programmers do?
Programming,What is the most overrated programming language?
Programming,What is the most overused design pattern?
Programming,What is the most overused emoji in developer Slack channels?
Programming,What is the most overused tech buzzword?
Programming,What is the most overused variable name in tutorials?
Programming,What is the most overused word in tech job postings?
Programming,What is the most painful database migration experience?
Programming,What is the most pointless argument programmers have?
Programming,What is the most pointless metric in software development?
Programming,What is the most ridiculous tech startup idea you can think of?
Programming,What is the most satisfying command to run in a terminal?
Programming,What is the most satisfying thing about programming?
Programming,What is the most satisfying type of refactoring?
Programming,What is the most stressful part of a developer's job?
Programming,What is the most underrated developer tool?
Programming,What is the most underrated programming language?
Programming,What is the most useful browser extension for developers?
Programming,What is the most useful programming language?
Programming,What is the most useless feature in any programming language?
Programming,What is the worst code smell?
Programming,What is the worst coding habit that developers have?
Programming,What is the worst day to deploy to production?
Programming,What is the worst meeting a developer has to attend?
Programming,What is the worst naming convention you have ever seen in a codebase?
Programming,What is the worst onboarding experience for a new developer?
Programming,What is the worst part about learning DevOps?
Programming,What is the worst part about learning a new programming language?
Programming,What is the worst part about on-call rotations?
Programming,What is the worst part about scaling a database?
Programming,What is the worst programming language for beginners?
Programming,What is the worst take-home coding assignment you can imagine?
Programming,What is the worst thing about GraphQL?
Programming,What is the worst thing about Mondays for a developer?
Programming,What is the worst thing about OAuth implementation?
Programming,What is the worst thing about REST API versioning?
Programming,What is the worst thing about WebSocket implementations?
Programming,What is the worst thing about YAML configuration files?
Programming,What is the worst thing about database indexing?
Programming,What is the worst thing about debugging CSS layouts?
Programming,What is the worst thing about event-driven architecture?
Programming,What is the worst thing about implementing authentication from scratch?
Programming,What is the worst thing about maintaining a monorepo?
Programming,What is the worst thing about managing npm dependencies?
Programming,What is the worst thing about microservices?
Programming,What is the worst thing about multi-cloud architecture?
Programming,What is the worst thing about pair programming?
Programming,What is the worst thing about serverless architecture?
Programming,What is the worst thing about system design interviews?
Programming,What is the worst thing about technical interviews?
Programming,What is the worst thing about whiteboard interviews?
Programming,What is the worst thing about working with time zones in code?
Programming,What is the worst thing about writing documentation for APIs?
Programming,What is the worst thing about writing regex?
Programming,What is the worst thing about writing unit tests?
Programming,What is the worst type of bug to debug?
Programming,What is the worst type of technical debt?
Programming,What is the worst variable name you can think of?
Programming,What would you name your first startup?
Programming,What would you name your programming blog?
Programming,Why do programmers prefer dark mode?
Rhyme,Find the word that rhymes with 'ball'.
Rhyme,Find the word that rhymes with 'bark'.
Rhyme,Find the word that rhymes with 'bat'.
Rhyme,Find the word that rhymes with 'bear'.
Rhyme,Find the word that rhymes with 'bell'.
Rhyme,Find the word that rhymes with 'belt'.
Rhyme,Find the word that rhymes with 'bike'.
Rhyme,Find the word that rhymes with 'bird'.
Rhyme,Find the word that rhymes with 'bite'.
Rhyme,Find the word that rhymes with 'blue'.
Rhyme,Find the word that rhymes with 'bone'.
Rhyme,Find the word that rhymes with 'book'.
Rhyme,Find the word that rhymes with 'branch'.
Rhyme,Find the word that rhymes with 'breeze'.
Rhyme,Find the word that rhymes with 'broom'.
Rhyme,Find the word that rhymes with 'cake'.
Rhyme,Find the word that rhymes with 'cape'.
Rhyme,Find the word that rhymes with 'car'.
Rhyme,Find the word that rhymes with 'carrot'.
Rhyme,Find the word that rhymes with 'cat'.
Rhyme,Find the word that rhymes with 'chair'.
Rhyme,Find the word that rhymes with 'cloud'.
Rhyme,Find the word that rhymes with 'coin'.
Rhyme,Find the word that rhymes with 'crown'.
Rhyme,Find the word that rhymes with 'dare'.
Rhyme,Find the word that rhymes with 'dog'.
Rhyme,Find the word that rhymes with 'doll'.
Rhyme,Find the word that rhymes with 'dream'.
Rhyme,Find the word that rhymes with 'drum'.
Rhyme,Find the word that rhymes with 'duck'.
Rhyme,Find the word that rhymes with 'egg'.
Rhyme,Find the word that rhymes with 'eye'.
Rhyme,Find the word that rhymes with 'face'.
Rhyme,Find the word that rhymes with 'fire'.
Rhyme,Find the word that rhymes with 'fish'.
Rhyme,Find the word that rhymes with 'fleece'.
Rhyme,Find the word that rhymes with 'foot'.
Rhyme,Find the word that rhymes with 'fox'.
Rhyme,Find the word that rhymes with 'fruit'.
Rhyme,Find the word that rhymes with 'game'.
Rhyme,Find the word that rhymes with 'gate'.
Rhyme,Find the word that rhymes with 'glove'.
Rhyme,Find the word that rhymes with 'glow'.
Rhyme,Find the word that rhymes with 'gold'.
Rhyme,Find the word that rhymes with 'grain'.
Rhyme,Find the word that rhymes with 'grass'.
Rhyme,Find the word that rhymes with 'hand'.
Rhyme,Find the word that rhymes with 'hat'.
Rhyme,Find the word that rhymes with 'hill'.
Rhyme,Find the word that rhymes with 'hive'.
Rhyme,Find the word that rhymes with 'ice'.
Rhyme,Find the word that rhymes with 'jaw'.
Rhyme,Find the word that rhymes with 'kite'.
Rhyme,Find the word that rhymes with 'knee'.
Rhyme,Find the word that rhymes with 'lamp'.
Rhyme,Find the word that rhymes with 'leaf'.
Rhyme,Find the word that rhymes with 'light'.
Rhyme,Find the word that rhymes with 'lock'.
Rhyme,Find the word that rhymes with 'mice'.
Rhyme,Find the word that rhymes with 'mist'.
Rhyme,Find the word that rhymes with 'moon'.
Rhyme,Find the word that rhymes with 'mouse'.
Rhyme,Find the word that rhymes with 'neck'.
Rhyme,Find the word that rhymes with 'net'.
Rhyme,Find the word that rhymes with 'night'.
Rhyme,Find the word that rhymes with 'note'.
Rhyme,Find the word that rhymes with 'paint'.
Rhyme,Find the word that rhymes with 'peach'.
Rhyme,Find the word that rhymes with 'pearl'.
Rhyme,Find the word that rhymes with 'pillow'.
Rhyme,Find the word that rhymes with 'play'.
Rhyme,Find the word that rhymes with 'pool'.
Rhyme,Find the word that rhymes with 'rain'.
Rhyme,Find the word that rhymes with 'ring'.
Rhyme,Find the word that rhymes with 'road'.
Rhyme,Find the word that rhymes with 'rock'.
Rhyme,Find the word that rhymes with 'rope'.
Rhyme,Find the word that rhymes with 'sail'.
Rhyme,Find the word that rhymes with 'sea'.
Rhyme,Find the word that rhymes with 'shine'.
Rhyme,Find the word that rhymes with 'shoe'.
Rhyme,Find the word that rhymes with 'shore'.
Rhyme,Find the word that rhymes with 'side'.
Rhyme,Find the word that rhymes with 'skirt'.
Rhyme,Find the word that rhymes with 'smile'.
Rhyme,Find the word that rhymes with 'snail'.
Rhyme,Find the word that rhymes with 'sock'.
Rhyme,Find the word that rhymes with 'star'.
Rhyme,Find the word that rhymes with 'stick'.
Rhyme,Find the word that rhymes with 'stone'.
Rhyme,Find the word that rhymes with 'table'.
Rhyme,Find the word that rhymes with 'tank'.
Rhyme,Find the word that rhymes with 'tear'.
Rhyme,Find the word that rhymes with 'tide'.
Rhyme,Find the word that rhymes with 'toy'.
Rhyme,Find the word that rhymes with 'train'.
Rhyme,Find the word that rhymes with 'treat'.
Rhyme,Find the word that rhymes with 'tree'.
Rhyme,Find the word that rhymes with 'wave'.
Rhyme,Find the word that rhymes with 'wind'.
Songs and Musics,What band's breakup disappointed you the most?
Songs and Musics,What concert did you find underwhelming?
Songs and Musics,What music genre do you find dull?
Songs and Musics,What popular song do you find irritating?
Songs and Musics,What popular song do you think is boring?
Songs and Musics,What singer do you find annoying?
Songs and Musics,What song do you find overrated?
Songs and Musics,What song do you find too cheesy?
Songs and Musics,What song do you skip every time it comes on?
Songs and Musics,What song do you think has a bad instrumental?
Songs and Musics,What song do you think has a bad melody?
Songs and Musics,What song do you think has a terrible chorus?
Songs and Musics,What song do you think has no meaning?
Songs and Musics,What song do you think has the worst lyrics?
Songs and Musics,What song do you think is overproduced?
Songs and Musics,What song do you think is played too much on the radio?
Songs and Musics,What song do you think is poorly mixed?
Songs and Musics,What song do you think is too abstract?
Songs and Musics,What song do you think is too acoustic?
Songs and Musics,What song do you think is too aggressive?
Songs and Musics,What song do you think is too commercial?
Songs and Musics,What song do you think is too depressing?
Songs and Musics,What song do you think is too electronic?
Songs and Musics,What song do you think is too emotional?
Songs and Musics,What song do you think is too fast?
Songs and Musics,What song do you think is too happy?
Songs and Musics,What song do you think is too long?
Songs and Musics,What song do you think is too loud?
Songs and Musics,What song do you think is too mainstream?
Songs and Musics,What song do you think is too melodramatic?
Songs and Musics,What song do you think is too nostalgic?
Songs and Musics,What song do you think is too political?
Songs and Musics,What song do you think is too repetitive?
Songs and Musics,What song do you think is too sad?
Songs and Musics,What song do you think is too simple?
Songs and Musics,What song do you think is too slow?
Songs and Musics,What song do you think is too theatrical?
Songs and Musics,What song do you think is too trendy?
Songs and Musics,What song has lyrics you can't stand?
Songs and Musics,What song reminds you of a bad date?
Songs and Musics,What song reminds you of a bad relationship?
Songs and Musics,What song reminds you of a bad vacation?
Songs and Musics,What song reminds you of a boring party?
Songs and Musics,What song reminds you of a breakup?
Songs and Musics,What song reminds you of a difficult period?
Songs and Musics,What song reminds you of a difficult time?
Songs and Musics,What song reminds you of a sad event?
Songs and Musics,What song reminds you of a stressful time?
Songs and Musics,What song's popularity do you not understand?
Songs and Musics,Which album cover do you find unattractive?
Songs and Musics,Which album do you regret buying?
Songs and Musics,Which album do you think has bad cover art?
Songs and Musics,Which album do you think has too many filler tracks?
Songs and Musics,Which album do you think is forgettable?
Songs and Musics,Which album do you think is overpraised?
Songs and Musics,Which album do you think is overrated?
Songs and Musics,Which album do you think is too experimental?
Songs and Musics,Which album do you think is too long?
Songs and Musics,Which album do you think was a letdown?
Songs and Musics,Which album was the biggest disappointment for you?
Songs and Musics,Which artist do you think is too controversial?
Songs and Musics,Which artist do you think is too gimmicky?
Songs and Musics,Which artist's fanbase do you find annoying?
Songs and Musics,Which artist's fashion style do you not like?
Songs and Musics,Which artist's interviews do you find dull?
Songs and Musics,Which artist's live performance disappointed you?
Songs and Musics,Which artist's music style do you find dated?
Songs and Musics,Which artist's remixes do you dislike?
Songs and Musics,Which artist's social media do you find annoying?
Songs and Musics,Which artist's stage persona do you find fake?
Songs and Musics,Which band's fanbase do you find overly critical?
Songs and Musics,Which band's latest album disappointed you?
Songs and Musics,Which band's logo do you dislike?
Songs and Musics,Which band's lyrics do you find pretentious?
Songs and Musics,Which band's lyrics do you find shallow?
Songs and Musics,Which band's merchandise do you dislike?
Songs and Musics,Which band's music do you not enjoy?
Songs and Musics,Which band's music videos do you find weird?
Songs and Musics,Which band's name do you find silly?
Songs and Musics,Which band's reunion do you not care about?
Songs and Musics,Which music genre do you dislike the most?
Songs and Musics,Which music trend do you wish would go away?
Songs and Musics,Which music video do you find cringeworthy?
Songs and Musics,Which music video do you find strange?
Songs and Musics,Which singer do you think has a fake persona?
Songs and Musics,Which singer do you think is overexposed?
Songs and Musics,Which singer do you think is overhyped?
Songs and Musics,Which singer has a voice you don't enjoy?
Songs and Musics,Which singer's autobiography do you not want to read?
Songs and Musics,Which singer's collaborations do you dislike?
Songs and Musics,Which singer's interviews do you find annoying?
Songs and Musics,Which singer's live vocals do you dislike?
Songs and Musics,Which singer's music videos do you find boring?
Songs and Musics,Which singer's personality do you dislike?
Songs and Musics,Which singer's public behavior do you dislike?
Songs and Musics,Which singer's style do you not like?
Songs and Musics,Which singer's voice do you find grating?
Songs and Musics,Which song do you think is overrated?
Songs and Musics,Which song gets stuck in your head in the worst way?
Songs and Musics,Which song reminds you of a bad memory?
This or That,"Save as you go, or save at the end?"
This or That,A store where every item is free or a restaurant where every dish is calorie free?
This or That,Action movies or comedies?
This or That,Action movies or romantic comedies?
This or That,Action-packed adventure or cozy night in?
This or That,Adaptations of books or video games?
This or That,Adventure or relaxation?
This or That,Adventure sports or relaxation?
This or That,Adventure-filled detours or sticking to the planned route?
This or That,Air guitar or air drums?
This or That,Alfred Hitchcock or Stanley Kubrick?
This or That,Ambition or comfort?
This or That,Android or iPhone?
This or That,Angry client or angry coworker?
This or That,Animals or people?
This or That,Animated films or live-action movies?
This or That,Animated or live-action?
This or That,Apathy or obsession?
This or That,Apple juice or orange juice?
This or That,Apple or Android?
This or That,Arrive early or arrive late?
This or That,Art gallery opening or indie music festival?
This or That,Art museum or history museum?
This or That,Art projects or science projects?
This or That,Attend a party or host a party?
This or That,Audiobook or physical book?
This or That,Avocado toast or eggs benedict?
This or That,Babies dressed as animals or animals dressed as humans?
This or That,Backpacking or luxury?
This or That,Backpacking through Europe or island hopping in Asia?
This or That,Bad breath or body odor?
This or That,Bad haircut or bad dye job?
This or That,Bar soap or body wash?
This or That,Barbecue or picnic?
This or That,Bargain or top-shelf?
This or That,Bath or shower?
This or That,Batman or Superman?
This or That,Be embarrassed or be afraid?
This or That,Beach day or pool day?
This or That,Beach hammock or mountain cabin?
This or That,Beach or mountains?
This or That,Beach or pool?
This or That,Beach vacation or mountain retreat?
This or That,Beach workout or mountain hike?
This or That,Being famous or being wealthy?
This or That,Being too hot or being too cold?
This or That,Best Picture winners or cult classics?
This or That,Big city or small town?
This or That,Big class or small class?
This or That,Big company or small company?
This or That,Big family or small family?
This or That,Big wedding or small wedding?
This or That,Bike ride or nature walk?
This or That,Biking or hiking?
This or That,Binge-watching a series or watching one episode per day?
This or That,Biographies or autobiographies?
This or That,Blanket fort or cardboard box fort?
This or That,Blue or green?
This or That,Board game or video game tournament?
This or That,Board games or card games?
This or That,Board games or video games?
This or That,Boat cruise or hiking trail?
This or That,Bodyweight exercises or free weights?
This or That,Book club or solo reading?
This or That,Book smarts or street smarts?
This or That,Books or e-books?
This or That,Books or movies?
This or That,Boxers or briefs?
This or That,Brand name or generic?
This or That,Breakfast in bed or dinner out?
This or That,Breakfast or dinner?
This or That,Bruschetta or caprese salad?
This or That,Brush your teeth with mustard or wash your hair with mayonnaise?
This or That,Bucket-list destinations or hidden gems?
This or That,Buddy cop comedies or heist movies?
This or That,Bungee jumping or skydiving?
This or That,Burgers or hot dogs?
This or That,Burgers or hotdogs?
This or That,Buying books or borrowing from the library?
This or That,Cake or cupcakes?
This or That,Cake or pie?
This or That,Call first thing in the morning or call in the middle of the night?
This or That,Call of Duty or Battlefield?
This or That,Call or text?
This or That,Calling or texting?
This or That,Camping or glamping?
This or That,Camping or hotel stays?
This or That,Camping or hotel?
This or That,Camping or road trip?
This or That,Camping or staying in a hotel?
This or That,Camping under the stars or cozy cabins?
This or That,Cannoli or tiramisu?
This or That,Car or bike?
This or That,Cardio or strength training?
This or That,Carry-on or suitcase?
This or That,Cash or credit?
This or That,Casual gaming or competitive esports?
This or That,Cats or birds?
This or That,Cats or dogs?
This or That,Cheerleader or mascot?
This or That,Cheese-scented soap or soap-scented cheese?
This or That,Chemistry or biology?
This or That,Cherished or respected?
This or That,Chicken tikka masala or butter chicken?
This or That,Chicken wings or chicken satay?
This or That,Childhood favorites or recent discoveries?
This or That,Chips or pretzels?
This or That,Chocolate or vanilla?
This or That,Christmas or your birthday?
This or That,City life or country life?
This or That,City or countryside?
This or That,City trips or rural retreats?
This or That,Classic games or new releases?
This or That,Classic novels or contemporary fiction?
This or That,Classic or modern?
This or That,Classical art or modern art?
This or That,Classical music or jazz?
This or That,Clean a litter box or walk a dog?
This or That,Clean as you cook or clean up at the end?
This or That,Clothes on the floor or clothes in the hamper?
This or That,Clue or Monopoly?
This or That,Clutter in the closet or clutter under the bed?
This or That,Coffee date or cocktail date?
This or That,Coffee or energy drinks?
This or That,Coffee or tea?
This or That,College or high school?
This or That,Comedian in serious film or serious actor in comedy film?
This or That,Comedic parodies or slapstick comedies?
This or That,Comedy club or live concert?
This or That,Comedy or drama?
This or That,Comedy or horror?
This or That,Comedy show or drama series?
This or That,Company retreat or company holiday party?
This or That,Competitive or casual?
This or That,Concert or sports game?
This or That,Concert or theater play?
This or That,Convertible or SUV?
This or That,Cook at home or dine out?
This or That,Cookies or brownies?
This or That,Cooking or baking?
This or That,Cooking or being cooked for?
This or That,Cooking or ordering takeout?
This or That,Couch potato or fitness fiend?
This or That,Croissants or bagels?
This or That,Croquettes or empanadas?
This or That,Cross-country skiing or downhill skiing?
This or That,CrossFit or bodybuilding?
This or That,Crossword puzzles or Sudoku?
This or That,Crunchy peanut butter or smooth peanut butter?
This or That,Crème brûlée or chocolate fondue?
This or That,Cult classics or underrated gems?
This or That,Curry or stir-fry?
This or That,Dancing or singing?
This or That,Day or night?
This or That,Deadlifts or squats?
This or That,Deep talks or light-hearted banter?
This or That,Desks or tables?
This or That,Digital downloads or physical copies?
This or That,Dim sum or tapas?
This or That,Dine in or order delivery?
This or That,Director’s cuts or theatrical releases?
This or That,Dirty bathroom or dirty kitchen?
This or That,Disney or Pixar?
This or That,Disneyworld or Legoland?
This or That,Documentaries or biopics?
This or That,Dogs or cats?
This or That,Dragons or unicorns?
This or That,Dreamcatcher or fortune teller?
This or That,Drink milk from a shoe or eat cereal with water?
This or That,Drive to school or take the bus?
This or That,Driver or passenger?
This or That,Driving fast or driving slow?
This or That,E-book or audiobook?
This or That,E-reader or physical book?
This or That,Early bird or night owl?
This or That,Early riser or night owl?
This or That,Eat spaghetti with chopsticks or soup with a fork?
This or That,Education or experience?
This or That,Eggs or pancakes?
This or That,Emails or conversations?
This or That,English or Math?
This or That,Espresso or drip coffee?
This or That,Expensive gift or homemade gift?
This or That,Facebook or Instagram?
This or That,Facebook or Twitter?
This or That,Fainting or spit take?
This or That,Falafel or hummus?
This or That,False hope or unnecessary anxiety?
This or That,Family or friends?
This or That,Fantasy or sci-fi?
This or That,Farming sim or horror game?
This or That,Fast food or health food?
This or That,Fast food or home-cooked meals?
This or That,Fast food or homemade food?
This or That,Fast-paced or slow-paced?
This or That,Fiction or non-fiction?
This or That,Fiction or nonfiction?
This or That,Field trips or field days?
This or That,First or third person?
This or That,Fishing or hunting?
This or That,Flip-flops or sandals?
This or That,Floating house or underwater hotel?
This or That,Flying or turning invisible?
This or That,Foam rolling or stretching?
This or That,Food truck or restaurant?
This or That,Foodie tour or outdoor?
This or That,Foodie tour or wine tasting?
This or That,Football game or basketball game?
This or That,Football or basketball?
This or That,Football or soccer?
This or That,Forget your pencil or forget a notebook?
This or That,Free lunch or free dessert?
This or That,Free travel for one year or free lodging for five years?
This or That,French fries or onion rings?
This or That,French fries or sweet potato fries?
This or That,Friends or solo?
This or That,Fries or onion rings?
This or That,Frisbee or kite flying?
This or That,Fruits or vegetables?
This or That,Funny movie or dramatic movie?
This or That,Funny story or one-liner?
This or That,Gaming marathons or short gaming sessions?
This or That,Gardening or cooking?
This or That,Gardening or fishing?
This or That,Gas station or rest area?
This or That,Gelato or sorbet?
This or That,Geometry or algebra?
This or That,Getting up early or staying up late?
This or That,Giant library filled with every book ever written or virtual reality library with infinite knowledge?
This or That,Giant robot battle or dragon duel?
This or That,Girl friends or guy friends?
This or That,Give a ride or hitch a ride?
This or That,Glass half full or glass half empty?
This or That,Glitter perfume or glue deodorant?
This or That,Going to a party or hosting a party?
This or That,Gold or silver?
This or That,Grand Canyon or Yellowstone National Park?
This or That,Graphic novels or manga?
This or That,Grilled cheese or PB&J?
This or That,Grilled cheese or quesadillas?
This or That,Group feedback or one on one feedback?
This or That,Group fitness class or personal training?
This or That,Group hangout or one-on-one hangout?
This or That,Group work or solo work?
This or That,Growth or security?
This or That,Guacamole or salsa?
This or That,Guided tour or self-guided exploration?
This or That,Guitar or piano?
This or That,Gummy bear pillow or pudding mattress?
This or That,Gym or Art?
This or That,Gym or home workout?
This or That,Gym or home workouts?
This or That,Gyoza or spring rolls?
This or That,HIIT or circuit training?
This or That,Halloween or Christmas?
This or That,Hamburgers or hot dogs?
This or That,Hand soap or hand sanitizer?
This or That,Handheld or VR gaming?
This or That,Handwriting or typing?
This or That,Handwritten notes or emails?
This or That,Hang out with little kids or old folks?
This or That,Happy endings or sad endings?
This or That,Hardcover or paperback?
This or That,Harry Potter or The Lord of the Rings?
This or That,Hat made of feathers or shoes made of bubble wrap?
This or That,Have a pet spider or a pet cockroach?
This or That,Have a tail like a squirrel or wings like a bat?
This or That,Have spaghetti arms or jelly legs?
This or That,Hero or antihero?
This or That,High graphics or retro style?
This or That,High heels or sneakers?
This or That,Hiking or rock climbing?
This or That,Historical fiction or science fiction?
This or That,Historical landmarks or modern attractions?
This or That,History or science?
This or That,Holiday movie marathon or baking cookies?
This or That,Hollywood or international movies?
This or That,Home school or classroom learning?
This or That,Homemade dinner or takeout?
This or That,Homework or classwork?
This or That,Horror movies or comedies?
This or That,Horror movies or romance movies?
This or That,Horror or thriller?
This or That,Hot chocolate or coffee?
This or That,Hot coffee or iced coffee?
This or That,Hot dog or hamburger?
This or That,Hot or cold?
This or That,Hot sauce toothpaste or pickle juice face wash?
This or That,Hot weather or cold weather?
This or That,I Spy or 20 Questions?
This or That,Ice cream cone or ice cream cup?
This or That,Ice cream cone or milkshake?
This or That,Ice cream or cake?
This or That,Ice cream or frozen yogurt?
This or That,Ice cream or popsicles?
This or That,Ice cream sundaes or pie?
This or That,Ice skating or rollerblading?
This or That,Iconic directors or talented actors?
This or That,Indie or AAA?
This or That,Indoor gym or outdoor workout?
This or That,Indoor party or outdoor barbecue?
This or That,Instagram famous or infomercial famous?
This or That,Instagram or Snapchat?
This or That,Instagram or Twitter?
This or That,Instant coffee or brewed coffee?
This or That,Intense pain for ten minutes or dull pain for one day?
This or That,Interviewer or interviewee?
This or That,Introvert or extrovert?
This or That,Invisible cloak or invincibility shield?
This or That,Jeans or sweatpants?
This or That,Jurassic Park or Jaws?
This or That,Karaoke night or family band jam session?
This or That,Ketchup or mustard?
This or That,Ketchup or ranch?
This or That,Keyboard and mouse or controller?
This or That,Lake or ocean?
This or That,Laptop or desktop?
This or That,Laundry or dishes?
This or That,Leader or follower?
This or That,Letter or emails?
This or That,Library or bookstore?
This or That,Lick a frog or hug a snake?
This or That,Lions or tigers?
This or That,Literary fiction or genre fiction?
This or That,Literary magazines or online blogs?
This or That,Live at a movie theater or a mall?
This or That,Live sports or watching on TV?
This or That,Load the dishwasher or unload the dishwasher?
This or That,Lobster or crab?
This or That,Local cuisine or international dishes?
This or That,Logic or emotion?
This or That,Long campaigns or short stories?
This or That,Long hair or short hair?
This or That,Long or short trips?
This or That,Long walks or short runs?
This or That,Looks or personality?
This or That,Loose guidelines or clear directions?
This or That,Lose sleep or skip a meal?
This or That,Loud neighbors or nosey neighbors?
This or That,Loud or quiet?
This or That,Mac or PC?
This or That,Macarons or cupcakes?
This or That,Making slime or painting rocks?
This or That,Maps or GPS?
This or That,Marathon or triathlon?
This or That,Margaritas or mojitos?
This or That,Margherita pizza or pepperoni pizza?
This or That,Mario or Sonic?
This or That,Marshmallow pillows or spaghetti blankets?
This or That,Marvel or DC?
This or That,Mascara or lipstick?
This or That,Massive success by accident or modest success on purpose?
This or That,Meditation or adrenaline sports?
This or That,Messy desk or clean desk?
This or That,Messy locker or tidy locker?
This or That,Messy or tidy?
This or That,Mind-reading ability or shape-shifting powers?
This or That,Minecraft or Fortnite?
This or That,Misquoted movies or mistaken lyrics?
This or That,Misunderstood after death or forgotten after death?
This or That,Mobile gaming or console gaming?
This or That,Mockumentaries or found-footage horror films?
This or That,Money or love?
This or That,Moon colony or Mars colony?
This or That,Morning or night?
This or That,Morning person or night owl?
This or That,Morning workout or evening workout?
This or That,Mountain roads or coastal drives?
This or That,Movie theater or streaming?
This or That,Movies at home or theater?
This or That,Movies that make you laugh or cry?
This or That,Mowing the yard or weeding the garden?
This or That,Muddy floor or dusty floor?
This or That,Multiple choice or essay?
This or That,Museum visit or nature hike?
This or That,Museums or amusement parks?
This or That,Music festivals or food festivals?
This or That,Music playlist or podcasts?
This or That,Mystery or fantasy?
This or That,National parks or cozy B&Bs?
This or That,Naughty Dog or Rockstar Games?
This or That,Netflix binge or reading marathon?
This or That,Netflix or HBO?
This or That,Netflix or Hulu?
This or That,Netflix or YouTube?
This or That,Night or morning?
This or That,Night out or night in?
This or That,Ninjas or pirates?
This or That,Nintendo Switch or PC?
This or That,No company or bad company?
This or That,No homework or no bedtime?
This or That,Ocean or lake?
This or That,Off the beaten path or touristy?
This or That,Old Hollywood or New Hollywood?
This or That,One mile or 5k?
This or That,Online multiplayer or local co-op?
This or That,Online shopping or in-store shopping?
This or That,Online shopping or mall shopping?
This or That,Outer space or the bottom of the sea?
This or That,Overly optimistic or overly pessimistic?
This or That,Owe money or owe a favor?
This or That,PC or console?
This or That,Painful truth or comforting lie?
This or That,Painting or drawing?
This or That,Painting or sculpture?
This or That,Pancakes or waffles?
This or That,Pandas or koalas?
This or That,Paper map or GPS navigation?
This or That,Paris or Rome?
This or That,Passenger or driver?
This or That,Passion or stability?
This or That,Passwords or secret handshakes?
This or That,Pasta or pizza?
This or That,Pasta or rice?
This or That,Patterned or plain?
This or That,Pause time or rewind time?
This or That,Paypal or Venmo?
This or That,Peanut butter on pizza or ketchup on ice cream?
This or That,Peking duck or Korean BBQ?
This or That,Pen or pencil?
This or That,Pep talk or motivational quote?
This or That,Pepsi or Coca-Cola?
This or That,Pet cat-sized dinosaur or mouse-sized elephant?
This or That,Phone in bathroom or no phone in bathroom?
This or That,Photography or journaling?
This or That,Photography stops or driving straight through?
This or That,Photos or videos?
This or That,Physical planners or digital planners?
This or That,Physical work or mental work?
This or That,Picnic at the park or in the backyard?
This or That,Picnic in the park or dinner at a fancy restaurant?
This or That,Pig nose or rabbit ears?
This or That,Pineapple pizza or candy corn?
This or That,Pizza night or taco night?
This or That,Pizza or Chinese food?
This or That,Pizza or burgers?
This or That,Pizza or pasta?
This or That,Pizza or tacos?
This or That,Pizza party or pool party?
This or That,Plane or train?
This or That,Plane travel or road trip?
This or That,Planks or mountain climbers?
This or That,Planning or winging it?
This or That,Plans or surprises?
This or That,Platformers or puzzle games?
This or That,Play or standup show?
This or That,Playing catch or kicking a soccer ball?
This or That,Playing sports together or going for walks?
This or That,Poem or story?
This or That,Poetry or prose?
This or That,Pool or beach?
This or That,Poor and happy or rich and miserable?
This or That,Pop music or rock music?
This or That,Popcorn or candy?
This or That,Popcorn or chips?
This or That,Popcorn or fruit salad?
This or That,Postcards or local crafts?
This or That,Potion brewing or spell casting?
This or That,Poutine or nachos?
This or That,Predictability or excitement?
This or That,Private office or reserved parking spot?
This or That,Prom or homecoming?
This or That,Protagonist or sidekick?
This or That,Protein shake or pre-workout drink?
This or That,Public transportation or rental car?
This or That,Puppies or kittens?
This or That,Push-ups or sit-ups?
This or That,Puzzle games or strategy games?
This or That,Puzzle night or trivia night?
This or That,Quentin Tarantino or Christopher Nolan?
This or That,R&B or hip-hop?
This or That,Racing or sports?
This or That,Rain or snow?
This or That,Raise or bonus?
This or That,Rake or shovel?
This or That,Ramen or pho?
This or That,Reading a book or listening to an audiobook?
This or That,Reading a book or watching a movie?
This or That,Reading at home or in a cozy cafe?
This or That,Reading in bed or on the couch?
This or That,Reading in silence or listening to music?
This or That,Reading in the morning or at night?
This or That,Reading indoors or outdoors?
This or That,Reading one book at a time or multiple books at once?
This or That,Reading or writing?
This or That,Reading the book before watching the movie adaptation or vice versa?
This or That,Reality TV or scripted TV?
This or That,Reality TV or scripted shows?
This or That,Reality shows or documentaries?
This or That,Recent history or ancient history?
This or That,Recess or lunch?
This or That,Red wine or white wine?
This or That,Regional delicacies or familiar foods?
This or That,Regret or doubt?
This or That,Rekindled friendship or rekindled romance?
This or That,Renting a movie or going to the theater?
This or That,Renting or owning a home?
This or That,Rereading favorites or finding new stories?
This or That,Rest day or active recovery?
This or That,Rich and famous or rich and unknown?
This or That,Risotto or paella?
This or That,Road trip or plane ride?
This or That,Road trip or plane trip?
This or That,Road trip or train?
This or That,Road trip-themed playlists or shuffle all?
This or That,Roadside attractions or historical landmarks?
This or That,Roadside diner or packed lunch?
This or That,Robots or dinosaurs?
This or That,Rock or country music?
This or That,Roller coaster or ferris wheel?
This or That,Roller coasters or water slides?
This or That,Romance or thriller?
This or That,Roommates or live alone?
This or That,Ruins or cities?
This or That,Running on a treadmill or outdoor trail running?
This or That,Running or cycling?
This or That,Running or walking?
This or That,Salad or sandwich?
This or That,Salary or hourly?
This or That,Sandals or sneakers?
This or That,Sandwich with chocolate sauce or salad with jelly beans?
This or That,Sandwiches with crusts or no crusts?
This or That,Sauce on the side or sauce on top?
This or That,Save 100 strangers or one loved one?
This or That,Scenic route or highway?
This or That,Sci-fi or fantasy?
This or That,Science or History?
This or That,Second chance at love or second chance for your career?
This or That,See the future or change the past?
This or That,Series or standalone novels?
This or That,Share food or don’t share food?
This or That,Sharks or dolphins?
This or That,Shooter or RPG?
This or That,Shopping for clothes or electronics?
This or That,Shopping online or in-store?
This or That,Shopping online or shopping in-store?
This or That,Shopping spree or saving money?
This or That,Shopping spree or saving spree?
This or That,Short stories or novels?
This or That,Show or tell?
This or That,Shower in jelly or bathe in soda?
This or That,Showers or baths?
This or That,Sight or sound?
This or That,Silly hats or silly socks?
This or That,Singing in the shower or singing in the car?
This or That,Singing or dancing?
This or That,Single or multiple points of view?
This or That,Skiing or snowboarding?
This or That,Skill or popularity?
This or That,Sleeping with the bedroom door closed or open?
This or That,Smartest person in the world or richest person in the world?
This or That,Smartphone app or traditional map?
This or That,Smartphone or tablet?
This or That,Smoothies or milkshakes?
This or That,Snack stash or stationary stash?
This or That,Sneakers or boots?
This or That,Sneakers or dress shoes?
This or That,Sneakers or sandals?
This or That,Sneeze confetti or hiccup bubbles?
This or That,Sneezing or coughing?
This or That,Social media message or text message?
This or That,Social media or no social media?
This or That,Sock puppet gloves or noodle scarf?
This or That,Solo or multiplayer?
This or That,Sort by price or by rating?
This or That,Soup for breakfast or cereal for dinner?
This or That,Souvenirs or postcards?
This or That,Speak in whispers or sing everything you say?
This or That,Speed or accuracy?
This or That,Speeding ticket or parking ticket?
This or That,Spelling bee or math bee?
This or That,Spending time with lifelong friends or meeting new travel buddies?
This or That,Spicy food or mild food?
This or That,Split the bill or take turns paying?
This or That,Sponge or paper towel?
This or That,Sports or dance workouts?
This or That,Spotify or Apple Music?
This or That,Squats or lunges?
This or That,Star Wars or Star Trek?
This or That,Star-gazing or cloud-watching?
This or That,Start assignments immediately or wait until the last minute?
This or That,Start work late or leave work early?
This or That,Startup or established business?
This or That,Staying in or going out?
This or That,Staying up late or waking up early?
This or That,Steak or salmon?
This or That,Steven Spielberg or Martin Scorsese?
This or That,Sticky hands or slimy feet?
This or That,Store-bought or homemade?
This or That,Story-driven or open-world?
This or That,Storytelling or crafting?
This or That,Strategy or action?
This or That,Street art or museum galleries?
This or That,Street food or fine dining?
This or That,Street market or shopping mall?
This or That,Subtly stained clothes or obviously wrinkled clothes?
This or That,Success or happiness?
This or That,Suit or casual?
This or That,Sun or moon?
This or That,Sunbathing or swimming?
This or That,Sunrise hike or evening stroll?
This or That,Sunrise or sunset driving?
This or That,Sunrise or sunset?
This or That,Super Bowl or World Series?
This or That,Super Mario or The Legend of Zelda?
This or That,Superman or Batman?
This or That,Sushi or pizza?
This or That,Sushi or tacos?
This or That,Sweating or shivering?
This or That,Sweeping or vacuuming?
This or That,Sweet or salty?
This or That,Sweet or savory breakfast?
This or That,Sweet or savory snacks?
This or That,Sweet or savory?
This or That,Sweet or sour?
This or That,Swimming or building sand castles?
This or That,Swimming or rowing?
This or That,Swimming or running?
This or That,TV or movies?
This or That,Tacos or burritos?
This or That,Take a friend on your family vacation or join a friend on their family vacation?
This or That,Taking a nap or staying awake?
This or That,Talking or listening?
This or That,Talking pets or talking babies?
This or That,Tandoori chicken or shawarma?
This or That,Tattoos or no tattoos?
This or That,Tattoos or piercings?
This or That,Tea or hot chocolate while reading?
This or That,Teacher reads your text message aloud or teacher tells the whole class your grade?
This or That,Team building after work or team building on the weekend?
This or That,Telekinesis or telepathy?
This or That,Tennis or basketball?
This or That,Tent or camper?
This or That,Test the waters or dive in the deep end?
This or That,Text message or phone call?
This or That,Theater or movies?
This or That,Theme park or water park?
This or That,Thrillers or dramas?
This or That,Tie-dye shirts or friendship bracelets?
This or That,Time machine or magic wand?
This or That,Time travel or space exploration?
This or That,Time travel to the past or future?
This or That,Tiramisu or cheesecake?
This or That,Toilet paper over or under?
This or That,Toothpaste-flavored ice cream or ice cream-flavored toothpaste?
This or That,Toys or candy?
This or That,Train or airplane?
This or That,Trampoline for a bed or slide for stairs?
This or That,Travel guidebook or online research?
This or That,Traveling alone or with a group?
This or That,Traveling alone or with friends?
This or That,Treadmill or elliptical?
This or That,Tree swing or hammock?
This or That,Treehouse or underground bunker?
This or That,Truffle fries or sweet potato fries?
This or That,Twist endings or predictable plots?
This or That,Type in emojis or another language?
This or That,USB backup or Cloud storage?
This or That,Underestimated or overestimated?
This or That,Urban exploration or nature retreat?
This or That,Vacation or staycation?
This or That,Vegetarian or meat-eating?
This or That,Video meetings or in-person meetings?
This or That,Villains or heroes?
This or That,Visual learner or verbal learner?
This or That,Voice chat or text chat?
This or That,Volcano or mountain?
This or That,Waffles or crepes?
This or That,Walk backward or hop on one foot all day?
This or That,Walk on stilts or ride a unicycle?
This or That,Walk slow or walk fast?
This or That,Walking or cycling?
This or That,Walking or jogging?
This or That,Wall sit or plank?
This or That,Wanderlust or travel itinerary?
This or That,Wash dishes immediately or wait until the sink is full?
This or That,Watch sports or play sports?
This or That,Watching TV or listening to music?
This or That,Watching a play or a concert?
This or That,Watching sports or playing sports?
This or That,Wear socks on your ears or gloves on your feet?
This or That,Weekends or holidays?
This or That,Westerns or gangster films?
This or That,Wildlife safari or whale watching?
This or That,Win a race or win a debate?
This or That,Win the lottery or land your dream job?
This or That,Window seat or aisle seat?
This or That,Wine or beer?
This or That,Winning the lottery or finding your perfect job?
This or That,Winning the lottery or finding your soulmate?
This or That,Winter or summer?
This or That,Words or actions?
This or That,Work from the office or work from home?
This or That,Working from home or in an office?
This or That,Working from home or office?
This or That,Working hard or hardly working?
This or That,Xbox or PlayStation?
This or That,Yoga or Pilates?
This or That,Young adult fiction or adult fiction?
This or That,Zombies or vampires?
This or That,Zoo or amusement park?
This or That,Zoo or aquarium?
This or That,iPad or tablet?
Travel & Places,If you could live in any city in the world for a year, where would it be?
Travel & Places,If you could visit any country, which would you choose?
Travel & Places,Name a big city in the United States.
Travel & Places,Name a city famous for its nightlife.
Travel & Places,Name a city known for its street food.
Travel & Places,Name a city with an iconic skyline.
Travel & Places,Name a city with rich history you'd like to explore.
Travel & Places,Name a city you want to visit.
Travel & Places,Name a city you’d love to live in.
Travel & Places,Name a country famous for its beer.
Travel & Places,Name a country in Europe.
Travel & Places,Name a country in Southeast Asia.
Travel & Places,Name a country known for its ancient ruins.
Travel & Places,Name a country known for its food.
Travel & Places,Name a country known for its hospitality.
Travel & Places,Name a country known for its safari.
Travel & Places,Name a country known for its wine.
Travel & Places,Name a country that speaks Spanish?
Travel & Places,Name a country with amazing landscapes.
Travel & Places,Name a country you would move to if you had to leave yours.
Travel & Places,Name a country you'd recommend to a first-time traveler.
Travel & Places,Name a country you’d like to learn more about.
Travel & Places,Name a famous beach destination.
Travel & Places,Name a famous bridge.
Travel & Places,Name a famous castle you'd like to visit.
Travel & Places,Name a famous desert.
Travel & Places,Name a famous landmark people visit in Paris.
Travel & Places,Name a famous landmark you’d like to see.
Travel & Places,Name a famous landmark you’ve visited.
Travel & Places,Name a famous mountain people like to climb.
Travel & Places,Name a famous national park.
Travel & Places,Name a famous river people cruise on.
Travel & Places,Name a famous train journey.
Travel & Places,Name a famous volcano you'd like to see.
Travel & Places,Name a famous waterfall.
Travel & Places,Name a historical landmark you'd like to visit.
Travel & Places,Name a language useful to know when traveling.
Travel & Places,Name a place you’d like to visit before you die.
Travel & Places,Name a popular Vacation destination
Travel & Places,Name a popular tourist city in Asia.
Travel & Places,Name a tropical island destination.
Travel & Places,Name a world wonder.
Travel & Places,Name a world-famous museum.
Travel & Places,Name something you always do on the first day of a trip.
Travel & Places,Name something you do to pass time on a long flight.
Travel & Places,What country would you go to for a honeymoon?
Travel & Places,What is the most English country that isn't England?
Travel & Places,What is the most beautiful country in the world?
Travel & Places,What is the most underrated travel destination?
Travel & Places,What is the most visited city in the world?
Travel & Places,What's the best airline in the world?
Travel & Places,What's the best thing about backpacking?
Travel & Places,What's the best thing about staying in a hotel?
Travel & Places,What's the best thing about traveling solo?
Travel & Places,What's the best thing about traveling with friends?
Travel & Places,What's the best travel hack you know?
Travel & Places,What's the most stressful part of air travel?
Travel & Places,What's the scariest thing about traveling?
Travel & Places,What's the worst travel experience you've heard of?
Travel & Places,What's your favorite thing about city life?
Travel & Places,What's your favorite thing about the countryside?
Travel & Places,What’s a travel experience that you would never want to repeat?
Travel & Places,What’s the best city to live in?
Travel & Places,What’s the best genre of books to read on vacation?
Travel & Places,What’s the best mode of transport?
Travel & Places,What’s the best place to go on vacation?
Travel & Places,What’s the best place to see in your city?
Travel & Places,What’s the best thing about a road trip?
Travel & Places,What’s the best thing to do on a road trip?
Travel & Places,What’s the best travel advice you’ve ever received?
Travel & Places,What’s the best type of vacation?
Travel & Places,What’s the best way to start a vacation?
Travel & Places,What’s the best way to travel?
Travel & Places,What’s the first thing you pack when preparing for a trip?
Travel & Places,What’s the most iconic landmark?
Travel & Places,What’s the most memorable souvenir you’ve ever brought back from a trip?
Travel & Places,What’s the worst thing to forget when traveling?
Travel & Places,What’s your favorite mode of transportation when traveling?
Travel & Places,What’s your favorite travel destination and why?
Travel & Places,Which city has the best public transport?
Travel & Places,Which city is known for its architecture?
Travel & Places,Which city is known for its fashion?
Travel & Places,Which country do you think has the friendliest people?
Travel & Places,Which country has the best beaches?
Travel & Places,Which country has the best public transport?
Travel & Places,Which country has the most beautiful coastline?
Travel & Places,Which country is the safest to travel alone?
Travel & Places,Which historical site would you most like to visit?
Travel & Places,Which is the best holiday destination?
Travel & Places,Which is the most beautiful city you’ve visited?
Travel & Places,Which is the most educational trip you’ve taken?
Travel & Places,Which is the most impressive mountain you've seen?
Travel & Places,Which is the most overrated tourist attraction?
Travel & Places,Which is the most picturesque countryside you've visited?
Travel & Places,Which is the most romantic city in the world?
Travel & Places,Which is the most scenic route you've traveled?
Travel & Places,Which landmark left you awestruck?
Travel & Places,Which season do you prefer for traveling, and why?
Travel & Places,Which travel destination would you never return to, and why?
Travel & Places,Which travel experience has taught you the most about yourself?
